{
  "connections": {
    "0": [
      "Hilbert",
      "Vertices",
      "List Length",
      "Data"
    ],
    "1": [
      "Frame Info",
      "Current Frame",
      "Formula2",
      "X"
    ],
    "2": [
      "Frame Info",
      "Start Frame",
      "Formula2",
      "n[0]"
    ],
    "3": [
      "Frame Info",
      "End Frame",
      "Formula2",
      "n[1]"
    ],
    "4": [
      "List Length",
      "Length",
      "Line",
      "N\u00ba Vertices"
    ],
    "5": [
      "Formula2",
      "Result",
      "EvaluateLine",
      "Factor"
    ],
    "6": [
      "List Length",
      "Length",
      "Circle",
      "N\u00ba Vertices"
    ],
    "7": [
      "Formula2",
      "Result",
      "EvaluateLine.001",
      "Factor"
    ],
    "8": [
      "EvaluateLine.001",
      "EvPoint",
      "Viewer Draw2",
      "vertices"
    ],
    "9": [
      "Hilbert",
      "Edges",
      "Viewer Draw2",
      "edg_pol"
    ],
    "10": [
      "List Length",
      "Length",
      "Viewer text",
      "edg_pol"
    ],
    "11": [
      "Circle",
      "Vertices",
      "EvaluateLine.001",
      "Vertice A"
    ],
    "12": [
      "EvaluateLine",
      "EvPoint",
      "EvaluateLine.001",
      "Vertice B"
    ],
    "13": [
      "Hilbert",
      "Vertices",
      "Vectors out",
      "Vectors"
    ],
    "14": [
      "Vectors out",
      "Y",
      "Vectors in",
      "Z"
    ],
    "15": [
      "Vectors in",
      "Vectors",
      "EvaluateLine",
      "Vertice B"
    ],
    "16": [
      "Line",
      "Vertices",
      "EvaluateLine",
      "Vertice A"
    ],
    "17": [
      "Vectors out",
      "X",
      "Vectors in",
      "Y"
    ]
  },
  "export_version": "0.04 pre alpha",
  "framed_nodes": {},
  "nodes": {
    "Circle": {
      "bl_idname": "SvCircleNode",
      "color": [
        0.6079999804496765,
        0.6079999804496765,
        0.6079999804496765
      ],
      "height": 100.0,
      "hide": false,
      "label": "",
      "location": [
        785.7964477539062,
        93.60040283203125
      ],
      "params": {
        "degr_": 6.2831854820251465
      },
      "width": 140.0
    },
    "EvaluateLine": {
      "bl_idname": "EvaluateLineNode",
      "color": [
        0.6079999804496765,
        0.6079999804496765,
        0.6079999804496765
      ],
      "height": 100.0,
      "hide": false,
      "label": "",
      "location": [
        632.1398315429688,
        229.648193359375
      ],
      "params": {},
      "width": 140.0
    },
    "EvaluateLine.001": {
      "bl_idname": "EvaluateLineNode",
      "color": [
        0.6079999804496765,
        0.6079999804496765,
        0.6079999804496765
      ],
      "height": 100.0,
      "hide": false,
      "label": "",
      "location": [
        984.880615234375,
        224.96868896484375
      ],
      "params": {},
      "width": 140.0
    },
    "Formula2": {
      "bl_idname": "Formula2Node",
      "color": [
        0.6079999804496765,
        0.6079999804496765,
        0.6079999804496765
      ],
      "height": 100.0,
      "hide": false,
      "label": "",
      "location": [
        285.49462890625,
        487.69189453125
      ],
      "params": {
        "formula": "x/(n[1]-n[0])"
      },
      "width": 140.0
    },
    "Frame Info": {
      "bl_idname": "SvFrameInfoNode",
      "color": [
        0.6079999804496765,
        0.6079999804496765,
        0.6079999804496765
      ],
      "height": 100.0,
      "hide": false,
      "label": "",
      "location": [
        18.38458251953125,
        471.1045227050781
      ],
      "params": {},
      "width": 140.0
    },
    "Hilbert": {
      "bl_idname": "HilbertNode",
      "color": [
        0.6079999804496765,
        0.6079999804496765,
        0.6079999804496765
      ],
      "height": 100.0,
      "hide": false,
      "label": "",
      "location": [
        -472.3293762207031,
        226.24563598632812
      ],
      "params": {
        "level_": 4
      },
      "width": 140.0
    },
    "Line": {
      "bl_idname": "LineNode",
      "color": [
        0.6079999804496765,
        0.6079999804496765,
        0.6079999804496765
      ],
      "height": 100.0,
      "hide": false,
      "label": "",
      "location": [
        82.53486633300781,
        175.7060089111328
      ],
      "params": {
        "step_": 0.10000000149011612
      },
      "width": 140.0
    },
    "List Length": {
      "bl_idname": "ListLengthNode",
      "color": [
        0.6079999804496765,
        0.6079999804496765,
        0.6079999804496765
      ],
      "height": 100.0,
      "hide": false,
      "label": "",
      "location": [
        -225.88983154296875,
        75.19387817382812
      ],
      "params": {},
      "width": 140.0
    },
    "Vectors in": {
      "bl_idname": "GenVectorsNode",
      "color": [
        0.6079999804496765,
        0.6079999804496765,
        0.6079999804496765
      ],
      "height": 100.0,
      "hide": false,
      "label": "",
      "location": [
        -33.717010498046875,
        350.1018981933594
      ],
      "params": {},
      "width": 100.0
    },
    "Vectors out": {
      "bl_idname": "VectorsOutNode",
      "color": [
        0.6079999804496765,
        0.6079999804496765,
        0.6079999804496765
      ],
      "height": 100.0,
      "hide": false,
      "label": "",
      "location": [
        -298.4697265625,
        325.5558166503906
      ],
      "params": {},
      "width": 140.0
    },
    "Viewer Draw2": {
      "bl_idname": "ViewerNode2",
      "color": [
        1.0,
        1.0,
        1.0
      ],
      "height": 100.0,
      "hide": false,
      "label": "",
      "location": [
        1247.0794677734375,
        610.445556640625
      ],
      "params": {
        "bakebuttonshow": 1,
        "display_edges": 1,
        "display_verts": 0,
        "edge_colors": [
          0.7029858827590942,
          0.7854828238487244,
          0.8990001082420349
        ],
        "edge_width": 2,
        "transparant": 0
      },
      "width": 140.0
    },
    "Viewer text": {
      "bl_idname": "ViewerNode_text",
      "color": [
        0.5,
        0.5,
        1.0
      ],
      "height": 100.0,
      "hide": false,
      "label": "",
      "location": [
        56.317726135253906,
        32.157588958740234
      ],
      "params": {},
      "width": 140.0
    }
  },
  "update_lists": [
    [
      "Hilbert",
      "Vertices",
      "Vectors out",
      "Vectors"
    ],
    [
      "Vectors out",
      "X",
      "Vectors in",
      "Y"
    ],
    [
      "Vectors out",
      "Y",
      "Vectors in",
      "Z"
    ],
    [
      "Frame Info",
      "Current Frame",
      "Formula2",
      "X"
    ],
    [
      "Frame Info",
      "Start Frame",
      "Formula2",
      "n[0]"
    ],
    [
      "Frame Info",
      "End Frame",
      "Formula2",
      "n[1]"
    ],
    [
      "Hilbert",
      "Vertices",
      "List Length",
      "Data"
    ],
    [
      "List Length",
      "Length",
      "Circle",
      "N\u00ba Vertices"
    ],
    [
      "List Length",
      "Length",
      "Line",
      "N\u00ba Vertices"
    ],
    [
      "Formula2",
      "Result",
      "EvaluateLine",
      "Factor"
    ],
    [
      "Line",
      "Vertices",
      "EvaluateLine",
      "Vertice A"
    ],
    [
      "Vectors in",
      "Vectors",
      "EvaluateLine",
      "Vertice B"
    ],
    [
      "Formula2",
      "Result",
      "EvaluateLine.001",
      "Factor"
    ],
    [
      "Circle",
      "Vertices",
      "EvaluateLine.001",
      "Vertice A"
    ],
    [
      "EvaluateLine",
      "EvPoint",
      "EvaluateLine.001",
      "Vertice B"
    ],
    [
      "EvaluateLine.001",
      "EvPoint",
      "Viewer Draw2",
      "vertices"
    ],
    [
      "Hilbert",
      "Edges",
      "Viewer Draw2",
      "edg_pol"
    ],
    [
      "List Length",
      "Length",
      "Viewer text",
      "edg_pol"
    ]
  ]
}