{"export_version": "1.0", "main_tree": {"nodes": {"Frame.013": {"attributes": {"location": [-1086.5284423828125, -265.511962890625], "height": 282.0, "width": 795.0}, "bl_idname": "NodeFrame"}, "Frame.012": {"attributes": {"location": [-1300.5377197265625, 20.480682373046875], "height": 272.0, "width": 1021.0}, "bl_idname": "NodeFrame"}, "Frame.010": {"attributes": {"location": [1507.85693359375, -237.37594604492188], "height": 612.0, "width": 634.0, "label": "SVG"}, "bl_idname": "NodeFrame"}, "Frame.011": {"attributes": {"location": [1602.06201171875, 442.91485595703125], "height": 993.9999389648438, "width": 857.0, "label": "ORDER"}, "bl_idname": "NodeFrame"}, "Frame": {"attributes": {"location": [968.5048828125, -404.94354248046875], "height": 343.0, "width": 463.2745361328125, "label": "DIRECTION"}, "bl_idname": "NodeFrame"}, "Frame.001": {"attributes": {"location": [-844.77783203125, -134.0682373046875], "height": 193.0, "width": 237.59368896484375, "label": "MOVE"}, "bl_idname": "NodeFrame"}, "Frame.008": {"attributes": {"location": [-1033.623046875, -89.07398986816406], "height": 408.0, "width": 417.0, "label": "INIT_PLANE"}, "bl_idname": "NodeFrame"}, "Frame.003": {"attributes": {"location": [-865.1383056640625, -293.6481628417969], "height": 599.0, "width": 201.0, "label": "BOUNDARY-ROTATE"}, "bl_idname": "NodeFrame"}, "Frame.006": {"attributes": {"location": [959.80419921875, -189.50311279296875], "height": 235.0, "width": 200.0, "label": "ROTATE"}, "bl_idname": "NodeFrame"}, "Frame.005": {"attributes": {"location": [708.834228515625, -52.55213928222656], "height": 487.0, "width": 200.0, "label": "DIRECTION"}, "bl_idname": "NodeFrame"}, "Frame.014": {"attributes": {"location": [3631.09765625, -8.66241455078125], "height": 601.0, "width": 1247.0, "label": "analyze"}, "bl_idname": "NodeFrame"}, "Frame.002": {"attributes": {"location": [-137.59408569335938, 616.0069580078125], "height": 1164.0, "width": 1218.0, "label": "SNAKE"}, "bl_idname": "NodeFrame"}, "Frame.009": {"attributes": {"location": [920.086669921875, -524.2634887695312], "height": 902.0, "width": 432.0, "label": "OUTPUT PLANE"}, "bl_idname": "NodeFrame"}, "Frame.007": {"attributes": {"location": [934.1083984375, -595.8775024414062], "height": 877.0, "width": 587.0, "label": "BOUNDARY-CLEAN"}, "bl_idname": "NodeFrame"}, "Frame.004": {"attributes": {"location": [722.886962890625, 135.3831329345703], "height": 669.0, "width": 205.0, "label": "ADAPTION"}, "bl_idname": "NodeFrame"}, "A Number.001": {"attributes": {"location": [-1449.9149169921875, -119.052490234375], "label": "A_0", "parent": {"type": "NODE", "value": "Frame.013"}}, "inputs": {"Float": {"bl_idname": "SvStringsSocket", "name": "Float", "properties": {"prop_name": "float_"}}}, "outputs": {"Float": {"bl_idname": "SvStringsSocket", "name": "Float", "properties": {"custom_draw": "mode_custom_draw"}}}, "bl_idname": "SvNumberNode"}, "Switch": {"attributes": {"location": [-1207.6126708984375, -132.61622619628906], "parent": {"type": "NODE", "value": "Frame.013"}}, "inputs": {"State": {"bl_idname": "SvStringsSocket", "name": "State", "properties": {"prop_name": "switch_state"}}, "A_0": {"bl_idname": "SvStringsSocket", "name": "A_0", "properties": {"prop_name": "A_0"}}, "B_0": {"bl_idname": "SvStringsSocket", "name": "B_0", "properties": {"prop_name": "B_0"}}}, "outputs": {"Out_0": {"bl_idname": "SvStringsSocket", "name": "Out_0"}}, "bl_idname": "SvSwitchNodeMK2"}, "Component Analyzer.001": {"attributes": {"location": [-1611.427978515625, -117.37725830078125], "parent": {"type": "NODE", "value": "Frame.013"}}, "properties": {"mode": "Verts", "vertex_mode": "Is_Boundary_"}, "inputs": {"Vertices": {"bl_idname": "SvVerticesSocket", "name": "Vertices", "properties": {"is_mandatory": true}}, "Edges": {"bl_idname": "SvStringsSocket", "name": "Edges", "properties": {"nesting_level": 3, "is_mandatory": true}}, "Faces": {"bl_idname": "SvStringsSocket", "name": "Faces", "properties": {"nesting_level": 3, "is_mandatory": true}}}, "outputs": {"Is Boundary ": {"bl_idname": "SvStringsSocket", "name": "Is Boundary "}, "Faces": {"bl_idname": "SvVerticesSocket", "name": "Faces", "attributes": {"hide": true}}, "Mask": {"bl_idname": "SvVerticesSocket", "name": "Mask", "attributes": {"hide": true}}}, "bl_idname": "SvComponentAnalyzerNode"}, "Scalar Math.001": {"attributes": {"location": [-1015.756591796875, -125.89138793945312], "parent": {"type": "NODE", "value": "Frame.013"}}, "properties": {"y_": 0.00800000037997961}, "inputs": {"x": {"bl_idname": "SvStringsSocket", "name": "x", "properties": {"prop_name": "x_"}}, "y": {"bl_idname": "SvStringsSocket", "name": "y", "properties": {"prop_name": "y_"}}}, "outputs": {"Out": {"bl_idname": "SvStringsSocket", "name": "Out"}}, "bl_idname": "SvScalarMathNodeMK4"}, "A Number.004": {"attributes": {"location": [-1206.6875, -259.5044250488281], "label": "moving multiplier", "parent": {"type": "NODE", "value": "Frame.013"}}, "properties": {"float_": 0.004999999888241291, "draw_3dpanel": true}, "inputs": {"Float": {"bl_idname": "SvStringsSocket", "name": "Float", "properties": {"prop_name": "float_"}}}, "outputs": {"Float": {"bl_idname": "SvStringsSocket", "name": "Float", "properties": {"custom_draw": "mode_custom_draw"}}}, "bl_idname": "SvNumberNode"}, "A Number.002": {"attributes": {"location": [-1451.60693359375, -213.967529296875], "label": "B_0", "parent": {"type": "NODE", "value": "Frame.013"}}, "properties": {"float_": 1.0}, "inputs": {"Float": {"bl_idname": "SvStringsSocket", "name": "Float", "properties": {"prop_name": "float_"}}}, "outputs": {"Float": {"bl_idname": "SvStringsSocket", "name": "Float", "properties": {"custom_draw": "mode_custom_draw"}}}, "bl_idname": "SvNumberNode"}, "Vector in": {"attributes": {"location": [-1010.3303833007812, 150.92572021484375], "width": 100.0, "parent": {"type": "NODE", "value": "Frame.012"}}, "inputs": {"X": {"bl_idname": "SvStringsSocket", "name": "X", "properties": {"prop_name": "x_"}}, "Y": {"bl_idname": "SvStringsSocket", "name": "Y", "properties": {"prop_name": "y_"}}, "Z": {"bl_idname": "SvStringsSocket", "name": "Z", "properties": {"prop_name": "z_"}}}, "outputs": {"Vectors": {"bl_idname": "SvVerticesSocket", "name": "Vectors"}}, "bl_idname": "GenVectorsNode"}, "Vector out": {"attributes": {"location": [-1181.5511474609375, 153.57696533203125], "width": 100.0, "parent": {"type": "NODE", "value": "Frame.012"}}, "inputs": {"Vectors": {"bl_idname": "SvVerticesSocket", "name": "Vectors"}}, "outputs": {"X": {"bl_idname": "SvStringsSocket", "name": "X"}, "Y": {"bl_idname": "SvStringsSocket", "name": "Y"}, "Z": {"bl_idname": "SvStringsSocket", "name": "Z"}}, "bl_idname": "VectorsOutNode"}, "Vector Noise": {"attributes": {"location": [-1349.895263671875, 196.56317138671875], "parent": {"type": "NODE", "value": "Frame.012"}}, "properties": {"noise_type": "VORONOI_F2", "smooth": false, "seed": 3}, "inputs": {"Vertices": {"bl_idname": "SvVerticesSocket", "name": "Vertices"}, "Seed": {"bl_idname": "SvStringsSocket", "name": "Seed", "properties": {"prop_name": "seed"}}, "Noise Matrix": {"bl_idname": "SvMatrixSocket", "name": "Noise Matrix"}}, "outputs": {"Noise V": {"bl_idname": "SvVerticesSocket", "name": "Noise V"}}, "bl_idname": "SvNoiseNodeMK3"}, "Matrix In.002": {"attributes": {"location": [-1520.027099609375, 236.18072509765625], "label": "Noise Matrix", "parent": {"type": "NODE", "value": "Frame.012"}}, "properties": {"scale": [0.019999999552965164, 0.019999999552965164, 0.019999999552965164], "location_": [1.0, 1.0, 0.0]}, "inputs": {"Location": {"bl_idname": "SvVerticesSocket", "name": "Location", "properties": {"prop_name": "location_", "expanded": true}}, "Scale": {"bl_idname": "SvVerticesSocket", "name": "Scale", "properties": {"prop_name": "scale", "expanded": true}}, "Quaternion": {"bl_idname": "SvQuaternionSocket", "name": "Quaternion", "attributes": {"hide": true}, "properties": {"prop_name": "quaternion"}}, "Angle X": {"bl_idname": "SvStringsSocket", "name": "Angle X", "attributes": {"hide": true}, "properties": {"prop_name": "angle_x"}}, "Angle Y": {"bl_idname": "SvStringsSocket", "name": "Angle Y", "attributes": {"hide": true}, "properties": {"prop_name": "angle_y"}}, "Angle Z": {"bl_idname": "SvStringsSocket", "name": "Angle Z", "attributes": {"hide": true}, "properties": {"prop_name": "angle_z"}}, "Axis": {"bl_idname": "SvVerticesSocket", "name": "Axis", "properties": {"prop_name": "axis"}}, "Angle": {"bl_idname": "SvStringsSocket", "name": "Angle", "properties": {"prop_name": "angle"}}}, "outputs": {"Matrices": {"bl_idname": "SvMatrixSocket", "name": "Matrices"}}, "bl_idname": "SvMatrixInNodeMK4"}, "Vector in.002": {"attributes": {"location": [-1650.3858642578125, 240.205322265625], "width": 100.0, "label": "Scale", "parent": {"type": "NODE", "value": "Frame.012"}}, "properties": {"x_": 0.019999999552965164, "y_": 0.019999999552965164, "z_": 0.019999999552965164}, "inputs": {"X": {"bl_idname": "SvStringsSocket", "name": "X", "properties": {"prop_name": "x_"}}, "Y": {"bl_idname": "SvStringsSocket", "name": "Y", "properties": {"prop_name": "y_"}}, "Z": {"bl_idname": "SvStringsSocket", "name": "Z", "properties": {"prop_name": "z_"}}}, "outputs": {"Vectors": {"bl_idname": "SvVerticesSocket", "name": "Vectors"}}, "bl_idname": "GenVectorsNode"}, "A Number.008": {"attributes": {"location": [-1871.3143310546875, 117.30133056640625], "label": "noise seed", "parent": {"type": "NODE", "value": "Frame.012"}}, "properties": {"int_": 3, "selected_mode": "int", "draw_3dpanel": true}, "inputs": {"Int": {"bl_idname": "SvStringsSocket", "name": "Int", "properties": {"prop_name": "int_"}}}, "outputs": {"Int": {"bl_idname": "SvStringsSocket", "name": "Int", "properties": {"custom_draw": "mode_custom_draw"}}}, "bl_idname": "SvNumberNode"}, "A Number.009": {"attributes": {"location": [-1871.3143310546875, 216.57550048828125], "label": "noise scale", "parent": {"type": "NODE", "value": "Frame.012"}}, "properties": {"float_": 0.029999999329447746, "int_": 3, "draw_3dpanel": true}, "inputs": {"Float": {"bl_idname": "SvStringsSocket", "name": "Float", "properties": {"prop_name": "float_"}}}, "outputs": {"Float": {"bl_idname": "SvStringsSocket", "name": "Float", "properties": {"custom_draw": "mode_custom_draw"}}}, "bl_idname": "SvNumberNode"}, "SVG Document": {"attributes": {"location": [4914.068359375, -137.638427734375], "width": 200.0, "parent": {"type": "NODE", "value": "Frame.010"}}, "properties": {"doc_width": 200.0, "doc_height": 150.0, "doc_scale": 1000.0, "file_name": "PUZ"}, "inputs": {"Folder Path": {"bl_idname": "SvFilePathSocket", "name": "Folder Path"}, "Template Path": {"bl_idname": "SvFilePathSocket", "name": "Template Path"}, "SVG Objects": {"bl_idname": "SvSvgSocket", "name": "SVG Objects"}}, "outputs": {"Canvas Vertices": {"bl_idname": "SvVerticesSocket", "name": "Canvas Vertices"}, "Canvas Edges": {"bl_idname": "SvStringsSocket", "name": "Canvas Edges"}}, "bl_idname": "SvSvgDocumentNode"}, "File Path": {"attributes": {"location": [4742.759765625, -83.98556518554688], "label": "Folder Path", "parent": {"type": "NODE", "value": "Frame.010"}}, "properties": {"files": [{}], "directory": "/home/ololo/Documents/BLENDER/SVERCHOK/Blends3.10/SVG/"}, "outputs": {"File Path": {"bl_idname": "SvFilePathSocket", "name": "File Path"}}, "bl_idname": "SvFilePathNode"}, "Viewer Draw.003": {"attributes": {"location": [5174.068359375, -137.638427734375], "color": [0.6284880042076111, 0.931007981300354, 1.0], "use_custom_color": true, "parent": {"type": "NODE", "value": "Frame.010"}}, "properties": {"display_verts": false, "line_width": 4, "edge_color": [0.1307978481054306, 0.31979525089263916, 0.8999999165534973, 0.6227492094039917]}, "inputs": {"Vertices": {"bl_idname": "SvVerticesSocket", "name": "Vertices"}, "Edges": {"bl_idname": "SvStringsSocket", "name": "Edges"}, "Polygons": {"bl_idname": "SvStringsSocket", "name": "Polygons"}, "Matrix": {"bl_idname": "SvMatrixSocket", "name": "Matrix"}, "Vector Color": {"bl_idname": "SvColorSocket", "name": "Vector Color", "properties": {"prop_name": "vector_color", "custom_draw": "draw_color_socket"}}, "Edge Color": {"bl_idname": "SvColorSocket", "name": "Edge Color", "properties": {"prop_name": "edge_color", "custom_draw": "draw_color_socket"}}, "Polygon Color": {"bl_idname": "SvColorSocket", "name": "Polygon Color", "properties": {"prop_name": "polygon_color", "custom_draw": "draw_color_socket"}}, "attrs": {"bl_idname": "SvStringsSocket", "name": "attrs", "attributes": {"hide": true}, "properties": {"quick_link_to_node": "SvVDAttrsNodeMk2"}}}, "bl_idname": "SvViewerDrawMk4"}, "Path SVG": {"attributes": {"location": [4739.908203125, -219.70297241210938], "parent": {"type": "NODE", "value": "Frame.010"}}, "inputs": {"Vertices": {"bl_idname": "SvVerticesSocket", "name": "Vertices"}, "Curve": {"bl_idname": "SvCurveSocket", "name": "Curve", "attributes": {"hide": true}}, "Commands": {"bl_idname": "SvStringsSocket", "name": "Commands", "attributes": {"hide": true}, "properties": {"prop_name": "path_commands"}}, "Fill / Stroke": {"bl_idname": "SvSvgSocket", "name": "Fill / Stroke"}}, "outputs": {"SVG Objects": {"bl_idname": "SvSvgSocket", "name": "SVG Objects"}}, "bl_idname": "SvSvgPathNodeMk2"}, "Fill / Stroke SVG": {"attributes": {"location": [4751.482421875, -393.2229309082031], "label": "Fill / Stroke", "parent": {"type": "NODE", "value": "Frame.010"}}, "properties": {"fill_mode": "NONE", "stroke_mode": "FLAT", "stroke_color": [1.0, 0.0, 0.0, 1.0], "stroke_width": 0.0010000000474974513}, "inputs": {"Fill Color": {"bl_idname": "SvColorSocket", "name": "Fill Color", "attributes": {"hide": true}, "properties": {"prop_name": "fill_color"}}, "Fill Pattern": {"bl_idname": "SvSvgSocket", "name": "Fill Pattern", "attributes": {"hide": true}}, "Stroke Color": {"bl_idname": "SvColorSocket", "name": "Stroke Color", "properties": {"prop_name": "stroke_color"}}, "Stroke Pattern": {"bl_idname": "SvSvgSocket", "name": "Stroke Pattern", "attributes": {"hide": true}}, "Stroke Width": {"bl_idname": "SvStringsSocket", "name": "Stroke Width", "properties": {"prop_name": "stroke_width"}}, "Dash Pattern": {"bl_idname": "SvStringsSocket", "name": "Dash Pattern", "attributes": {"hide": true}}}, "outputs": {"Fill / Stroke": {"bl_idname": "SvSvgSocket", "name": "Fill / Stroke"}}, "bl_idname": "SvSvgFillStrokeNodeMk2"}, "List Mask (out).001": {"attributes": {"location": [4131.673828125, -90.94183349609375], "parent": {"type": "NODE", "value": "Frame.011"}}, "properties": {"Level": 2}, "inputs": {"data": {"bl_idname": "SvStringsSocket", "name": "data"}, "mask": {"bl_idname": "SvStringsSocket", "name": "mask"}}, "outputs": {"mask": {"bl_idname": "SvStringsSocket", "name": "mask"}, "ind_true": {"bl_idname": "SvStringsSocket", "name": "ind_true"}, "ind_false": {"bl_idname": "SvStringsSocket", "name": "ind_false"}, "dataTrue": {"bl_idname": "SvVerticesSocket", "name": "dataTrue"}, "dataFalse": {"bl_idname": "SvVerticesSocket", "name": "dataFalse"}}, "bl_idname": "MaskListNode"}, "List Mask (out).002": {"attributes": {"location": [4136.44580078125, -324.73260498046875], "parent": {"type": "NODE", "value": "Frame.011"}}, "properties": {"Level": 2}, "inputs": {"data": {"bl_idname": "SvStringsSocket", "name": "data"}, "mask": {"bl_idname": "SvStringsSocket", "name": "mask"}}, "outputs": {"mask": {"bl_idname": "SvStringsSocket", "name": "mask"}, "ind_true": {"bl_idname": "SvStringsSocket", "name": "ind_true"}, "ind_false": {"bl_idname": "SvStringsSocket", "name": "ind_false"}, "dataTrue": {"bl_idname": "SvStringsSocket", "name": "dataTrue"}, "dataFalse": {"bl_idname": "SvStringsSocket", "name": "dataFalse"}}, "bl_idname": "MaskListNode"}, "Number Range": {"attributes": {"location": [3953.5703125, -203.42938232421875], "parent": {"type": "NODE", "value": "Frame.011"}}, "properties": {"range_mode": "RANGE_STEP", "current_mode": "RANGE_STEP", "number_mode": "int"}, "inputs": {"Start": {"bl_idname": "SvStringsSocket", "name": "Start", "properties": {"prop_name": "start_int"}}, "Step": {"bl_idname": "SvStringsSocket", "name": "Step", "properties": {"prop_name": "step_int", "label": "step"}}, "Stop": {"bl_idname": "SvStringsSocket", "name": "Stop", "properties": {"prop_name": "count_", "label": "count"}}}, "outputs": {"Range": {"bl_idname": "SvStringsSocket", "name": "Range"}}, "bl_idname": "SvGenNumberRange"}, "A Number": {"attributes": {"location": [4131.939453125, -553.5106811523438], "label": "Index", "parent": {"type": "NODE", "value": "Frame.011"}}, "properties": {"int_": 5, "selected_mode": "int"}, "inputs": {"Int": {"bl_idname": "SvStringsSocket", "name": "Int", "properties": {"prop_name": "int_"}}}, "outputs": {"Int": {"bl_idname": "SvStringsSocket", "name": "Int", "properties": {"custom_draw": "mode_custom_draw"}}}, "bl_idname": "SvNumberNode"}, "Select mesh elements.001": {"attributes": {"location": [1735.066650390625, -77.24240112304688], "parent": {"type": "NODE", "value": "Frame"}}, "properties": {"mode": "EdgeDir", "radius": 0.009999999776482582}, "inputs": {"Vertices": {"bl_idname": "SvVerticesSocket", "name": "Vertices", "properties": {"is_mandatory": true}}, "Edges": {"bl_idname": "SvStringsSocket", "name": "Edges", "properties": {"nesting_level": 3}}, "Polygons": {"bl_idname": "SvStringsSocket", "name": "Polygons", "properties": {"nesting_level": 3}}, "Direction": {"bl_idname": "SvVerticesSocket", "name": "Direction", "properties": {"use_prop": true, "prop": [1.0, 0.0, 0.0], "expanded": true}}, "Center": {"bl_idname": "SvVerticesSocket", "name": "Center", "attributes": {"hide": true}, "properties": {"use_prop": true}}, "Percent": {"bl_idname": "SvStringsSocket", "name": "Percent", "properties": {"prop_name": "percent"}}, "Radius": {"bl_idname": "SvStringsSocket", "name": "Radius", "attributes": {"hide": true}, "properties": {"prop_name": "radius"}}}, "outputs": {"VerticesMask": {"bl_idname": "SvStringsSocket", "name": "VerticesMask"}, "EdgesMask": {"bl_idname": "SvStringsSocket", "name": "EdgesMask"}, "FacesMask": {"bl_idname": "SvStringsSocket", "name": "FacesMask"}}, "bl_idname": "SvMeshSelectNodeMk2"}, "List Mask (out)": {"attributes": {"location": [1931.6053466796875, -81.15762329101562], "parent": {"type": "NODE", "value": "Frame"}}, "properties": {"Level": 2}, "inputs": {"data": {"bl_idname": "SvStringsSocket", "name": "data"}, "mask": {"bl_idname": "SvStringsSocket", "name": "mask"}}, "outputs": {"mask": {"bl_idname": "SvStringsSocket", "name": "mask"}, "ind_true": {"bl_idname": "SvStringsSocket", "name": "ind_true"}, "ind_false": {"bl_idname": "SvStringsSocket", "name": "ind_false"}, "dataTrue": {"bl_idname": "SvStringsSocket", "name": "dataTrue"}, "dataFalse": {"bl_idname": "SvStringsSocket", "name": "dataFalse"}}, "bl_idname": "MaskListNode"}, "Reroute": {"attributes": {"location": [-628.4063110351562, -175.1309928894043], "width": 16.0, "color": [0.602957010269165, 0.6740000247955322, 0.5642769932746887], "use_custom_color": true, "parent": {"type": "NODE", "value": "Frame.001"}}, "bl_idname": "NodeReroute"}, "A Number.006": {"attributes": {"location": [-2088.8704833984375, -230.77764892578125], "label": "divs Y", "parent": {"type": "NODE", "value": "Frame.008"}}, "properties": {"int_": 12, "selected_mode": "int", "draw_3dpanel": true}, "inputs": {"Int": {"bl_idname": "SvStringsSocket", "name": "Int", "properties": {"prop_name": "int_"}}}, "outputs": {"Int": {"bl_idname": "SvStringsSocket", "name": "Int", "properties": {"custom_draw": "mode_custom_draw"}}}, "bl_idname": "SvNumberNode"}, "A Number.007": {"attributes": {"location": [-2088.8704833984375, -316.22259521484375], "label": "divs X", "parent": {"type": "NODE", "value": "Frame.008"}}, "properties": {"int_": 10, "selected_mode": "int", "draw_3dpanel": true}, "inputs": {"Int": {"bl_idname": "SvStringsSocket", "name": "Int", "properties": {"prop_name": "int_"}}}, "outputs": {"Int": {"bl_idname": "SvStringsSocket", "name": "Int", "properties": {"custom_draw": "mode_custom_draw"}}}, "bl_idname": "SvNumberNode"}, "A Number.011": {"attributes": {"location": [-2100.6368408203125, -142.91958618164062], "label": "general plane Ysize", "parent": {"type": "NODE", "value": "Frame.008"}}, "properties": {"float_": 0.15000000596046448, "draw_3dpanel": true}, "inputs": {"Float": {"bl_idname": "SvStringsSocket", "name": "Float", "properties": {"prop_name": "float_"}}}, "outputs": {"Float": {"bl_idname": "SvStringsSocket", "name": "Float", "properties": {"custom_draw": "mode_custom_draw"}}}, "bl_idname": "SvNumberNode"}, "A Number.005": {"attributes": {"location": [-2105.6705322265625, -57.20051193237305], "label": "general plane Xsize", "parent": {"type": "NODE", "value": "Frame.008"}}, "properties": {"float_": 0.20000000298023224, "draw_3dpanel": true}, "inputs": {"Float": {"bl_idname": "SvStringsSocket", "name": "Float", "properties": {"prop_name": "float_"}}}, "outputs": {"Float": {"bl_idname": "SvStringsSocket", "name": "Float", "properties": {"custom_draw": "mode_custom_draw"}}}, "bl_idname": "SvNumberNode"}, "Plane": {"attributes": {"location": [-1888.7646484375, -80.74764251708984], "color": [0.9200000166893005, 0.9200000166893005, 0.9200000166893005], "use_custom_color": true, "parent": {"type": "NODE", "value": "Frame.008"}}, "properties": {"sizex": 0.20000000298023224, "sizey": 0.20000000298023224, "numx": 10, "numy": 15, "center": true}, "inputs": {"Size X": {"bl_idname": "SvStringsSocket", "name": "Size X", "properties": {"prop_name": "sizex", "custom_draw": "draw_prop_socket", "label": "Size X"}}, "Size Y": {"bl_idname": "SvStringsSocket", "name": "Size Y", "properties": {"prop_name": "sizey", "custom_draw": "draw_prop_socket", "label": "Size Y"}}, "Num X": {"bl_idname": "SvStringsSocket", "name": "Num X", "properties": {"prop_name": "numx", "custom_draw": "draw_prop_socket", "label": "Num X"}}, "Num Y": {"bl_idname": "SvStringsSocket", "name": "Num Y", "properties": {"prop_name": "numy", "custom_draw": "draw_prop_socket", "label": "Num Y"}}, "Step X": {"bl_idname": "SvStringsSocket", "name": "Step X", "attributes": {"hide": true}, "properties": {"prop_name": "stepx", "custom_draw": "draw_prop_socket", "label": "Step X"}}, "Step Y": {"bl_idname": "SvStringsSocket", "name": "Step Y", "attributes": {"hide": true}, "properties": {"prop_name": "stepy", "custom_draw": "draw_prop_socket", "label": "Step Y"}}, "Matrix": {"bl_idname": "SvMatrixSocket", "name": "Matrix"}}, "outputs": {"Vertices": {"bl_idname": "SvVerticesSocket", "name": "Vertices"}, "Edges": {"bl_idname": "SvStringsSocket", "name": "Edges"}, "Polygons": {"bl_idname": "SvStringsSocket", "name": "Polygons"}}, "bl_idname": "SvPlaneNodeMk3"}, "Move": {"attributes": {"location": [-797.9911499023438, -124.67407989501953], "parent": {"type": "NODE", "value": "Frame.001"}}, "properties": {"strength": 0.05000000074505806}, "inputs": {"Vertices": {"bl_idname": "SvVerticesSocket", "name": "Vertices"}, "Movement Vectors": {"bl_idname": "SvVerticesSocket", "name": "Movement Vectors", "properties": {"prop_name": "movement_vectors"}}, "Strength": {"bl_idname": "SvStringsSocket", "name": "Strength", "properties": {"prop_name": "strength"}}}, "outputs": {"Vertices": {"bl_idname": "SvVerticesSocket", "name": "Vertices"}}, "bl_idname": "SvMoveNodeMk3"}, "Rotate.002": {"attributes": {"location": [2605.89599609375, -77.29124450683594], "parent": {"type": "NODE", "value": "Frame.006"}}, "properties": {"angle_": -45.0}, "inputs": {"Vertices": {"bl_idname": "SvVerticesSocket", "name": "Vertices"}, "Centers": {"bl_idname": "SvVerticesSocket", "name": "Centers", "properties": {"prop_name": "centers_"}}, "Axis": {"bl_idname": "SvVerticesSocket", "name": "Axis", "properties": {"prop_name": "axis_"}}, "Angle": {"bl_idname": "SvStringsSocket", "name": "Angle", "properties": {"prop_name": "angle_"}}}, "outputs": {"Vertices": {"bl_idname": "SvVerticesSocket", "name": "Vertices"}}, "bl_idname": "SvRotationNodeMk3"}, "List Join.002": {"attributes": {"location": [2375.42333984375, -78.44001007080078], "parent": {"type": "NODE", "value": "Frame.005"}}, "inputs": {"data": {"bl_idname": "SvStringsSocket", "name": "data"}, "data 1": {"bl_idname": "SvStringsSocket", "name": "data 1"}, "data 2": {"bl_idname": "SvStringsSocket", "name": "data 2"}}, "outputs": {"data": {"bl_idname": "SvVerticesSocket", "name": "data"}}, "bl_idname": "ListJoinNode"}, "List Join.003": {"attributes": {"location": [2375.42333984375, -302.4400177001953], "parent": {"type": "NODE", "value": "Frame.005"}}, "inputs": {"data": {"bl_idname": "SvStringsSocket", "name": "data"}, "data 1": {"bl_idname": "SvStringsSocket", "name": "data 1"}, "data 2": {"bl_idname": "SvStringsSocket", "name": "data 2"}}, "outputs": {"data": {"bl_idname": "SvStringsSocket", "name": "data"}}, "bl_idname": "ListJoinNode"}, "A Number.010": {"attributes": {"location": [-534.0017700195312, -534.0626220703125], "label": "shuffle direction seed", "parent": {"type": "NODE", "value": "Frame.003"}}, "properties": {"int_": 2, "selected_mode": "int", "draw_3dpanel": true}, "inputs": {"Int": {"bl_idname": "SvStringsSocket", "name": "Int", "properties": {"prop_name": "int_"}}}, "outputs": {"Int": {"bl_idname": "SvStringsSocket", "name": "Int", "properties": {"custom_draw": "mode_custom_draw"}}}, "bl_idname": "SvNumberNode"}, "Component Analyzer": {"attributes": {"location": [-533.1526489257812, -262.939208984375], "parent": {"type": "NODE", "value": "Frame.003"}}, "properties": {"mode": "Edges", "edge_mode": "Is_Boundary"}, "inputs": {"Vertices": {"bl_idname": "SvVerticesSocket", "name": "Vertices", "properties": {"is_mandatory": true}}, "Edges": {"bl_idname": "SvStringsSocket", "name": "Edges", "properties": {"nesting_level": 3, "is_mandatory": true}}, "Faces": {"bl_idname": "SvStringsSocket", "name": "Faces", "properties": {"nesting_level": 3, "is_mandatory": true}}}, "outputs": {"Mask.001": {"bl_idname": "SvStringsSocket", "name": "Mask"}, "True Edges": {"bl_idname": "SvStringsSocket", "name": "True Edges"}, "False Edges": {"bl_idname": "SvStringsSocket", "name": "False Edges"}}, "bl_idname": "SvComponentAnalyzerNode"}, "Reroute.001": {"attributes": {"location": [1676.7254638671875, -293.29920959472656], "width": 16.0, "color": [0.602957010269165, 0.6740000247955322, 0.5642769932746887], "use_custom_color": true, "parent": {"type": "NODE", "value": "Frame"}}, "bl_idname": "NodeReroute"}, "Viewer Index+": {"attributes": {"location": [4482.291015625, -128.34857177734375], "color": [0.6284880042076111, 0.931007981300354, 1.0], "use_custom_color": true, "parent": {"type": "NODE", "value": "Frame.011"}}, "properties": {"draw_bg": true, "activate": false}, "inputs": {"verts": {"bl_idname": "SvVerticesSocket", "name": "verts"}, "edges": {"bl_idname": "SvStringsSocket", "name": "edges"}, "faces": {"bl_idname": "SvStringsSocket", "name": "faces"}, "matrix": {"bl_idname": "SvMatrixSocket", "name": "matrix"}, "text": {"bl_idname": "SvStringsSocket", "name": "text"}}, "bl_idname": "SvIDXViewer28"}, "List Item.001": {"attributes": {"location": [4307.8486328125, -328.21319580078125], "parent": {"type": "NODE", "value": "Frame.011"}}, "properties": {"level": 1}, "inputs": {"Data": {"bl_idname": "SvStringsSocket", "name": "Data"}, "Index": {"bl_idname": "SvStringsSocket", "name": "Index", "properties": {"prop_name": "index"}}}, "outputs": {"Item": {"bl_idname": "SvStringsSocket", "name": "Item"}, "Other": {"bl_idname": "SvStringsSocket", "name": "Other"}}, "bl_idname": "SvListItemNode"}, "List Length": {"attributes": {"location": [3951.5810546875, -86.60235595703125], "parent": {"type": "NODE", "value": "Frame.011"}}, "inputs": {"Data": {"bl_idname": "SvStringsSocket", "name": "Data"}}, "outputs": {"Length": {"bl_idname": "SvStringsSocket", "name": "Length"}}, "bl_idname": "ListLengthNode"}, "Path Length": {"attributes": {"location": [4109.48388671875, 327.81365966796875], "parent": {"type": "NODE", "value": "Frame.014"}}, "inputs": {"Vertices": {"bl_idname": "SvVerticesSocket", "name": "Vertices"}, "Edges": {"bl_idname": "SvStringsSocket", "name": "Edges"}}, "outputs": {"SegmentLength": {"bl_idname": "SvStringsSocket", "name": "SegmentLength"}, "TotalLength": {"bl_idname": "SvStringsSocket", "name": "TotalLength"}, "CumulativeSum": {"bl_idname": "SvStringsSocket", "name": "CumulativeSum"}, "CumulativeSum1": {"bl_idname": "SvStringsSocket", "name": "CumulativeSum1"}}, "bl_idname": "SvPathLengthMk2Node"}, "Edge Boom": {"attributes": {"location": [4114.72509765625, 572.1447143554688], "parent": {"type": "NODE", "value": "Frame.014"}}, "inputs": {"Vertices": {"bl_idname": "SvVerticesSocket", "name": "Vertices"}, "Edges": {"bl_idname": "SvStringsSocket", "name": "Edges"}, "Faces": {"bl_idname": "SvStringsSocket", "name": "Faces"}}, "outputs": {"Vertex1": {"bl_idname": "SvVerticesSocket", "name": "Vertex1"}, "Vertex2": {"bl_idname": "SvVerticesSocket", "name": "Vertex2"}, "Vertices": {"bl_idname": "SvVerticesSocket", "name": "Vertices", "attributes": {"hide": true}}, "Edges": {"bl_idname": "SvStringsSocket", "name": "Edges", "attributes": {"hide": true}}}, "bl_idname": "SvEdgeBoomNode"}, "Vector Lerp": {"attributes": {"location": [4288.5400390625, 564.6192626953125], "parent": {"type": "NODE", "value": "Frame.014"}}, "inputs": {"Factor": {"bl_idname": "SvStringsSocket", "name": "Factor", "properties": {"prop_name": "factor_"}}, "Vertices A": {"bl_idname": "SvVerticesSocket", "name": "Vertices A"}, "Vertices B": {"bl_idname": "SvVerticesSocket", "name": "Vertices B"}}, "outputs": {"EvPoint": {"bl_idname": "SvVerticesSocket", "name": "EvPoint"}}, "bl_idname": "SvVectorLerp"}, "Scalar Math": {"attributes": {"location": [4285.28955078125, 325.4141540527344], "parent": {"type": "NODE", "value": "Frame.014"}}, "properties": {"current_op": "ROUND-N", "y_": 4.0}, "inputs": {"x": {"bl_idname": "SvStringsSocket", "name": "x", "properties": {"prop_name": "x_"}}, "y": {"bl_idname": "SvStringsSocket", "name": "y", "properties": {"prop_name": "y_"}}}, "outputs": {"Out": {"bl_idname": "SvStringsSocket", "name": "Out"}}, "bl_idname": "SvScalarMathNodeMK4"}, "Switch.001": {"attributes": {"location": [4648.396484375, 320.09844970703125], "parent": {"type": "NODE", "value": "Frame.014"}}, "inputs": {"State": {"bl_idname": "SvStringsSocket", "name": "State", "properties": {"prop_name": "switch_state"}}, "A_0": {"bl_idname": "SvStringsSocket", "name": "A_0", "properties": {"prop_name": "A_0"}}, "B_0": {"bl_idname": "SvStringsSocket", "name": "B_0", "properties": {"prop_name": "B_0"}}}, "outputs": {"Out_0": {"bl_idname": "SvStringsSocket", "name": "Out_0"}}, "bl_idname": "SvSwitchNodeMK2"}, "Strings Tools": {"attributes": {"location": [4813.6728515625, 321.0452575683594], "color": [1.0, 0.8993440270423889, 0.9742509722709656], "use_custom_color": true, "parent": {"type": "NODE", "value": "Frame.014"}}, "properties": {"current_op": "to_string", "sockets_signature": "t t", "level": 2}, "inputs": {"Text": {"bl_idname": "SvTextSocket", "name": "Text", "properties": {"prop_name": "text", "custom_draw": "draw_prop_socket", "label": "Text"}}}, "outputs": {"Out": {"bl_idname": "SvTextSocket", "name": "Out"}}, "bl_idname": "SvStringsToolsNode"}, "List Split": {"attributes": {"location": [4978.29541015625, 321.02392578125], "parent": {"type": "NODE", "value": "Frame.014"}}, "properties": {"level_unwrap": 2, "unwrap": false, "level": 2}, "inputs": {"Data": {"bl_idname": "SvStringsSocket", "name": "Data"}, "Split": {"bl_idname": "SvStringsSocket", "name": "Split", "properties": {"prop_name": "split"}}}, "outputs": {"Split": {"bl_idname": "SvTextSocket", "name": "Split"}}, "bl_idname": "SvListSplitNode"}, "Stethoscope MK2": {"attributes": {"location": [4968.443359375, 568.8084716796875], "color": [1.0, 0.8993440270423889, 0.9742509722709656], "use_custom_color": true, "parent": {"type": "NODE", "value": "Frame.014"}}, "properties": {"text_color": [0.949999988079071, 0.949999988079071, 0.949999988079071], "location_theta": 1.0080000162124634, "num_elements": 1, "compact": true, "line_width": 129}, "inputs": {"Data": {"bl_idname": "SvStringsSocket", "name": "Data"}}, "bl_idname": "SvStethoscopeNodeMK2"}, "A Number.003": {"attributes": {"location": [4286.64013671875, 181.84719848632812], "label": "min edge test", "parent": {"type": "NODE", "value": "Frame.014"}}, "properties": {"float_": 0.009999999776482582, "draw_3dpanel": true}, "inputs": {"Float": {"bl_idname": "SvStringsSocket", "name": "Float", "properties": {"prop_name": "float_"}}}, "outputs": {"Float": {"bl_idname": "SvStringsSocket", "name": "Float", "properties": {"custom_draw": "mode_custom_draw"}}}, "bl_idname": "SvNumberNode"}, "Viewer Index+.001": {"attributes": {"location": [5156.29833984375, 376.93438720703125], "color": [0.6284880042076111, 0.931007981300354, 1.0], "use_custom_color": true, "parent": {"type": "NODE", "value": "Frame.014"}}, "properties": {"draw_bg": true, "bg_verts_col": [1.0, 1.0, 1.0, 1.0], "numid_verts_col": [0.0, 0.0, 0.0, 1.0], "activate": false}, "inputs": {"verts": {"bl_idname": "SvVerticesSocket", "name": "verts"}, "edges": {"bl_idname": "SvStringsSocket", "name": "edges"}, "faces": {"bl_idname": "SvStringsSocket", "name": "faces"}, "matrix": {"bl_idname": "SvMatrixSocket", "name": "matrix"}, "text": {"bl_idname": "SvStringsSocket", "name": "text"}}, "bl_idname": "SvIDXViewer28"}, "Note": {"attributes": {"location": [4487.32958984375, 186.7999267578125], "width": 100.0, "color": [1.0, 0.8993440270423889, 0.9742509722709656], "use_custom_color": true, "parent": {"type": "NODE", "value": "Frame.014"}}, "properties": {"n_id": "-8987049170115523070", "text": "."}, "inputs": {"Text In": {"bl_idname": "SvStringsSocket", "name": "Text In"}}, "outputs": {"Text Out": {"bl_idname": "SvStringsSocket", "name": "Text Out"}}, "bl_idname": "NoteNode"}, "Stethoscope MK2.002": {"attributes": {"location": [1244.1373596191406, -1178.318115234375], "color": [1.0, 0.8993440270423889, 0.9742509722709656], "use_custom_color": true, "parent": {"type": "NODE", "value": "Frame.002"}}, "properties": {"text_color": [0.949999988079071, 0.949999988079071, 0.949999988079071], "location_theta": 1.0080000162124634, "num_elements": 1, "compact": true, "line_width": 177}, "inputs": {"Data": {"bl_idname": "SvStringsSocket", "name": "Data"}}, "bl_idname": "SvStethoscopeNodeMK2"}, "Viewer Draw.001": {"attributes": {"location": [1230.1009826660156, -517.233642578125], "color": [0.6284880042076111, 0.931007981300354, 1.0], "use_custom_color": true, "parent": {"type": "NODE", "value": "Frame.002"}}, "properties": {"display_verts": false, "edge_color": [0.8999999761581421, 0.8999999761581421, 0.3499999940395355, 0.3431627154350281], "line_width": 3}, "inputs": {"Vertices": {"bl_idname": "SvVerticesSocket", "name": "Vertices"}, "Edges": {"bl_idname": "SvStringsSocket", "name": "Edges"}, "Polygons": {"bl_idname": "SvStringsSocket", "name": "Polygons"}, "Matrix": {"bl_idname": "SvMatrixSocket", "name": "Matrix"}, "Vector Color": {"bl_idname": "SvColorSocket", "name": "Vector Color", "properties": {"prop_name": "vector_color", "custom_draw": "draw_color_socket"}}, "Edge Color": {"bl_idname": "SvColorSocket", "name": "Edge Color", "properties": {"prop_name": "edge_color", "custom_draw": "draw_color_socket"}}, "Polygon Color": {"bl_idname": "SvColorSocket", "name": "Polygon Color", "properties": {"prop_name": "polygon_color", "custom_draw": "draw_color_socket"}}, "attrs": {"bl_idname": "SvStringsSocket", "name": "attrs", "attributes": {"hide": true}, "properties": {"quick_link_to_node": "SvVDAttrsNodeMk2"}}}, "bl_idname": "SvViewerDrawMk4"}, "Matrix In": {"attributes": {"location": [1050.7020568847656, -797.68310546875], "label": "Matrix", "parent": {"type": "NODE", "value": "Frame.002"}}, "properties": {"location_": [0.30000001192092896, 0.10000000149011612, 0.0]}, "inputs": {"Location": {"bl_idname": "SvVerticesSocket", "name": "Location", "properties": {"prop_name": "location_", "expanded": true}}, "Scale": {"bl_idname": "SvVerticesSocket", "name": "Scale", "properties": {"prop_name": "scale"}}, "Quaternion": {"bl_idname": "SvQuaternionSocket", "name": "Quaternion", "attributes": {"hide": true}, "properties": {"prop_name": "quaternion"}}, "Angle X": {"bl_idname": "SvStringsSocket", "name": "Angle X", "attributes": {"hide": true}, "properties": {"prop_name": "angle_x"}}, "Angle Y": {"bl_idname": "SvStringsSocket", "name": "Angle Y", "attributes": {"hide": true}, "properties": {"prop_name": "angle_y"}}, "Angle Z": {"bl_idname": "SvStringsSocket", "name": "Angle Z", "attributes": {"hide": true}, "properties": {"prop_name": "angle_z"}}, "Axis": {"bl_idname": "SvVerticesSocket", "name": "Axis", "properties": {"prop_name": "axis"}}, "Angle": {"bl_idname": "SvStringsSocket", "name": "Angle", "properties": {"prop_name": "angle"}}}, "outputs": {"Matrices": {"bl_idname": "SvMatrixSocket", "name": "Matrices"}}, "bl_idname": "SvMatrixInNodeMK4"}, "Viewer Draw.002": {"attributes": {"location": [1239.4273986816406, -845.148193359375], "color": [0.6284880042076111, 0.931007981300354, 1.0], "use_custom_color": true, "parent": {"type": "NODE", "value": "Frame.002"}}, "properties": {"point_size": 10, "vector_color": [0.6522789597511292, 0.9500002264976501, 0.5906704068183899, 1.0]}, "inputs": {"Vertices": {"bl_idname": "SvVerticesSocket", "name": "Vertices"}, "Edges": {"bl_idname": "SvStringsSocket", "name": "Edges"}, "Polygons": {"bl_idname": "SvStringsSocket", "name": "Polygons"}, "Matrix": {"bl_idname": "SvMatrixSocket", "name": "Matrix"}, "Vector Color": {"bl_idname": "SvColorSocket", "name": "Vector Color", "properties": {"prop_name": "vector_color", "custom_draw": "draw_color_socket"}}, "Edge Color": {"bl_idname": "SvColorSocket", "name": "Edge Color", "properties": {"prop_name": "edge_color", "custom_draw": "draw_color_socket"}}, "Polygon Color": {"bl_idname": "SvColorSocket", "name": "Polygon Color", "properties": {"prop_name": "polygon_color", "custom_draw": "draw_color_socket"}}, "attrs": {"bl_idname": "SvStringsSocket", "name": "attrs", "attributes": {"hide": true}, "properties": {"quick_link_to_node": "SvVDAttrsNodeMk2"}}}, "bl_idname": "SvViewerDrawMk4"}, "List Zip": {"attributes": {"location": [645.0702209472656, -608.3671875], "parent": {"type": "NODE", "value": "Frame.002"}}, "properties": {"unwrap": true}, "inputs": {"data": {"bl_idname": "SvStringsSocket", "name": "data"}, "data 1": {"bl_idname": "SvStringsSocket", "name": "data 1"}, "data 2": {"bl_idname": "SvStringsSocket", "name": "data 2"}, "data 3": {"bl_idname": "SvStringsSocket", "name": "data 3"}, "data 4": {"bl_idname": "SvStringsSocket", "name": "data 4"}, "data 5": {"bl_idname": "SvStringsSocket", "name": "data 5"}, "data 6": {"bl_idname": "SvStringsSocket", "name": "data 6"}, "data 7": {"bl_idname": "SvStringsSocket", "name": "data 7"}, "data 8": {"bl_idname": "SvStringsSocket", "name": "data 8"}}, "outputs": {"data": {"bl_idname": "SvVerticesSocket", "name": "data"}}, "bl_idname": "ZipNode"}, "Vector in.007": {"attributes": {"location": [226.30307006835938, -1202.9554443359375], "width": 100.0, "parent": {"type": "NODE", "value": "Frame.002"}}, "properties": {"y_": -0.15000000596046448}, "inputs": {"X": {"bl_idname": "SvStringsSocket", "name": "X", "properties": {"prop_name": "x_"}}, "Y": {"bl_idname": "SvStringsSocket", "name": "Y", "properties": {"prop_name": "y_"}}, "Z": {"bl_idname": "SvStringsSocket", "name": "Z", "properties": {"prop_name": "z_"}}}, "outputs": {"Vectors": {"bl_idname": "SvVerticesSocket", "name": "Vectors"}}, "bl_idname": "GenVectorsNode"}, "Vector in.008": {"attributes": {"location": [226.30307006835938, -1067.45849609375], "width": 100.0, "parent": {"type": "NODE", "value": "Frame.002"}}, "properties": {"y_": -0.03999999910593033}, "inputs": {"X": {"bl_idname": "SvStringsSocket", "name": "X", "properties": {"prop_name": "x_"}}, "Y": {"bl_idname": "SvStringsSocket", "name": "Y", "properties": {"prop_name": "y_"}}, "Z": {"bl_idname": "SvStringsSocket", "name": "Z", "properties": {"prop_name": "z_"}}}, "outputs": {"Vectors": {"bl_idname": "SvVerticesSocket", "name": "Vectors"}}, "bl_idname": "GenVectorsNode"}, "Vector in.009": {"attributes": {"location": [226.30307006835938, -931.96142578125], "width": 100.0, "parent": {"type": "NODE", "value": "Frame.002"}}, "properties": {"x_": 0.029999999329447746, "y_": -0.05000000074505806}, "inputs": {"X": {"bl_idname": "SvStringsSocket", "name": "X", "properties": {"prop_name": "x_"}}, "Y": {"bl_idname": "SvStringsSocket", "name": "Y", "properties": {"prop_name": "y_"}}, "Z": {"bl_idname": "SvStringsSocket", "name": "Z", "properties": {"prop_name": "z_"}}}, "outputs": {"Vectors": {"bl_idname": "SvVerticesSocket", "name": "Vectors"}}, "bl_idname": "GenVectorsNode"}, "Vector in.003": {"attributes": {"location": [226.30307006835938, -257.613525390625], "width": 100.0, "parent": {"type": "NODE", "value": "Frame.002"}}, "properties": {"y_": 0.15000000596046448}, "inputs": {"X": {"bl_idname": "SvStringsSocket", "name": "X", "properties": {"prop_name": "x_"}}, "Y": {"bl_idname": "SvStringsSocket", "name": "Y", "properties": {"prop_name": "y_"}}, "Z": {"bl_idname": "SvStringsSocket", "name": "Z", "properties": {"prop_name": "z_"}}}, "outputs": {"Vectors": {"bl_idname": "SvVerticesSocket", "name": "Vectors"}}, "bl_idname": "GenVectorsNode"}, "Vector in.004": {"attributes": {"location": [226.30307006835938, -393.11053466796875], "width": 100.0, "parent": {"type": "NODE", "value": "Frame.002"}}, "properties": {"y_": 0.03999999910593033}, "inputs": {"X": {"bl_idname": "SvStringsSocket", "name": "X", "properties": {"prop_name": "x_"}}, "Y": {"bl_idname": "SvStringsSocket", "name": "Y", "properties": {"prop_name": "y_"}}, "Z": {"bl_idname": "SvStringsSocket", "name": "Z", "properties": {"prop_name": "z_"}}}, "outputs": {"Vectors": {"bl_idname": "SvVerticesSocket", "name": "Vectors"}}, "bl_idname": "GenVectorsNode"}, "Evaluate Curve": {"attributes": {"location": [1042.1494445800781, -550.5634765625], "parent": {"type": "NODE", "value": "Frame.002"}}, "properties": {"sample_size": 30}, "inputs": {"Curve": {"bl_idname": "SvCurveSocket", "name": "Curve"}, "T": {"bl_idname": "SvStringsSocket", "name": "T", "attributes": {"hide": true}, "properties": {"prop_name": "t_value"}}, "Samples": {"bl_idname": "SvStringsSocket", "name": "Samples", "properties": {"prop_name": "sample_size"}}}, "outputs": {"Vertices": {"bl_idname": "SvVerticesSocket", "name": "Vertices"}, "Edges": {"bl_idname": "SvStringsSocket", "name": "Edges"}, "Tangents": {"bl_idname": "SvVerticesSocket", "name": "Tangents"}}, "bl_idname": "SvExEvalCurveNode"}, "List Match": {"attributes": {"location": [436.3439025878906, -534.2216796875], "parent": {"type": "NODE", "value": "Frame.002"}}, "properties": {"level": 2}, "inputs": {"Data 0": {"bl_idname": "SvStringsSocket", "name": "Data 0"}, "Data 1": {"bl_idname": "SvStringsSocket", "name": "Data 1"}, "Data 2": {"bl_idname": "SvStringsSocket", "name": "Data 2"}, "Data 3": {"bl_idname": "SvStringsSocket", "name": "Data 3"}, "Data 4": {"bl_idname": "SvStringsSocket", "name": "Data 4"}, "Data 5": {"bl_idname": "SvStringsSocket", "name": "Data 5"}, "Data 6": {"bl_idname": "SvStringsSocket", "name": "Data 6"}, "Data 7": {"bl_idname": "SvStringsSocket", "name": "Data 7"}, "Data 8": {"bl_idname": "SvStringsSocket", "name": "Data 8"}}, "outputs": {"Data 0": {"bl_idname": "SvVerticesSocket", "name": "Data 0"}, "Data 1": {"bl_idname": "SvVerticesSocket", "name": "Data 1"}, "Data 2": {"bl_idname": "SvVerticesSocket", "name": "Data 2"}, "Data 3": {"bl_idname": "SvVerticesSocket", "name": "Data 3"}, "Data 4": {"bl_idname": "SvVerticesSocket", "name": "Data 4"}, "Data 5": {"bl_idname": "SvVerticesSocket", "name": "Data 5"}, "Data 6": {"bl_idname": "SvVerticesSocket", "name": "Data 6"}, "Data 7": {"bl_idname": "SvVerticesSocket", "name": "Data 7"}, "Data 8": {"bl_idname": "SvStringsSocket", "name": "Data 8"}}, "bl_idname": "ListMatchNode"}, "Vector in.006": {"attributes": {"location": [226.30307006835938, -528.6075439453125], "width": 100.0, "parent": {"type": "NODE", "value": "Frame.002"}}, "properties": {"x_": 0.029999999329447746, "y_": 0.05000000074505806}, "inputs": {"X": {"bl_idname": "SvStringsSocket", "name": "X", "properties": {"prop_name": "x_"}}, "Y": {"bl_idname": "SvStringsSocket", "name": "Y", "properties": {"prop_name": "y_"}}, "Z": {"bl_idname": "SvStringsSocket", "name": "Z", "properties": {"prop_name": "z_"}}}, "outputs": {"Vectors": {"bl_idname": "SvVerticesSocket", "name": "Vectors"}}, "bl_idname": "GenVectorsNode"}, "Vector in.005": {"attributes": {"location": [226.30307006835938, -664.1046142578125], "width": 100.0, "parent": {"type": "NODE", "value": "Frame.002"}}, "properties": {"y_": 0.019999999552965164, "x_": 0.03999999910593033}, "inputs": {"X": {"bl_idname": "SvStringsSocket", "name": "X", "properties": {"prop_name": "x_"}}, "Y": {"bl_idname": "SvStringsSocket", "name": "Y", "properties": {"prop_name": "y_"}}, "Z": {"bl_idname": "SvStringsSocket", "name": "Z", "properties": {"prop_name": "z_"}}}, "outputs": {"Vectors": {"bl_idname": "SvVerticesSocket", "name": "Vectors"}}, "bl_idname": "GenVectorsNode"}, "Vector in.010": {"attributes": {"location": [226.30307006835938, -796.46435546875], "width": 100.0, "parent": {"type": "NODE", "value": "Frame.002"}}, "properties": {"y_": -0.019999999552965164, "x_": 0.03999999910593033}, "inputs": {"X": {"bl_idname": "SvStringsSocket", "name": "X", "properties": {"prop_name": "x_"}}, "Y": {"bl_idname": "SvStringsSocket", "name": "Y", "properties": {"prop_name": "y_"}}, "Z": {"bl_idname": "SvStringsSocket", "name": "Z", "properties": {"prop_name": "z_"}}}, "outputs": {"Vectors": {"bl_idname": "SvVerticesSocket", "name": "Vectors"}}, "bl_idname": "GenVectorsNode"}, "Cubic Spline": {"attributes": {"location": [851.6661682128906, -533.6815185546875], "parent": {"type": "NODE", "value": "Frame.002"}}, "inputs": {"Vertices": {"bl_idname": "SvVerticesSocket", "name": "Vertices"}}, "outputs": {"Curve": {"bl_idname": "SvCurveSocket", "name": "Curve"}}, "bl_idname": "SvExCubicSplineNode"}, "List Item": {"attributes": {"location": [4307.82080078125, -118.29119873046875], "parent": {"type": "NODE", "value": "Frame.011"}}, "properties": {"level": 1}, "inputs": {"Data": {"bl_idname": "SvStringsSocket", "name": "Data"}, "Index": {"bl_idname": "SvStringsSocket", "name": "Index", "properties": {"prop_name": "index"}}}, "outputs": {"Item": {"bl_idname": "SvVerticesSocket", "name": "Item"}, "Other": {"bl_idname": "SvVerticesSocket", "name": "Other"}}, "bl_idname": "SvListItemNode"}, "Viewer Draw": {"attributes": {"location": [3704.3427734375, -83.74923706054688], "color": [0.6284880042076111, 0.931007981300354, 1.0], "use_custom_color": true, "parent": {"type": "NODE", "value": "Frame.009"}}, "properties": {"point_size": 1, "display_verts": false, "edge_color": [1.0, 0.0, 0.0, 1.0], "edges_use_vertex_color": true, "color_per_edge": true, "vector_random_colors": true}, "inputs": {"Vertices": {"bl_idname": "SvVerticesSocket", "name": "Vertices"}, "Edges": {"bl_idname": "SvStringsSocket", "name": "Edges"}, "Polygons": {"bl_idname": "SvStringsSocket", "name": "Polygons"}, "Matrix": {"bl_idname": "SvMatrixSocket", "name": "Matrix"}, "Vector Color": {"bl_idname": "SvColorSocket", "name": "Vector Color", "properties": {"prop_name": "vector_color", "custom_draw": "draw_color_socket"}}, "Edge Color": {"bl_idname": "SvColorSocket", "name": "Edge Color", "properties": {"prop_name": "edge_color", "custom_draw": "draw_color_socket"}}, "Polygon Color": {"bl_idname": "SvColorSocket", "name": "Polygon Color", "properties": {"prop_name": "polygon_color", "custom_draw": "draw_color_socket"}}, "attrs": {"bl_idname": "SvStringsSocket", "name": "attrs", "attributes": {"hide": true}, "properties": {"quick_link_to_node": "SvVDAttrsNodeMk2"}}}, "bl_idname": "SvViewerDrawMk4"}, "Matrix In.001": {"attributes": {"location": [3471.88916015625, -332.426025390625], "label": "Offset", "parent": {"type": "NODE", "value": "Frame.009"}}, "properties": {"location_": [0.10000000149011612, 0.10000000149011612, 0.0]}, "inputs": {"Location": {"bl_idname": "SvVerticesSocket", "name": "Location", "properties": {"prop_name": "location_", "expanded": true}}, "Scale": {"bl_idname": "SvVerticesSocket", "name": "Scale", "properties": {"prop_name": "scale"}}, "Quaternion": {"bl_idname": "SvQuaternionSocket", "name": "Quaternion", "attributes": {"hide": true}, "properties": {"prop_name": "quaternion"}}, "Angle X": {"bl_idname": "SvStringsSocket", "name": "Angle X", "attributes": {"hide": true}, "properties": {"prop_name": "angle_x"}}, "Angle Y": {"bl_idname": "SvStringsSocket", "name": "Angle Y", "attributes": {"hide": true}, "properties": {"prop_name": "angle_y"}}, "Angle Z": {"bl_idname": "SvStringsSocket", "name": "Angle Z", "attributes": {"hide": true}, "properties": {"prop_name": "angle_z"}}, "Axis": {"bl_idname": "SvVerticesSocket", "name": "Axis", "properties": {"prop_name": "axis"}}, "Angle": {"bl_idname": "SvStringsSocket", "name": "Angle", "properties": {"prop_name": "angle"}}}, "outputs": {"Matrices": {"bl_idname": "SvMatrixSocket", "name": "Matrices"}}, "bl_idname": "SvMatrixInNodeMK4"}, "Separate Loose Parts": {"attributes": {"location": [3476.748291015625, -181.42507934570312], "parent": {"type": "NODE", "value": "Frame.009"}}, "inputs": {"Vertices": {"bl_idname": "SvVerticesSocket", "name": "Vertices"}, "Poly Egde": {"bl_idname": "SvStringsSocket", "name": "Poly Egde"}}, "outputs": {"Vertices": {"bl_idname": "SvVerticesSocket", "name": "Vertices"}, "Poly Egde": {"bl_idname": "SvStringsSocket", "name": "Poly Egde"}}, "bl_idname": "SvSeparateMeshNode"}, "Vector in.001": {"attributes": {"location": [3500.645751953125, -525.3159790039062], "width": 100.0, "label": "Location", "parent": {"type": "NODE", "value": "Frame.009"}}, "properties": {"x_": 0.10000000149011612, "y_": 0.10000000149011612}, "inputs": {"X": {"bl_idname": "SvStringsSocket", "name": "X", "properties": {"prop_name": "x_"}}, "Y": {"bl_idname": "SvStringsSocket", "name": "Y", "properties": {"prop_name": "y_"}}, "Z": {"bl_idname": "SvStringsSocket", "name": "Z", "properties": {"prop_name": "z_"}}}, "outputs": {"Vectors": {"bl_idname": "SvVerticesSocket", "name": "Vectors"}}, "bl_idname": "GenVectorsNode"}, "Scalar Math.002": {"attributes": {"location": [3480.237060546875, -677.3369140625], "parent": {"type": "NODE", "value": "Frame.009"}}, "properties": {"current_op": "/2"}, "inputs": {"x": {"bl_idname": "SvStringsSocket", "name": "x", "properties": {"prop_name": "x_"}}}, "outputs": {"Out": {"bl_idname": "SvStringsSocket", "name": "Out"}}, "bl_idname": "SvScalarMathNodeMK4"}, "Scalar Math.003": {"attributes": {"location": [3479.95361328125, -817.0625], "parent": {"type": "NODE", "value": "Frame.009"}}, "properties": {"current_op": "/2"}, "inputs": {"x": {"bl_idname": "SvStringsSocket", "name": "x", "properties": {"prop_name": "x_"}}}, "outputs": {"Out": {"bl_idname": "SvStringsSocket", "name": "Out"}}, "bl_idname": "SvScalarMathNodeMK4"}, "Matrix Apply": {"attributes": {"location": [3702.90234375, -432.34149169921875], "parent": {"type": "NODE", "value": "Frame.009"}}, "properties": {"do_join": false}, "inputs": {"Vertices": {"bl_idname": "SvVerticesSocket", "name": "Vertices"}, "Edges": {"bl_idname": "SvStringsSocket", "name": "Edges"}, "Faces": {"bl_idname": "SvStringsSocket", "name": "Faces"}, "Matrices": {"bl_idname": "SvMatrixSocket", "name": "Matrices"}}, "outputs": {"Vertices": {"bl_idname": "SvVerticesSocket", "name": "Vertices"}, "Edges": {"bl_idname": "SvStringsSocket", "name": "Edges"}, "Faces": {"bl_idname": "SvStringsSocket", "name": "Faces"}}, "bl_idname": "SvMatrixApplyJoinNode"}, "Rotate.001": {"attributes": {"location": [-533.912109375, -84.33172607421875], "parent": {"type": "NODE", "value": "Frame.003"}}, "properties": {"angle_": 45.0}, "inputs": {"Vertices": {"bl_idname": "SvVerticesSocket", "name": "Vertices"}, "Centers": {"bl_idname": "SvVerticesSocket", "name": "Centers", "properties": {"prop_name": "centers_"}}, "Axis": {"bl_idname": "SvVerticesSocket", "name": "Axis", "properties": {"prop_name": "axis_"}}, "Angle": {"bl_idname": "SvStringsSocket", "name": "Angle", "properties": {"prop_name": "angle_"}}}, "outputs": {"Vertices": {"bl_idname": "SvVerticesSocket", "name": "Vertices"}}, "bl_idname": "SvRotationNodeMk3"}, "Mesh Clean.001": {"attributes": {"location": [2836.6563720703125, -489.3695068359375], "parent": {"type": "NODE", "value": "Frame.007"}}, "properties": {"remove_loose_verts": true, "remove_unreferenced_edges": true, "remove_duplicated_edges": true, "remove_degenerated_edges": true}, "inputs": {"Vertices": {"bl_idname": "SvVerticesSocket", "name": "Vertices", "properties": {"is_mandatory": true}}, "Edges": {"bl_idname": "SvStringsSocket", "name": "Edges", "properties": {"nesting_level": 3}}, "Faces": {"bl_idname": "SvStringsSocket", "name": "Faces", "properties": {"nesting_level": 3}}}, "outputs": {"Vertices": {"bl_idname": "SvVerticesSocket", "name": "Vertices"}, "Edges": {"bl_idname": "SvStringsSocket", "name": "Edges"}, "Faces": {"bl_idname": "SvStringsSocket", "name": "Faces"}, "Removed Vertices Idx": {"bl_idname": "SvStringsSocket", "name": "Removed Vertices Idx"}, "Removed Edges Idx": {"bl_idname": "SvStringsSocket", "name": "Removed Edges Idx"}, "Removed Faces Idx": {"bl_idname": "SvStringsSocket", "name": "Removed Faces Idx"}}, "bl_idname": "SvMeshCleanNode"}, "Merge by Distance": {"attributes": {"location": [3221.82470703125, -156.1697998046875], "parent": {"type": "NODE", "value": "Frame.007"}}, "properties": {"distance": 0.00039999998989515007}, "inputs": {"Vertices": {"bl_idname": "SvVerticesSocket", "name": "Vertices", "properties": {"is_mandatory": true, "default_mode": "NONE"}}, "PolyEdge": {"bl_idname": "SvStringsSocket", "name": "PolyEdge", "properties": {"nesting_level": 3}}, "FaceData": {"bl_idname": "SvStringsSocket", "name": "FaceData"}, "Mask": {"bl_idname": "SvStringsSocket", "name": "Mask"}, "Distance": {"bl_idname": "SvStringsSocket", "name": "Distance", "properties": {"prop_name": "distance", "nesting_level": 1, "pre_processing": "ONE_ITEM"}}}, "outputs": {"Vertices": {"bl_idname": "SvVerticesSocket", "name": "Vertices"}, "Edges": {"bl_idname": "SvStringsSocket", "name": "Edges"}, "Polygons": {"bl_idname": "SvStringsSocket", "name": "Polygons"}, "FaceData": {"bl_idname": "SvStringsSocket", "name": "FaceData"}, "Doubles": {"bl_idname": "SvVerticesSocket", "name": "Doubles"}, "Mask": {"bl_idname": "SvStringsSocket", "name": "Mask"}}, "bl_idname": "SvMergeByDistanceNode"}, "Mesh Clean": {"attributes": {"location": [2835.1397705078125, -75.00054931640625], "parent": {"type": "NODE", "value": "Frame.007"}}, "properties": {"remove_loose_verts": true}, "inputs": {"Vertices": {"bl_idname": "SvVerticesSocket", "name": "Vertices", "properties": {"is_mandatory": true}}, "Edges": {"bl_idname": "SvStringsSocket", "name": "Edges", "properties": {"nesting_level": 3}}, "Faces": {"bl_idname": "SvStringsSocket", "name": "Faces", "properties": {"nesting_level": 3}}}, "outputs": {"Vertices": {"bl_idname": "SvVerticesSocket", "name": "Vertices"}, "Edges": {"bl_idname": "SvStringsSocket", "name": "Edges"}, "Faces": {"bl_idname": "SvStringsSocket", "name": "Faces"}, "Removed Vertices Idx": {"bl_idname": "SvStringsSocket", "name": "Removed Vertices Idx"}, "Removed Edges Idx": {"bl_idname": "SvStringsSocket", "name": "Removed Edges Idx"}, "Removed Faces Idx": {"bl_idname": "SvStringsSocket", "name": "Removed Faces Idx"}}, "bl_idname": "SvMeshCleanNode"}, "Vector Sort": {"attributes": {"location": [3040.46044921875, -94.19659423828125], "parent": {"type": "NODE", "value": "Frame.007"}}, "properties": {"mode": "CONNEX"}, "inputs": {"Vertices": {"bl_idname": "SvVerticesSocket", "name": "Vertices"}, "PolyEdge": {"bl_idname": "SvStringsSocket", "name": "PolyEdge"}}, "outputs": {"Vertices": {"bl_idname": "SvVerticesSocket", "name": "Vertices"}, "PolyEdge": {"bl_idname": "SvStringsSocket", "name": "PolyEdge"}, "Item order": {"bl_idname": "SvStringsSocket", "name": "Item order"}}, "bl_idname": "SvVertSortNode"}, "List Join.001": {"attributes": {"location": [3017.29541015625, -533.8841857910156], "parent": {"type": "NODE", "value": "Frame.007"}}, "inputs": {"data": {"bl_idname": "SvStringsSocket", "name": "data"}, "data 1": {"bl_idname": "SvStringsSocket", "name": "data 1"}, "data 2": {"bl_idname": "SvStringsSocket", "name": "data 2"}}, "outputs": {"data": {"bl_idname": "SvStringsSocket", "name": "data"}}, "bl_idname": "ListJoinNode"}, "List Join": {"attributes": {"location": [3030.43994140625, -299.6195068359375], "parent": {"type": "NODE", "value": "Frame.007"}}, "inputs": {"data": {"bl_idname": "SvStringsSocket", "name": "data"}, "data 1": {"bl_idname": "SvStringsSocket", "name": "data 1"}, "data 2": {"bl_idname": "SvStringsSocket", "name": "data 2"}}, "outputs": {"data": {"bl_idname": "SvVerticesSocket", "name": "data"}}, "bl_idname": "ListJoinNode"}, "Logic functions.001": {"attributes": {"location": [4457.17724609375, 320.75115966796875], "parent": {"type": "NODE", "value": "Frame.014"}}, "properties": {"function_name": "LESS"}, "inputs": {"A": {"bl_idname": "SvStringsSocket", "name": "A", "properties": {"use_prop": true, "show_property_type": true, "default_int_property": 1, "default_float_property": 1.0}}, "B": {"bl_idname": "SvStringsSocket", "name": "B", "properties": {"use_prop": true, "show_property_type": true, "default_int_property": 1, "default_float_property": 0.009999999776482582}}}, "outputs": {"Result": {"bl_idname": "SvStringsSocket", "name": "Result"}}, "bl_idname": "SvLogicNodeMK2"}, "Adaptive Edges.003": {"attributes": {"location": [2156.10498046875, -276.1851043701172], "parent": {"type": "NODE", "value": "Frame.004"}}, "inputs": {"adaptive_verts": {"bl_idname": "SvVerticesSocket", "name": "adaptive_verts", "properties": {"label": "Adaptive verts"}}, "adaptive_edges": {"bl_idname": "SvStringsSocket", "name": "adaptive_edges", "properties": {"label": "Adaptive edges"}}, "adaptive_edges_mask": {"bl_idname": "SvStringsSocket", "name": "adaptive_edges_mask", "properties": {"label": "Mask of Adaptive Edges", "custom_draw": "draw_adaptive_edges_mask_in_socket"}}, "mesh_verts": {"bl_idname": "SvVerticesSocket", "name": "mesh_verts", "properties": {"label": "Verts"}}, "mesh_edges": {"bl_idname": "SvStringsSocket", "name": "mesh_edges", "properties": {"label": "Edges"}}, "adaptive_index_0": {"bl_idname": "SvStringsSocket", "name": "adaptive_index_0", "properties": {"prop_name": "adaptive_index_0", "label": "First adaptive index"}}, "adaptive_index_1": {"bl_idname": "SvStringsSocket", "name": "adaptive_index_1", "properties": {"prop_name": "adaptive_index_1", "label": "Second adaptive index"}}}, "outputs": {"Vertices": {"bl_idname": "SvVerticesSocket", "name": "Vertices"}, "Edges": {"bl_idname": "SvStringsSocket", "name": "Edges"}}, "bl_idname": "SvAdaptiveEdgeNodeMK2"}, "Adaptive Edges.002": {"attributes": {"location": [2151.4599609375, 48.11460876464844], "parent": {"type": "NODE", "value": "Frame.004"}}, "inputs": {"adaptive_verts": {"bl_idname": "SvVerticesSocket", "name": "adaptive_verts", "properties": {"label": "Adaptive verts"}}, "adaptive_edges": {"bl_idname": "SvStringsSocket", "name": "adaptive_edges", "properties": {"label": "Adaptive edges"}}, "adaptive_edges_mask": {"bl_idname": "SvStringsSocket", "name": "adaptive_edges_mask", "properties": {"label": "Mask of Adaptive Edges", "custom_draw": "draw_adaptive_edges_mask_in_socket"}}, "mesh_verts": {"bl_idname": "SvVerticesSocket", "name": "mesh_verts", "properties": {"label": "Verts"}}, "mesh_edges": {"bl_idname": "SvStringsSocket", "name": "mesh_edges", "properties": {"label": "Edges"}}, "adaptive_index_0": {"bl_idname": "SvStringsSocket", "name": "adaptive_index_0", "properties": {"prop_name": "adaptive_index_0", "label": "First adaptive index"}}, "adaptive_index_1": {"bl_idname": "SvStringsSocket", "name": "adaptive_index_1", "properties": {"prop_name": "adaptive_index_1", "label": "Second adaptive index"}}}, "outputs": {"Vertices": {"bl_idname": "SvVerticesSocket", "name": "Vertices"}, "Edges": {"bl_idname": "SvStringsSocket", "name": "Edges"}}, "bl_idname": "SvAdaptiveEdgeNodeMK2"}, "List Input": {"attributes": {"location": [3824.501953125, -617.1320190429688], "width": 260.0, "parent": {"type": "NODE", "value": "Frame.011"}}, "properties": {"int_list_items": [{"elem": 1}, {}, {}, {}, {}, {}, {}, {}, {}, {}], "int_list_counter": 10}, "inputs": {"mask": {"bl_idname": "SvStringsSocket", "name": "mask", "properties": {"label": "Mask", "custom_draw": "draw_mask_in_socket"}}}, "outputs": {"data_output": {"bl_idname": "SvStringsSocket", "name": "data_output", "properties": {"label": "Integers"}}}, "bl_idname": "SvListInputNodeMK2"}, "Reroute.002": {"attributes": {"location": [4088.4169921875, -572.025634765625], "width": 16.0, "parent": {"type": "NODE", "value": "Frame.011"}}, "bl_idname": "NodeReroute"}}, "links": [{"from_node": "Component Analyzer.001", "from_socket": "Is Boundary ", "to_node": "Switch", "to_socket": "State"}, {"from_node": "A Number.001", "from_socket": "Float", "to_node": "Switch", "to_socket": "A_0"}, {"from_node": "A Number.002", "from_socket": "Float", "to_node": "Switch", "to_socket": "B_0"}, {"from_node": "Plane", "from_socket": "Vertices", "to_node": "Component Analyzer.001", "to_socket": "Vertices"}, {"from_node": "Plane", "from_socket": "Edges", "to_node": "Component Analyzer.001", "to_socket": "Edges"}, {"from_node": "Plane", "from_socket": "Polygons", "to_node": "Component Analyzer.001", "to_socket": "Faces"}, {"from_node": "Switch", "from_socket": "Out_0", "to_node": "Scalar Math.001", "to_socket": "x"}, {"from_node": "A Number.004", "from_socket": "Float", "to_node": "Scalar Math.001", "to_socket": "y"}, {"from_node": "Vector out", "from_socket": "X", "to_node": "Vector in", "to_socket": "X"}, {"from_node": "Vector out", "from_socket": "Y", "to_node": "Vector in", "to_socket": "Y"}, {"from_node": "Vector Noise", "from_socket": "Noise V", "to_node": "Vector out", "to_socket": "Vectors"}, {"from_node": "Plane", "from_socket": "Vertices", "to_node": "Vector Noise", "to_socket": "Vertices"}, {"from_node": "A Number.008", "from_socket": "Int", "to_node": "Vector Noise", "to_socket": "Seed"}, {"from_node": "Matrix In.002", "from_socket": "Matrices", "to_node": "Vector Noise", "to_socket": "Noise Matrix"}, {"from_node": "Vector in.002", "from_socket": "Vectors", "to_node": "Matrix In.002", "to_socket": "Scale"}, {"from_node": "A Number.009", "from_socket": "Float", "to_node": "Vector in.002", "to_socket": "X"}, {"from_node": "A Number.009", "from_socket": "Float", "to_node": "Vector in.002", "to_socket": "Y"}, {"from_node": "A Number.009", "from_socket": "Float", "to_node": "Vector in.002", "to_socket": "Z"}, {"from_node": "File Path", "from_socket": "File Path", "to_node": "SVG Document", "to_socket": "Folder Path"}, {"from_node": "Path SVG", "from_socket": "SVG Objects", "to_node": "SVG Document", "to_socket": "SVG Objects"}, {"from_node": "SVG Document", "from_socket": "Canvas Vertices", "to_node": "Viewer Draw.003", "to_socket": "Vertices"}, {"from_node": "SVG Document", "from_socket": "Canvas Edges", "to_node": "Viewer Draw.003", "to_socket": "Edges"}, {"from_node": "Matrix Apply", "from_socket": "Vertices", "to_node": "Path SVG", "to_socket": "Vertices"}, {"from_node": "Fill / Stroke SVG", "from_socket": "Fill / Stroke", "to_node": "Path SVG", "to_socket": "Fill / Stroke"}, {"from_node": "Separate Loose Parts", "from_socket": "Vertices", "to_node": "List Mask (out).001", "to_socket": "data"}, {"from_node": "Reroute.002", "from_socket": "Output", "to_node": "List Mask (out).001", "to_socket": "mask"}, {"from_node": "Number Range", "from_socket": "Range", "to_node": "List Mask (out).002", "to_socket": "data"}, {"from_node": "Reroute.002", "from_socket": "Output", "to_node": "List Mask (out).002", "to_socket": "mask"}, {"from_node": "List Length", "from_socket": "Length", "to_node": "Number Range", "to_socket": "Stop"}, {"from_node": "Plane", "from_socket": "Vertices", "to_node": "Select mesh elements.001", "to_socket": "Vertices"}, {"from_node": "Reroute.001", "from_socket": "Output", "to_node": "Select mesh elements.001", "to_socket": "Edges"}, {"from_node": "Reroute.001", "from_socket": "Output", "to_node": "List Mask (out)", "to_socket": "data"}, {"from_node": "Select mesh elements.001", "from_socket": "EdgesMask", "to_node": "List Mask (out)", "to_socket": "mask"}, {"from_node": "Move", "from_socket": "Vertices", "to_node": "Reroute", "to_socket": "Input"}, {"from_node": "A Number.005", "from_socket": "Float", "to_node": "Plane", "to_socket": "Size X"}, {"from_node": "A Number.011", "from_socket": "Float", "to_node": "Plane", "to_socket": "Size Y"}, {"from_node": "A Number.006", "from_socket": "Int", "to_node": "Plane", "to_socket": "Num X"}, {"from_node": "A Number.007", "from_socket": "Int", "to_node": "Plane", "to_socket": "Num Y"}, {"from_node": "Plane", "from_socket": "Vertices", "to_node": "Move", "to_socket": "Vertices"}, {"from_node": "Vector in", "from_socket": "Vectors", "to_node": "Move", "to_socket": "Movement Vectors"}, {"from_node": "Scalar Math.001", "from_socket": "Out", "to_node": "Move", "to_socket": "Strength"}, {"from_node": "List Join.002", "from_socket": "data", "to_node": "Rotate.002", "to_socket": "Vertices"}, {"from_node": "Adaptive Edges.002", "from_socket": "Vertices", "to_node": "List Join.002", "to_socket": "data"}, {"from_node": "Adaptive Edges.003", "from_socket": "Vertices", "to_node": "List Join.002", "to_socket": "data 1"}, {"from_node": "Adaptive Edges.002", "from_socket": "Edges", "to_node": "List Join.003", "to_socket": "data"}, {"from_node": "Adaptive Edges.003", "from_socket": "Edges", "to_node": "List Join.003", "to_socket": "data 1"}, {"from_node": "Reroute", "from_socket": "Output", "to_node": "Component Analyzer", "to_socket": "Vertices"}, {"from_node": "Plane", "from_socket": "Edges", "to_node": "Component Analyzer", "to_socket": "Edges"}, {"from_node": "Plane", "from_socket": "Polygons", "to_node": "Component Analyzer", "to_socket": "Faces"}, {"from_node": "Component Analyzer", "from_socket": "False Edges", "to_node": "Reroute.001", "to_socket": "Input"}, {"from_node": "List Item", "from_socket": "Item", "to_node": "Viewer Index+", "to_socket": "verts"}, {"from_node": "List Item.001", "from_socket": "Item", "to_node": "Viewer Index+", "to_socket": "text"}, {"from_node": "List Mask (out).002", "from_socket": "dataTrue", "to_node": "List Item.001", "to_socket": "Data"}, {"from_node": "A Number", "from_socket": "Int", "to_node": "List Item.001", "to_socket": "Index"}, {"from_node": "Separate Loose Parts", "from_socket": "Vertices", "to_node": "List Length", "to_socket": "Data"}, {"from_node": "Reroute", "from_socket": "Output", "to_node": "Path Length", "to_socket": "Vertices"}, {"from_node": "Plane", "from_socket": "Edges", "to_node": "Path Length", "to_socket": "Edges"}, {"from_node": "Reroute", "from_socket": "Output", "to_node": "Edge Boom", "to_socket": "Vertices"}, {"from_node": "Plane", "from_socket": "Edges", "to_node": "Edge Boom", "to_socket": "Edges"}, {"from_node": "Edge Boom", "from_socket": "Vertex1", "to_node": "Vector Lerp", "to_socket": "Vertices A"}, {"from_node": "Edge Boom", "from_socket": "Vertex2", "to_node": "Vector Lerp", "to_socket": "Vertices B"}, {"from_node": "Path Length", "from_socket": "SegmentLength", "to_node": "Scalar Math", "to_socket": "x"}, {"from_node": "Logic functions.001", "from_socket": "Result", "to_node": "Switch.001", "to_socket": "State"}, {"from_node": "Scalar Math", "from_socket": "Out", "to_node": "Switch.001", "to_socket": "A_0"}, {"from_node": "Note", "from_socket": "Text Out", "to_node": "Switch.001", "to_socket": "B_0"}, {"from_node": "Switch.001", "from_socket": "Out_0", "to_node": "Strings Tools", "to_socket": "Text"}, {"from_node": "Strings Tools", "from_socket": "Out", "to_node": "List Split", "to_socket": "Data"}, {"from_node": "Strings Tools", "from_socket": "Out", "to_node": "Stethoscope MK2", "to_socket": "Data"}, {"from_node": "Vector Lerp", "from_socket": "EvPoint", "to_node": "Viewer Index+.001", "to_socket": "verts"}, {"from_node": "Matrix In.001", "from_socket": "Matrices", "to_node": "Viewer Index+.001", "to_socket": "matrix"}, {"from_node": "List Split", "from_socket": "Split", "to_node": "Viewer Index+.001", "to_socket": "text"}, {"from_node": "List Zip", "from_socket": "data", "to_node": "Stethoscope MK2.002", "to_socket": "Data"}, {"from_node": "Evaluate Curve", "from_socket": "Vertices", "to_node": "Viewer Draw.001", "to_socket": "Vertices"}, {"from_node": "Evaluate Curve", "from_socket": "Edges", "to_node": "Viewer Draw.001", "to_socket": "Edges"}, {"from_node": "Matrix In", "from_socket": "Matrices", "to_node": "Viewer Draw.001", "to_socket": "Matrix"}, {"from_node": "List Zip", "from_socket": "data", "to_node": "Viewer Draw.002", "to_socket": "Vertices"}, {"from_node": "Matrix In", "from_socket": "Matrices", "to_node": "Viewer Draw.002", "to_socket": "Matrix"}, {"from_node": "List Match", "from_socket": "Data 0", "to_node": "List Zip", "to_socket": "data"}, {"from_node": "List Match", "from_socket": "Data 1", "to_node": "List Zip", "to_socket": "data 1"}, {"from_node": "List Match", "from_socket": "Data 2", "to_node": "List Zip", "to_socket": "data 2"}, {"from_node": "List Match", "from_socket": "Data 3", "to_node": "List Zip", "to_socket": "data 3"}, {"from_node": "List Match", "from_socket": "Data 4", "to_node": "List Zip", "to_socket": "data 4"}, {"from_node": "List Match", "from_socket": "Data 5", "to_node": "List Zip", "to_socket": "data 5"}, {"from_node": "List Match", "from_socket": "Data 6", "to_node": "List Zip", "to_socket": "data 6"}, {"from_node": "List Match", "from_socket": "Data 7", "to_node": "List Zip", "to_socket": "data 7"}, {"from_node": "Cubic Spline", "from_socket": "Curve", "to_node": "Evaluate Curve", "to_socket": "Curve"}, {"from_node": "Vector in.003", "from_socket": "Vectors", "to_node": "List Match", "to_socket": "Data 0"}, {"from_node": "Vector in.004", "from_socket": "Vectors", "to_node": "List Match", "to_socket": "Data 1"}, {"from_node": "Vector in.006", "from_socket": "Vectors", "to_node": "List Match", "to_socket": "Data 2"}, {"from_node": "Vector in.005", "from_socket": "Vectors", "to_node": "List Match", "to_socket": "Data 3"}, {"from_node": "Vector in.010", "from_socket": "Vectors", "to_node": "List Match", "to_socket": "Data 4"}, {"from_node": "Vector in.009", "from_socket": "Vectors", "to_node": "List Match", "to_socket": "Data 5"}, {"from_node": "Vector in.008", "from_socket": "Vectors", "to_node": "List Match", "to_socket": "Data 6"}, {"from_node": "Vector in.007", "from_socket": "Vectors", "to_node": "List Match", "to_socket": "Data 7"}, {"from_node": "List Zip", "from_socket": "data", "to_node": "Cubic Spline", "to_socket": "Vertices"}, {"from_node": "List Mask (out).001", "from_socket": "dataTrue", "to_node": "List Item", "to_socket": "Data"}, {"from_node": "A Number", "from_socket": "Int", "to_node": "List Item", "to_socket": "Index"}, {"from_node": "Separate Loose Parts", "from_socket": "Vertices", "to_node": "Viewer Draw", "to_socket": "Vertices"}, {"from_node": "Separate Loose Parts", "from_socket": "Poly Egde", "to_node": "Viewer Draw", "to_socket": "Edges"}, {"from_node": "Matrix In.001", "from_socket": "Matrices", "to_node": "Viewer Draw", "to_socket": "Matrix"}, {"from_node": "Vector in.001", "from_socket": "Vectors", "to_node": "Matrix In.001", "to_socket": "Location"}, {"from_node": "Merge by Distance", "from_socket": "Vertices", "to_node": "Separate Loose Parts", "to_socket": "Vertices"}, {"from_node": "Merge by Distance", "from_socket": "Edges", "to_node": "Separate Loose Parts", "to_socket": "Poly Egde"}, {"from_node": "Scalar Math.002", "from_socket": "Out", "to_node": "Vector in.001", "to_socket": "X"}, {"from_node": "Scalar Math.003", "from_socket": "Out", "to_node": "Vector in.001", "to_socket": "Y"}, {"from_node": "A Number.005", "from_socket": "Float", "to_node": "Scalar Math.002", "to_socket": "x"}, {"from_node": "A Number.011", "from_socket": "Float", "to_node": "Scalar Math.003", "to_socket": "x"}, {"from_node": "Separate Loose Parts", "from_socket": "Vertices", "to_node": "Matrix Apply", "to_socket": "Vertices"}, {"from_node": "Separate Loose Parts", "from_socket": "Poly Egde", "to_node": "Matrix Apply", "to_socket": "Edges"}, {"from_node": "Matrix In.001", "from_socket": "Matrices", "to_node": "Matrix Apply", "to_socket": "Matrices"}, {"from_node": "Reroute", "from_socket": "Output", "to_node": "Rotate.001", "to_socket": "Vertices"}, {"from_node": "Rotate.002", "from_socket": "Vertices", "to_node": "Mesh Clean.001", "to_socket": "Vertices"}, {"from_node": "List Join.003", "from_socket": "data", "to_node": "Mesh Clean.001", "to_socket": "Edges"}, {"from_node": "List Join", "from_socket": "data", "to_node": "Merge by Distance", "to_socket": "Vertices"}, {"from_node": "List Join.001", "from_socket": "data", "to_node": "Merge by Distance", "to_socket": "PolyEdge"}, {"from_node": "Reroute", "from_socket": "Output", "to_node": "Mesh Clean", "to_socket": "Vertices"}, {"from_node": "Component Analyzer", "from_socket": "True Edges", "to_node": "Mesh Clean", "to_socket": "Edges"}, {"from_node": "Mesh Clean", "from_socket": "Vertices", "to_node": "Vector Sort", "to_socket": "Vertices"}, {"from_node": "Mesh Clean", "from_socket": "Edges", "to_node": "Vector Sort", "to_socket": "PolyEdge"}, {"from_node": "Vector Sort", "from_socket": "PolyEdge", "to_node": "List Join.001", "to_socket": "data"}, {"from_node": "Mesh Clean.001", "from_socket": "Edges", "to_node": "List Join.001", "to_socket": "data 1"}, {"from_node": "Vector Sort", "from_socket": "Vertices", "to_node": "List Join", "to_socket": "data"}, {"from_node": "Mesh Clean.001", "from_socket": "Vertices", "to_node": "List Join", "to_socket": "data 1"}, {"from_node": "Scalar Math", "from_socket": "Out", "to_node": "Logic functions.001", "to_socket": "A"}, {"from_node": "A Number.003", "from_socket": "Float", "to_node": "Logic functions.001", "to_socket": "B"}, {"from_node": "Rotate.001", "from_socket": "Vertices", "to_node": "Adaptive Edges.003", "to_socket": "adaptive_verts"}, {"from_node": "List Mask (out)", "from_socket": "dataFalse", "to_node": "Adaptive Edges.003", "to_socket": "adaptive_edges"}, {"from_node": "Evaluate Curve", "from_socket": "Vertices", "to_node": "Adaptive Edges.003", "to_socket": "mesh_verts"}, {"from_node": "Evaluate Curve", "from_socket": "Edges", "to_node": "Adaptive Edges.003", "to_socket": "mesh_edges"}, {"from_node": "Rotate.001", "from_socket": "Vertices", "to_node": "Adaptive Edges.002", "to_socket": "adaptive_verts"}, {"from_node": "List Mask (out)", "from_socket": "dataTrue", "to_node": "Adaptive Edges.002", "to_socket": "adaptive_edges"}, {"from_node": "Evaluate Curve", "from_socket": "Vertices", "to_node": "Adaptive Edges.002", "to_socket": "mesh_verts"}, {"from_node": "Evaluate Curve", "from_socket": "Edges", "to_node": "Adaptive Edges.002", "to_socket": "mesh_edges"}, {"from_node": "List Input", "from_socket": "data_output", "to_node": "Reroute.002", "to_socket": "Input"}]}}