{
  "export_version": "1.0",
  "main_tree": {
    "nodes": {
      "List Input.002": {
        "attributes": {
          "location": [
            206.68313598632812,
            -278.41033935546875
          ]
        },
        "properties": {
          "mode": "float_list",
          "v_int": 3,
          "vector_list": [
            1.0,
            0.0,
            0.0,
            1.0,
            1.0,
            0.0,
            0.0,
            1.0,
            0.0,
            0.0,
            0.0,
            0.0,
            0.0,
            0.0,
            0.0,
            0.0,
            0.0,
            0.0,
            0.0,
            0.0,
            0.0,
            0.0,
            0.0,
            0.0,
            0.0,
            0.0,
            0.0,
            0.0,
            0.0,
            0.0,
            0.0,
            0.0
          ],
          "int_": 12,
          "float_list": [
            0.0,
            0.0,
            0.0,
            1.5707963705062866,
            1.5707963705062866,
            3.1415927410125732,
            3.1415927410125732,
            4.71238899230957,
            4.71238899230957,
            6.2831854820251465,
            6.2831854820251465,
            6.2831854820251465,
            0.0,
            0.0,
            0.0,
            0.0,
            0.0,
            0.0,
            0.0,
            0.0,
            0.0,
            0.0,
            0.0,
            0.0,
            0.0,
            0.0,
            0.0,
            0.0,
            0.0,
            0.0,
            0.0,
            0.0
          ]
        },
        "outputs": {
          "List": {
            "bl_idname": "SvStringsSocket",
            "name": "List"
          }
        },
        "bl_idname": "SvListInputNode"
      },
      "List Input": {
        "attributes": {
          "location": [
            195.6565399169922,
            109.3604736328125
          ],
          "width": 209.2644805908203
        },
        "properties": {
          "mode": "vector",
          "v_int": 9,
          "vector_list": [
            1.0,
            0.0,
            0.0,
            1.0,
            1.0,
            0.0,
            0.0,
            1.0,
            0.0,
            -1.0,
            1.0,
            0.0,
            -1.0,
            0.0,
            0.0,
            -1.0,
            -1.0,
            0.0,
            0.0,
            -1.0,
            0.0,
            1.0,
            -1.0,
            0.0,
            1.0,
            0.0,
            0.0,
            0.0,
            0.0,
            0.0,
            0.0,
            0.0
          ]
        },
        "outputs": {
          "Vector List": {
            "bl_idname": "SvVerticesSocket",
            "name": "Vector List"
          }
        },
        "bl_idname": "SvListInputNode"
      },
      "List Input.001": {
        "attributes": {
          "location": [
            -31.600189208984375,
            -157.9886474609375
          ]
        },
        "properties": {
          "mode": "float_list",
          "v_int": 3,
          "vector_list": [
            1.0,
            0.0,
            0.0,
            1.0,
            1.0,
            0.0,
            0.0,
            1.0,
            0.0,
            0.0,
            0.0,
            0.0,
            0.0,
            0.0,
            0.0,
            0.0,
            0.0,
            0.0,
            0.0,
            0.0,
            0.0,
            0.0,
            0.0,
            0.0,
            0.0,
            0.0,
            0.0,
            0.0,
            0.0,
            0.0,
            0.0,
            0.0
          ],
          "int_": 9,
          "float_list": [
            1.0,
            0.7071067690849304,
            1.0,
            0.7071067690849304,
            1.0,
            0.7071070075035095,
            1.0,
            0.7071070075035095,
            1.0,
            0.0,
            0.0,
            0.0,
            0.0,
            0.0,
            0.0,
            0.0,
            0.0,
            0.0,
            0.0,
            0.0,
            0.0,
            0.0,
            0.0,
            0.0,
            0.0,
            0.0,
            0.0,
            0.0,
            0.0,
            0.0,
            0.0,
            0.0
          ]
        },
        "outputs": {
          "List": {
            "bl_idname": "SvStringsSocket",
            "name": "List"
          }
        },
        "bl_idname": "SvListInputNode"
      },
      "Build NURBS Curve": {
        "attributes": {
          "location": [
            515.6685791015625,
            -36.4075927734375
          ]
        },
        "properties": {
          "degree": 2,
          "is_cyclic": true,
          "knot_mode": "EXPLICIT",
          "normalize_knots": false
        },
        "inputs": {
          "ControlPoints": {
            "bl_idname": "SvVerticesSocket",
            "name": "ControlPoints"
          },
          "Weights": {
            "bl_idname": "SvStringsSocket",
            "name": "Weights"
          },
          "Knots": {
            "bl_idname": "SvStringsSocket",
            "name": "Knots"
          },
          "Degree": {
            "bl_idname": "SvStringsSocket",
            "name": "Degree",
            "properties": {
              "prop_name": "degree"
            }
          }
        },
        "outputs": {
          "Curve": {
            "bl_idname": "SvCurveSocket",
            "name": "Curve"
          },
          "Knots": {
            "bl_idname": "SvStringsSocket",
            "name": "Knots"
          }
        },
        "bl_idname": "SvExNurbsCurveNode"
      },
      "Evaluate Curve": {
        "attributes": {
          "location": [
            729.5865478515625,
            -1.6840705871582031
          ]
        },
        "inputs": {
          "Curve": {
            "bl_idname": "SvCurveSocket",
            "name": "Curve"
          },
          "T": {
            "bl_idname": "SvStringsSocket",
            "name": "T",
            "attributes": {
              "hide": true
            },
            "properties": {
              "prop_name": "t_value"
            }
          },
          "Samples": {
            "bl_idname": "SvStringsSocket",
            "name": "Samples",
            "properties": {
              "prop_name": "sample_size"
            }
          }
        },
        "outputs": {
          "Vertices": {
            "bl_idname": "SvVerticesSocket",
            "name": "Vertices"
          },
          "Edges": {
            "bl_idname": "SvStringsSocket",
            "name": "Edges"
          },
          "Tangents": {
            "bl_idname": "SvVerticesSocket",
            "name": "Tangents"
          }
        },
        "bl_idname": "SvExEvalCurveNode"
      },
      "Viewer Draw": {
        "attributes": {
          "location": [
            939.8363647460938,
            51.14998245239258
          ],
          "color": [
            1.0,
            0.5889999866485596,
            0.21400000154972076
          ],
          "use_custom_color": true
        },
        "inputs": {
          "Vertices": {
            "bl_idname": "SvVerticesSocket",
            "name": "Vertices",
            "properties": {
              "custom_draw": "draw_property_socket"
            }
          },
          "Edges": {
            "bl_idname": "SvStringsSocket",
            "name": "Edges",
            "properties": {
              "custom_draw": "draw_property_socket"
            }
          },
          "Polygons": {
            "bl_idname": "SvStringsSocket",
            "name": "Polygons"
          },
          "Matrix": {
            "bl_idname": "SvMatrixSocket",
            "name": "Matrix"
          },
          "Vector Color": {
            "bl_idname": "SvColorSocket",
            "name": "Vector Color",
            "properties": {
              "custom_draw": "draw_color_socket",
              "prop_name": "vector_color"
            }
          },
          "Edge Color": {
            "bl_idname": "SvColorSocket",
            "name": "Edge Color",
            "properties": {
              "custom_draw": "draw_color_socket",
              "prop_name": "edge_color"
            }
          },
          "Polygon Color": {
            "bl_idname": "SvColorSocket",
            "name": "Polygon Color",
            "properties": {
              "custom_draw": "draw_color_socket",
              "prop_name": "polygon_color"
            }
          },
          "attrs": {
            "bl_idname": "SvStringsSocket",
            "name": "attrs",
            "attributes": {
              "hide": true
            },
            "properties": {
              "quick_link_to_node": "SvVDAttrsNodeMk2"
            }
          }
        },
        "bl_idname": "SvViewerDrawMk4"
      }
    },
    "links": [
      {
        "from_node": "List Input",
        "from_socket": "Vector List",
        "to_node": "Build NURBS Curve",
        "to_socket": "ControlPoints"
      },
      {
        "from_node": "List Input.001",
        "from_socket": "List",
        "to_node": "Build NURBS Curve",
        "to_socket": "Weights"
      },
      {
        "from_node": "List Input.002",
        "from_socket": "List",
        "to_node": "Build NURBS Curve",
        "to_socket": "Knots"
      },
      {
        "from_node": "Build NURBS Curve",
        "from_socket": "Curve",
        "to_node": "Evaluate Curve",
        "to_socket": "Curve"
      },
      {
        "from_node": "Evaluate Curve",
        "from_socket": "Vertices",
        "to_node": "Viewer Draw",
        "to_socket": "Vertices"
      },
      {
        "from_node": "Evaluate Curve",
        "from_socket": "Edges",
        "to_node": "Viewer Draw",
        "to_socket": "Edges"
      }
    ]
  }
}