{
  "export_version": "0.055",
  "framed_nodes": {},
  "groups": {},
  "nodes": {
    "Float Series": {
      "bl_idname": "SvGenFloatRange",
      "color": [
        0.6079999804496765,
        0.6079999804496765,
        0.6079999804496765
      ],
      "height": 100.0,
      "hide": false,
      "label": "",
      "location": [
        -1456.6103515625,
        -1467.822265625
      ],
      "params": {},
      "width": 140.0
    },
    "Float Series.001": {
      "bl_idname": "SvGenFloatRange",
      "color": [
        0.6079999804496765,
        0.6079999804496765,
        0.6079999804496765
      ],
      "height": 100.0,
      "hide": false,
      "label": "",
      "location": [
        -578.838623046875,
        -2424.34521484375
      ],
      "params": {
        "count_": 20,
        "mode": "FRANGE_COUNT"
      },
      "width": 140.0
    },
    "Formula2.001": {
      "bl_idname": "Formula2Node",
      "color": [
        0.6079999804496765,
        0.6079999804496765,
        0.6079999804496765
      ],
      "height": 100.0,
      "hide": false,
      "label": "",
      "location": [
        -538.3297119140625,
        -1933.88720703125
      ],
      "params": {
        "formula": "0,1,True,False"
      },
      "width": 140.0
    },
    "Integer": {
      "bl_idname": "IntegerNode",
      "color": [
        0.6079999804496765,
        0.6079999804496765,
        0.6079999804496765
      ],
      "height": 100.0,
      "hide": false,
      "label": "",
      "location": [
        -587.1723022460938,
        -527.0422973632812
      ],
      "params": {},
      "width": 140.0
    },
    "Integer.001": {
      "bl_idname": "IntegerNode",
      "color": [
        0.6079999804496765,
        0.6079999804496765,
        0.6079999804496765
      ],
      "height": 100.0,
      "hide": false,
      "label": "",
      "location": [
        -590.3536376953125,
        -656.0572509765625
      ],
      "params": {
        "int_": 3
      },
      "width": 140.0
    },
    "Integer.002": {
      "bl_idname": "IntegerNode",
      "color": [
        0.6079999804496765,
        0.6079999804496765,
        0.6079999804496765
      ],
      "height": 100.0,
      "hide": false,
      "label": "",
      "location": [
        -590.3536376953125,
        -765.9588623046875
      ],
      "params": {
        "int_": 6
      },
      "width": 140.0
    },
    "Integer.003": {
      "bl_idname": "IntegerNode",
      "color": [
        0.6079999804496765,
        0.6079999804496765,
        0.6079999804496765
      ],
      "height": 100.0,
      "hide": false,
      "label": "",
      "location": [
        -542.3589477539062,
        -1387.371337890625
      ],
      "params": {
        "int_": 6
      },
      "width": 140.0
    },
    "List First Last": {
      "bl_idname": "ListFLNode",
      "color": [
        0.6079999804496765,
        0.6079999804496765,
        0.6079999804496765
      ],
      "height": 100.0,
      "hide": false,
      "label": "",
      "location": [
        -341.44403076171875,
        -1205.119140625
      ],
      "params": {},
      "width": 140.0
    },
    "List Flip Node": {
      "bl_idname": "ListFlipNode",
      "color": [
        0.6079999804496765,
        0.6079999804496765,
        0.6079999804496765
      ],
      "height": 100.0,
      "hide": false,
      "label": "",
      "location": [
        -341.4432373046875,
        -1698.37353515625
      ],
      "params": {},
      "width": 140.0
    },
    "List Join": {
      "bl_idname": "ListJoinNode",
      "color": [
        0.6079999804496765,
        0.6079999804496765,
        0.6079999804496765
      ],
      "height": 100.0,
      "hide": false,
      "label": "",
      "location": [
        -341.446533203125,
        -255.3585205078125
      ],
      "params": {},
      "width": 140.0
    },
    "List Length": {
      "bl_idname": "ListLengthNode",
      "color": [
        0.6079999804496765,
        0.6079999804496765,
        0.6079999804496765
      ],
      "height": 100.0,
      "hide": false,
      "label": "",
      "location": [
        -341.4444274902344,
        -991.3572998046875
      ],
      "params": {
        "level": 1
      },
      "width": 140.0
    },
    "List Match": {
      "bl_idname": "ListMatchNode",
      "color": [
        0.6079999804496765,
        0.6079999804496765,
        0.6079999804496765
      ],
      "height": 100.0,
      "hide": false,
      "label": "",
      "location": [
        -341.71429443359375,
        -2234.147705078125
      ],
      "params": {},
      "width": 140.0
    },
    "List Reverse": {
      "bl_idname": "ListReverseNode",
      "color": [
        0.6079999804496765,
        0.6079999804496765,
        0.6079999804496765
      ],
      "height": 100.0,
      "hide": false,
      "label": "",
      "location": [
        -341.44488525390625,
        -876.2932739257812
      ],
      "params": {},
      "width": 140.0
    },
    "List Shift": {
      "bl_idname": "ShiftNode",
      "color": [
        0.6079999804496765,
        0.6079999804496765,
        0.6079999804496765
      ],
      "height": 100.0,
      "hide": false,
      "label": "",
      "location": [
        -341.4459533691406,
        -476.73040771484375
      ],
      "params": {},
      "width": 140.0
    },
    "List Shuffle": {
      "bl_idname": "ListShuffleNode",
      "color": [
        0.6079999804496765,
        0.6079999804496765,
        0.6079999804496765
      ],
      "height": 100.0,
      "hide": false,
      "label": "",
      "location": [
        -341.7154541015625,
        -2062.6376953125
      ],
      "params": {},
      "width": 140.0
    },
    "List Slice": {
      "bl_idname": "ListSliceNode",
      "color": [
        0.6079999804496765,
        0.6079999804496765,
        0.6079999804496765
      ],
      "height": 100.0,
      "hide": false,
      "label": "",
      "location": [
        -341.4453430175781,
        -645.7781982421875
      ],
      "params": {},
      "width": 140.0
    },
    "List Sort": {
      "bl_idname": "ListSortNode",
      "color": [
        0.6079999804496765,
        0.6079999804496765,
        0.6079999804496765
      ],
      "height": 100.0,
      "hide": false,
      "label": "",
      "location": [
        -107.453125,
        -859.04638671875
      ],
      "params": {
        "level": 1
      },
      "width": 140.0
    },
    "List Zip": {
      "bl_idname": "ZipNode",
      "color": [
        0.6079999804496765,
        0.6079999804496765,
        0.6079999804496765
      ],
      "height": 100.0,
      "hide": false,
      "label": "",
      "location": [
        -341.4463195800781,
        -77.89306640625
      ],
      "params": {},
      "width": 140.0
    },
    "List function ": {
      "bl_idname": "ListFuncNode",
      "color": [
        0.6079999804496765,
        0.6079999804496765,
        0.6079999804496765
      ],
      "height": 100.0,
      "hide": false,
      "label": "",
      "location": [
        -341.4436950683594,
        -1544.055908203125
      ],
      "params": {},
      "width": 140.0
    },
    "List item": {
      "bl_idname": "ListItem2Node",
      "color": [
        0.6079999804496765,
        0.6079999804496765,
        0.6079999804496765
      ],
      "height": 100.0,
      "hide": false,
      "label": "",
      "location": [
        -341.44384765625,
        -1349.0367431640625
      ],
      "params": {},
      "width": 140.0
    },
    "List summa": {
      "bl_idname": "ListSumNode",
      "color": [
        0.6079999804496765,
        0.6079999804496765,
        0.6079999804496765
      ],
      "height": 100.0,
      "hide": false,
      "label": "",
      "location": [
        -341.4446105957031,
        -1108.6341552734375
      ],
      "params": {},
      "width": 140.0
    },
    "MaskList": {
      "bl_idname": "MaskListNode",
      "color": [
        0.6079999804496765,
        0.6079999804496765,
        0.6079999804496765
      ],
      "height": 100.0,
      "hide": false,
      "label": "",
      "location": [
        -341.4445495605469,
        -1816.699951171875
      ],
      "params": {
        "Level": 2
      },
      "width": 140.0
    },
    "Reroute": {
      "bl_idname": "NodeReroute",
      "color": [
        0.6079999804496765,
        0.6079999804496765,
        0.6079999804496765
      ],
      "height": 100.0,
      "hide": false,
      "label": "",
      "location": [
        -1154.729736328125,
        -1506.4964599609375
      ],
      "params": {},
      "width": 16.0
    },
    "Viewer text": {
      "bl_idname": "ViewerNode_text",
      "color": [
        0.5,
        0.5,
        1.0
      ],
      "height": 100.0,
      "hide": false,
      "label": "",
      "location": [
        127.1884765625,
        -588.2447509765625
      ],
      "params": {},
      "width": 140.0
    }
  },
  "update_lists": [
    [
      "Float Series",
      "Range",
      "Reroute",
      "Input"
    ],
    [
      "Reroute",
      "Output",
      "List Match",
      "Data 0"
    ],
    [
      "Float Series.001",
      "Range",
      "List Match",
      "Data 1"
    ],
    [
      "Reroute",
      "Output",
      "List Flip Node",
      "data"
    ],
    [
      "Reroute",
      "Output",
      "List Reverse",
      "data"
    ],
    [
      "Reroute",
      "Output",
      "List function ",
      "Data"
    ],
    [
      "List Reverse",
      "data",
      "List Sort",
      "data"
    ],
    [
      "Reroute",
      "Output",
      "List summa",
      "Data"
    ],
    [
      "Reroute",
      "Output",
      "List Shift",
      "data"
    ],
    [
      "Integer",
      "Integer",
      "List Shift",
      "shift"
    ],
    [
      "Reroute",
      "Output",
      "List First Last",
      "Data"
    ],
    [
      "Reroute",
      "Output",
      "List Length",
      "Data"
    ],
    [
      "List Reverse",
      "data",
      "Viewer text",
      "edg_pol"
    ],
    [
      "Reroute",
      "Output",
      "List Join",
      "data"
    ],
    [
      "Reroute",
      "Output",
      "List Join",
      "data 1"
    ],
    [
      "Reroute",
      "Output",
      "List Slice",
      "Data"
    ],
    [
      "Integer.001",
      "Integer",
      "List Slice",
      "Start"
    ],
    [
      "Integer.002",
      "Integer",
      "List Slice",
      "Stop"
    ],
    [
      "Reroute",
      "Output",
      "List item",
      "Data"
    ],
    [
      "Integer.003",
      "Integer",
      "List item",
      "Item"
    ],
    [
      "Reroute",
      "Output",
      "MaskList",
      "data"
    ],
    [
      "Formula2.001",
      "Result",
      "MaskList",
      "mask"
    ],
    [
      "Reroute",
      "Output",
      "List Shuffle",
      "data"
    ],
    [
      "Reroute",
      "Output",
      "List Zip",
      "data"
    ],
    [
      "Reroute",
      "Output",
      "List Zip",
      "data 1"
    ]
  ]
}