{
  "export_version": "0.054",
  "framed_nodes": {
    "Frame": "Frame.001",
    "Frame.001": "Frame.002",
    "List Input": "Frame.002",
    "List Input.001": "Frame.002",
    "List Reverse.001": "Frame.002",
    "Mask Join": "Frame.002",
    "Mask Join.001": "Frame.001",
    "MaskList.002": "Frame.001",
    "Matrix value input": "Frame.002",
    "Matrix value input.001": "Frame.002",
    "Mirror": "Frame",
    "Rotation": "Frame",
    "Scale": "Frame",
    "UV Connect.001": "Frame.002",
    "Vectors Move": "Frame",
    "Vectors in": "Frame",
    "Viewer Draw2": "Frame.002",
    "Viewer Draw2.001": "Frame.002"
  },
  "groups": {},
  "nodes": {
    "Bmesh Viewer Draw.001": {
      "bl_idname": "BmeshViewerNode",
      "color": [
        1.0,
        0.30000001192092896,
        0.0
      ],
      "height": 100.0,
      "hide": false,
      "label": "",
      "location": [
        -486.348876953125,
        710.2330932617188
      ],
      "params": {
        "activate": 0,
        "autosmooth": 0,
        "basemesh_name": "Gamma",
        "material": "",
        "state_view": 0
      },
      "width": 140.0
    },
    "Bmesh Viewer Draw.002": {
      "bl_idname": "BmeshViewerNode",
      "color": [
        1.0,
        0.30000001192092896,
        0.0
      ],
      "height": 100.0,
      "hide": false,
      "label": "",
      "location": [
        -471.504638671875,
        391.8684997558594
      ],
      "params": {
        "activate": 0,
        "autosmooth": 0,
        "basemesh_name": "Pi",
        "material": "",
        "state_view": 0
      },
      "width": 140.0
    },
    "Float.002": {
      "bl_idname": "FloatNode",
      "color": [
        0.6079999804496765,
        0.6079999804496765,
        0.6079999804496765
      ],
      "height": 100.0,
      "hide": false,
      "label": "radius 1",
      "location": [
        -1931.931884765625,
        473.37884521484375
      ],
      "params": {
        "float_": 3.0,
        "maxim": 3.0,
        "minim": 0.5
      },
      "width": 140.0
    },
    "Float.003": {
      "bl_idname": "FloatNode",
      "color": [
        0.6079999804496765,
        0.6079999804496765,
        0.6079999804496765
      ],
      "height": 100.0,
      "hide": false,
      "label": "radius 3",
      "location": [
        -1931.931884765625,
        558.8193969726562
      ],
      "params": {
        "float_": 4.0,
        "maxim": 4.0,
        "minim": 1.5
      },
      "width": 140.0
    },
    "Frame": {
      "bl_idname": "NodeFrame",
      "color": [
        0.6079999804496765,
        0.6079999804496765,
        0.6079999804496765
      ],
      "height": 372.01220703125,
      "hide": false,
      "label": "",
      "location": [
        0.0,
        0.0
      ],
      "params": {},
      "width": 727.0463256835938
    },
    "Frame.001": {
      "bl_idname": "NodeFrame",
      "color": [
        0.6079999804496765,
        0.6079999804496765,
        0.6079999804496765
      ],
      "height": 638.069580078125,
      "hide": false,
      "label": "",
      "location": [
        76.64926147460938,
        16.730270385742188
      ],
      "params": {},
      "width": 1122.544189453125
    },
    "Frame.002": {
      "bl_idname": "NodeFrame",
      "color": [
        0.6079999804496765,
        0.6079999804496765,
        0.6079999804496765
      ],
      "height": 943.8309936523438,
      "hide": false,
      "label": "",
      "location": [
        -76.64926147460938,
        -16.730270385742188
      ],
      "params": {},
      "width": 2765.3193359375
    },
    "Integer": {
      "bl_idname": "IntegerNode",
      "color": [
        0.6079999804496765,
        0.6079999804496765,
        0.6079999804496765
      ],
      "height": 100.0,
      "hide": false,
      "label": "U",
      "location": [
        -1931.931884765625,
        297.8203125
      ],
      "params": {
        "int_": 32,
        "maxim": 40,
        "minim": 3
      },
      "width": 140.0
    },
    "Integer.001": {
      "bl_idname": "IntegerNode",
      "color": [
        0.6079999804496765,
        0.6079999804496765,
        0.6079999804496765
      ],
      "height": 100.0,
      "hide": false,
      "label": "V",
      "location": [
        -1931.931884765625,
        217.97714233398438
      ],
      "params": {
        "int_": 40,
        "maxim": 40,
        "minim": 3
      },
      "width": 140.0
    },
    "List Del Levels": {
      "bl_idname": "ListLevelsNode",
      "color": [
        0.6079999804496765,
        0.6079999804496765,
        0.6079999804496765
      ],
      "height": 100.0,
      "hide": false,
      "label": "",
      "location": [
        -1066.07177734375,
        436.2243347167969
      ],
      "params": {
        "Sverch_LisLev": "3,4"
      },
      "width": 140.0
    },
    "List Input": {
      "bl_idname": "SvListInputNode",
      "color": [
        0.6079999804496765,
        0.6079999804496765,
        0.6079999804496765
      ],
      "height": 100.0,
      "hide": false,
      "label": "",
      "location": [
        -1847.6661376953125,
        -222.5832977294922
      ],
      "params": {
        "int_": 8,
        "int_list": [
          1,
          1,
          1,
          0,
          0,
          1,
          1,
          0,
          0,
          0,
          0,
          0,
          0,
          0,
          0,
          0,
          0,
          0,
          0,
          0,
          0,
          0,
          0,
          0,
          0,
          0,
          0,
          0,
          0,
          0,
          0,
          0
        ]
      },
      "width": 140.0
    },
    "List Input.001": {
      "bl_idname": "SvListInputNode",
      "color": [
        0.6079999804496765,
        0.6079999804496765,
        0.6079999804496765
      ],
      "height": 100.0,
      "hide": false,
      "label": "",
      "location": [
        -1850.7283935546875,
        61.56128692626953
      ],
      "params": {
        "int_": 5,
        "int_list": [
          0,
          1,
          1,
          0,
          0,
          1,
          0,
          0,
          0,
          0,
          0,
          0,
          0,
          0,
          0,
          0,
          0,
          0,
          0,
          0,
          0,
          0,
          0,
          0,
          0,
          0,
          0,
          0,
          0,
          0,
          0,
          0
        ]
      },
      "width": 140.0
    },
    "List Join": {
      "bl_idname": "ListJoinNode",
      "color": [
        0.6079999804496765,
        0.6079999804496765,
        0.6079999804496765
      ],
      "height": 100.0,
      "hide": false,
      "label": "",
      "location": [
        -1302.5843505859375,
        498.5279541015625
      ],
      "params": {
        "JoinLevel": 2,
        "mix_check": 1,
        "wrap_check": 1
      },
      "width": 140.0
    },
    "List Reverse.001": {
      "bl_idname": "ListReverseNode",
      "color": [
        0.6079999804496765,
        0.6079999804496765,
        0.6079999804496765
      ],
      "height": 100.0,
      "hide": false,
      "label": "",
      "location": [
        425.2592468261719,
        -217.5604248046875
      ],
      "params": {
        "level": 3
      },
      "width": 140.0
    },
    "Mask Join": {
      "bl_idname": "SvMaskJoinNode",
      "color": [
        0.6079999804496765,
        0.6079999804496765,
        0.6079999804496765
      ],
      "height": 100.0,
      "hide": false,
      "label": "",
      "location": [
        -1242.20361328125,
        13.283477783203125
      ],
      "params": {
        "choice": 1,
        "level": 2
      },
      "width": 140.0
    },
    "Mask Join.001": {
      "bl_idname": "SvMaskJoinNode",
      "color": [
        0.6079999804496765,
        0.6079999804496765,
        0.6079999804496765
      ],
      "height": 100.0,
      "hide": false,
      "label": "",
      "location": [
        -70.14610290527344,
        -230.930419921875
      ],
      "params": {
        "choice": 0,
        "level": 3
      },
      "width": 131.42440795898438
    },
    "MaskList.002": {
      "bl_idname": "MaskListNode",
      "color": [
        0.6079999804496765,
        0.6079999804496765,
        0.6079999804496765
      ],
      "height": 100.0,
      "hide": false,
      "label": "",
      "location": [
        -1001.2658081054688,
        -276.1016845703125
      ],
      "params": {
        "Level": 3
      },
      "width": 140.0
    },
    "Matrix value input": {
      "bl_idname": "SvMatrixValueIn",
      "color": [
        0.6079999804496765,
        0.6079999804496765,
        0.6079999804496765
      ],
      "height": 100.0,
      "hide": true,
      "label": "",
      "location": [
        570.318115234375,
        -337.3858642578125
      ],
      "params": {
        "matrix": [
          1.0,
          0.0,
          0.0,
          0.0,
          0.0,
          1.0,
          0.0,
          0.0,
          0.0,
          0.0,
          1.0,
          0.0,
          8.0,
          0.0,
          0.0,
          1.0
        ]
      },
      "width": 300.0
    },
    "Matrix value input.001": {
      "bl_idname": "SvMatrixValueIn",
      "color": [
        0.6079999804496765,
        0.6079999804496765,
        0.6079999804496765
      ],
      "height": 100.0,
      "hide": true,
      "label": "",
      "location": [
        574.8404541015625,
        -119.54557800292969
      ],
      "params": {
        "matrix": [
          1.0099999904632568,
          0.0,
          0.0,
          0.0,
          0.0,
          1.0099999904632568,
          0.0,
          0.0,
          0.0,
          0.0,
          1.0099999904632568,
          0.0,
          8.0,
          0.0,
          0.0,
          1.0
        ]
      },
      "width": 300.0
    },
    "Mirror": {
      "bl_idname": "SvMirrorNode",
      "color": [
        0.6079999804496765,
        0.6079999804496765,
        0.6079999804496765
      ],
      "height": 100.0,
      "hide": false,
      "label": "",
      "location": [
        -614.5386962890625,
        -492.14556884765625
      ],
      "params": {},
      "width": 140.0
    },
    "Rotation": {
      "bl_idname": "SvRotationNode",
      "color": [
        0.6079999804496765,
        0.6079999804496765,
        0.6079999804496765
      ],
      "height": 100.0,
      "hide": false,
      "label": "",
      "location": [
        -434.7164001464844,
        -616.1768188476562
      ],
      "params": {
        "angle_": 45.0
      },
      "width": 140.0
    },
    "Scale": {
      "bl_idname": "SvScaleNode",
      "color": [
        0.6079999804496765,
        0.6079999804496765,
        0.6079999804496765
      ],
      "height": 100.0,
      "hide": false,
      "label": "",
      "location": [
        -241.03265380859375,
        -466.98779296875
      ],
      "params": {},
      "width": 140.0
    },
    "Sphere.001": {
      "bl_idname": "SphereNode",
      "color": [
        0.0,
        0.5,
        0.5
      ],
      "height": 100.0,
      "hide": false,
      "label": "",
      "location": [
        -1673.62548828125,
        578.9945678710938
      ],
      "params": {
        "Separate": 1,
        "U_": 13,
        "V_": 13,
        "rad_": 2.0
      },
      "width": 140.0
    },
    "Sphere.002": {
      "bl_idname": "SphereNode",
      "color": [
        0.0,
        0.5,
        0.5
      ],
      "height": 100.0,
      "hide": false,
      "label": "",
      "location": [
        -1668.919921875,
        376.2605895996094
      ],
      "params": {
        "Separate": 1,
        "U_": 13,
        "V_": 13,
        "rad_": 1.746999979019165
      },
      "width": 140.0
    },
    "UV Connect": {
      "bl_idname": "LineConnectNode",
      "color": [
        0.6079999804496765,
        0.6079999804496765,
        0.6079999804496765
      ],
      "height": 100.0,
      "hide": false,
      "label": "",
      "location": [
        -865.9547729492188,
        525.2625122070312
      ],
      "params": {
        "cicl_check": 1,
        "dir_check": "V_dir",
        "polygons": 1,
        "slice_check": 0
      },
      "width": 140.0
    },
    "UV Connect.001": {
      "bl_idname": "LineConnectNode",
      "color": [
        0.6079999804496765,
        0.6079999804496765,
        0.6079999804496765
      ],
      "height": 100.0,
      "hide": false,
      "label": "",
      "location": [
        221.81768798828125,
        -155.29856872558594
      ],
      "params": {
        "cicl_check": 1,
        "dir_check": "V_dir",
        "polygons": 1,
        "slice_check": 0
      },
      "width": 140.0
    },
    "Vectors Move": {
      "bl_idname": "VectorMoveNode",
      "color": [
        0.6079999804496765,
        0.6079999804496765,
        0.6079999804496765
      ],
      "height": 100.0,
      "hide": false,
      "label": "",
      "location": [
        -438.312255859375,
        -475.2898864746094
      ],
      "params": {},
      "width": 140.0
    },
    "Vectors in": {
      "bl_idname": "GenVectorsNode",
      "color": [
        0.6079999804496765,
        0.6079999804496765,
        0.6079999804496765
      ],
      "height": 100.0,
      "hide": false,
      "label": "",
      "location": [
        -768.0789794921875,
        -486.054443359375
      ],
      "params": {},
      "width": 100.0
    },
    "Viewer Draw2": {
      "bl_idname": "ViewerNode2",
      "color": [
        1.0,
        0.30000001192092896,
        0.0
      ],
      "height": 100.0,
      "hide": false,
      "label": "",
      "location": [
        714.5908203125,
        32.26695251464844
      ],
      "params": {
        "activate": 1,
        "display_edges": 1,
        "display_faces": 0,
        "display_verts": 0,
        "edge_colors": [
          0.5202608704566956,
          1.0,
          0.07836025208234787
        ],
        "edge_width": 1,
        "shading": 0,
        "transparant": 0,
        "vertex_colors": [
          0.0,
          0.0,
          0.0
        ],
        "vertex_size": 2.5
      },
      "width": 140.0
    },
    "Viewer Draw2.001": {
      "bl_idname": "ViewerNode2",
      "color": [
        1.0,
        0.30000001192092896,
        0.0
      ],
      "height": 100.0,
      "hide": false,
      "label": "",
      "location": [
        703.4578857421875,
        -167.256591796875
      ],
      "params": {
        "bakebuttonshow": 1,
        "display_edges": 0,
        "display_faces": 1,
        "display_verts": 0,
        "face_colors": [
          0.8990001082420349,
          0.6877255439758301,
          0.001801364473067224
        ],
        "shading": 0,
        "transparant": 1
      },
      "width": 140.0
    }
  },
  "update_lists": [
    [
      "Float.002",
      "Float",
      "Sphere.002",
      "Radius"
    ],
    [
      "Integer",
      "Integer",
      "Sphere.002",
      "U"
    ],
    [
      "Integer.001",
      "Integer",
      "Sphere.002",
      "V"
    ],
    [
      "Float.003",
      "Float",
      "Sphere.001",
      "Radius"
    ],
    [
      "Integer",
      "Integer",
      "Sphere.001",
      "U"
    ],
    [
      "Integer.001",
      "Integer",
      "Sphere.001",
      "V"
    ],
    [
      "List Input.001",
      "List",
      "Mask Join",
      "Mask"
    ],
    [
      "Sphere.001",
      "Vertices",
      "Mask Join",
      "Data True"
    ],
    [
      "Sphere.002",
      "Vertices",
      "Mask Join",
      "Data False"
    ],
    [
      "Mask Join",
      "Data",
      "MaskList.002",
      "data"
    ],
    [
      "List Input",
      "List",
      "MaskList.002",
      "mask"
    ],
    [
      "List Input",
      "List",
      "Mask Join.001",
      "Mask"
    ],
    [
      "MaskList.002",
      "dataTrue",
      "Mask Join.001",
      "Data True"
    ],
    [
      "MaskList.002",
      "dataFalse",
      "Mask Join.001",
      "Data False"
    ],
    [
      "Mask Join.001",
      "Data",
      "UV Connect.001",
      "vertices"
    ],
    [
      "UV Connect.001",
      "data",
      "List Reverse.001",
      "data"
    ],
    [
      "Sphere.002",
      "Vertices",
      "List Join",
      "data"
    ],
    [
      "Sphere.001",
      "Vertices",
      "List Join",
      "data 1"
    ],
    [
      "List Join",
      "data",
      "List Del Levels",
      "data"
    ],
    [
      "List Del Levels",
      "data",
      "UV Connect",
      "vertices"
    ],
    [
      "UV Connect",
      "vertices",
      "Bmesh Viewer Draw.002",
      "vertices"
    ],
    [
      "UV Connect",
      "data",
      "Bmesh Viewer Draw.002",
      "faces"
    ],
    [
      "UV Connect.001",
      "vertices",
      "Viewer Draw2",
      "vertices"
    ],
    [
      "UV Connect.001",
      "data",
      "Viewer Draw2",
      "edg_pol"
    ],
    [
      "Matrix value input.001",
      "Matrix",
      "Viewer Draw2",
      "matrix"
    ],
    [
      "UV Connect.001",
      "vertices",
      "Viewer Draw2.001",
      "vertices"
    ],
    [
      "UV Connect.001",
      "data",
      "Viewer Draw2.001",
      "edg_pol"
    ],
    [
      "Matrix value input",
      "Matrix",
      "Viewer Draw2.001",
      "matrix"
    ],
    [
      "UV Connect",
      "vertices",
      "Bmesh Viewer Draw.001",
      "vertices"
    ],
    [
      "UV Connect",
      "data",
      "Bmesh Viewer Draw.001",
      "faces"
    ]
  ]
}