{
  "export_version": "0.055",
  "framed_nodes": {
    "Objects input.004": "Frame.002",
    "Text Input": "Frame",
    "Text Input.001": "Frame.001",
    "Text Input.002": "Frame.002"
  },
  "groups": {},
  "nodes": {
    "Centers polygons": {
      "bl_idname": "CentersPolsNodeMK2",
      "color": [
        1.0,
        0.30000001192092896,
        0.0
      ],
      "height": 100.0,
      "hide": false,
      "label": "",
      "location": [
        -290.839111328125,
        156.07000732421875
      ],
      "params": {
        "Separate": 0
      },
      "width": 140.0
    },
    "Distances": {
      "bl_idname": "DistancePPNode",
      "color": [
        0.6079999804496765,
        0.6079999804496765,
        0.6079999804496765
      ],
      "height": 100.0,
      "hide": false,
      "label": "",
      "location": [
        89.95057678222656,
        492.3284912109375
      ],
      "params": {
        "Cross_dist": 1
      },
      "width": 140.0
    },
    "Float": {
      "bl_idname": "FloatNode",
      "color": [
        0.6079999804496765,
        0.6079999804496765,
        0.6079999804496765
      ],
      "height": 100.0,
      "hide": false,
      "label": "min",
      "location": [
        342.297119140625,
        619.152587890625
      ],
      "params": {
        "float_": 20.0
      },
      "width": 140.0
    },
    "Float.002": {
      "bl_idname": "FloatNode",
      "color": [
        0.6079999804496765,
        0.6079999804496765,
        0.6079999804496765
      ],
      "height": 100.0,
      "hide": false,
      "label": "scale-z",
      "location": [
        833.1344604492188,
        455.2501220703125
      ],
      "params": {
        "float_": 1.0
      },
      "width": 140.0
    },
    "Float.003": {
      "bl_idname": "FloatNode",
      "color": [
        0.6079999804496765,
        0.6079999804496765,
        0.6079999804496765
      ],
      "height": 100.0,
      "hide": false,
      "label": "size-wave",
      "location": [
        42.66465377807617,
        28.15460205078125
      ],
      "params": {
        "float_": 0.10000000149011612
      },
      "width": 140.0
    },
    "Formula2": {
      "bl_idname": "Formula2Node",
      "color": [
        0.6079999804496765,
        0.6079999804496765,
        0.6079999804496765
      ],
      "height": 100.0,
      "hide": false,
      "label": "",
      "location": [
        410.7850036621094,
        358.0942077636719
      ],
      "params": {
        "formula": "x/n[0]"
      },
      "width": 140.0
    },
    "Formula2.001": {
      "bl_idname": "Formula2Node",
      "color": [
        0.6079999804496765,
        0.6079999804496765,
        0.6079999804496765
      ],
      "height": 100.0,
      "hide": false,
      "label": "",
      "location": [
        693.34326171875,
        663.3720703125
      ],
      "params": {
        "formula": "min((n[0]/max(((x%90)%45), 1)), 1)"
      },
      "width": 320.0
    },
    "Frame": {
      "bl_idname": "NodeFrame",
      "color": [
        0.6079999804496765,
        0.6079999804496765,
        0.6079999804496765
      ],
      "height": 251.14337158203125,
      "hide": false,
      "label": "PLANE-RECIPIENT",
      "location": [
        -46.17701721191406,
        51.116703033447266
      ],
      "params": {},
      "width": 200.0
    },
    "Frame.001": {
      "bl_idname": "NodeFrame",
      "color": [
        0.6079999804496765,
        0.6079999804496765,
        0.6079999804496765
      ],
      "height": 185.44229125976562,
      "hide": false,
      "label": "EMPTY",
      "location": [
        0.0,
        60.0
      ],
      "params": {},
      "width": 200.0
    },
    "Frame.002": {
      "bl_idname": "NodeFrame",
      "color": [
        0.6079999804496765,
        0.6079999804496765,
        0.6079999804496765
      ],
      "height": 518.8489990234375,
      "hide": false,
      "label": "DONOR",
      "location": [
        34.02104187011719,
        138.15097045898438
      ],
      "params": {},
      "width": 201.3076171875
    },
    "Gen Vectors": {
      "bl_idname": "GenVectorsNode",
      "color": [
        0.6079999804496765,
        0.6079999804496765,
        0.6079999804496765
      ],
      "height": 100.0,
      "hide": false,
      "label": "",
      "location": [
        1146.851806640625,
        502.6890563964844
      ],
      "params": {},
      "width": 140.0
    },
    "Matrix Deform": {
      "bl_idname": "MatrixDeformNode",
      "color": [
        0.6079999804496765,
        0.6079999804496765,
        0.6079999804496765
      ],
      "height": 100.0,
      "hide": false,
      "label": "",
      "location": [
        1425.29443359375,
        399.8927917480469
      ],
      "params": {},
      "width": 140.0
    },
    "Objects input.004": {
      "bl_idname": "ObjectsNode",
      "color": [
        0.0,
        0.5,
        0.20000000298023224
      ],
      "height": 100.0,
      "hide": false,
      "label": "donor",
      "location": [
        1350.7720947265625,
        599.7493896484375
      ],
      "params": {
        "ObjectProperty": 2
      },
      "width": 140.0
    },
    "Text Input": {
      "bl_idname": "SvTextInNode",
      "color": [
        0.5,
        0.5,
        1.0
      ],
      "current_text": "Cube",
      "height": 100.0,
      "hide": false,
      "label": "",
      "location": [
        -686.2286987304688,
        99.02667236328125
      ],
      "params": {
        "current_text": "Cube",
        "text": "Cube",
        "textmode": "JSON"
      },
      "text_lines": "{\"Objects input.004:Vertices\":[\"v\",[[[-0.5209044814109802,-0.5209044814109802,0.0],[-0.5209044814109802,0.5209044814109802,0.0],[0.5209044814109802,0.5209044814109802,0.0],[0.5209044814109802,-0.5209044814109802,0.0],[-0.21004392206668854,-0.21004392206668854,1.0418089628219604],[-0.21004392206668854,0.21004392206668854,1.0418089628219604],[0.21004392206668854,0.21004392206668854,1.0418089628219604],[0.21004392206668854,-0.21004392206668854,1.0418089628219604]]]],\"Objects input.004:Polygons\":[\"s\",[[[4,5,1,0],[5,6,2,1],[6,7,3,2],[7,4,0,3],[0,1,2,3],[7,6,5,4]]]]}",
      "textmode": "JSON",
      "width": 140.0
    },
    "Text Input.001": {
      "bl_idname": "SvTextInNode",
      "color": [
        0.5,
        0.5,
        1.0
      ],
      "current_text": "Empty",
      "height": 100.0,
      "hide": false,
      "label": "",
      "location": [
        -292.76300048828125,
        381.4422912597656
      ],
      "params": {
        "current_text": "Empty",
        "text": "Empty",
        "textmode": "JSON"
      },
      "text_lines": "{\"Objects input.002:Matrixes\":[\"m\",[[[1.0,0.0,0.0,-3.6734676361083984],[0.0,1.0,0.0,-2.2040786743164062],[0.0,0.0,1.0,0.11563356965780258],[0.0,0.0,0.0,1.0]]]]}",
      "textmode": "JSON",
      "width": 140.0
    },
    "Text Input.002": {
      "bl_idname": "SvTextInNode",
      "color": [
        0.5,
        0.5,
        1.0
      ],
      "current_text": "Cube",
      "height": 100.0,
      "hide": false,
      "label": "",
      "location": [
        1349.4644775390625,
        756.697998046875
      ],
      "params": {
        "current_text": "Cube",
        "text": "Cube",
        "textmode": "JSON"
      },
      "text_lines": "{\"Objects input.004:Vertices\":[\"v\",[[[-0.5209044814109802,-0.5209044814109802,0.0],[-0.5209044814109802,0.5209044814109802,0.0],[0.5209044814109802,0.5209044814109802,0.0],[0.5209044814109802,-0.5209044814109802,0.0],[-0.21004392206668854,-0.21004392206668854,1.0418089628219604],[-0.21004392206668854,0.21004392206668854,1.0418089628219604],[0.21004392206668854,0.21004392206668854,1.0418089628219604],[0.21004392206668854,-0.21004392206668854,1.0418089628219604]]]],\"Objects input.004:Polygons\":[\"s\",[[[4,5,1,0],[5,6,2,1],[6,7,3,2],[7,4,0,3],[0,1,2,3],[7,6,5,4]]]]}",
      "textmode": "JSON",
      "width": 140.0
    },
    "Viewer Draw2": {
      "bl_idname": "ViewerNode2",
      "color": [
        1.0,
        0.30000001192092896,
        0.0
      ],
      "height": 100.0,
      "hide": false,
      "label": "",
      "location": [
        1823.101806640625,
        745.9893188476562
      ],
      "params": {
        "display_verts": 0,
        "shading": 1
      },
      "width": 140.0
    }
  },
  "update_lists": [
    [
      "Text Input",
      "Objects input:Vertices",
      "Centers polygons",
      "Vertices"
    ],
    [
      "Text Input",
      "Objects input:Polygons",
      "Centers polygons",
      "Polygons"
    ],
    [
      "Text Input.001",
      "Objects input.002:Matrixes",
      "Distances",
      "matrix1"
    ],
    [
      "Centers polygons",
      "Centers",
      "Distances",
      "matrix2"
    ],
    [
      "Distances",
      "distances",
      "Formula2",
      "X"
    ],
    [
      "Float.003",
      "Float",
      "Formula2",
      "n[0]"
    ],
    [
      "Formula2",
      "Result",
      "Formula2.001",
      "X"
    ],
    [
      "Float",
      "Float",
      "Formula2.001",
      "n[0]"
    ],
    [
      "Formula2.001",
      "Result",
      "Gen Vectors",
      "X"
    ],
    [
      "Formula2.001",
      "Result",
      "Gen Vectors",
      "Y"
    ],
    [
      "Float.002",
      "Float",
      "Gen Vectors",
      "Z"
    ],
    [
      "Centers polygons",
      "Centers",
      "Matrix Deform",
      "Original"
    ],
    [
      "Gen Vectors",
      "Vectors",
      "Matrix Deform",
      "Scale"
    ],
    [
      "Centers polygons",
      "Normals",
      "Matrix Deform",
      "Rotation"
    ],
    [
      "Formula2",
      "Result",
      "Matrix Deform",
      "Angle"
    ],
    [
      "Text Input.002",
      "Objects input.004:Vertices",
      "Viewer Draw2",
      "vertices"
    ],
    [
      "Text Input.002",
      "Objects input.004:Polygons",
      "Viewer Draw2",
      "edg_pol"
    ],
    [
      "Matrix Deform",
      "Matrix",
      "Viewer Draw2",
      "matrix"
    ]
  ]
}