{
  "connections": {
    "0": [
      "Float.001",
      "Float",
      "Float Series",
      "Step"
    ],
    "1": [
      "Float",
      "Float",
      "Float Series",
      "Stop"
    ],
    "2": [
      "Frame Info",
      "Current Frame",
      "Script Generator",
      "x"
    ],
    "3": [
      "Note",
      "Text Out",
      "Script Generator",
      "n"
    ],
    "4": [
      "Box",
      "Vers",
      "Bmesh Viewer Draw",
      "vertices"
    ],
    "5": [
      "Box",
      "Pols",
      "Bmesh Viewer Draw",
      "faces"
    ],
    "6": [
      "Matrix in",
      "Matrix",
      "Bmesh Viewer Draw",
      "matrix"
    ],
    "7": [
      "Script Generator",
      "y",
      "Matrix in",
      "Scale"
    ],
    "8": [
      "Script Generator",
      "x",
      "Matrix in",
      "Location"
    ],
    "9": [
      "Script Generator",
      "x",
      "Index Viewer Draw",
      "vertices"
    ],
    "10": [
      "Script Generator",
      "z",
      "Index Viewer Draw",
      "text"
    ]
  },
  "export_version": "0.043 pre alpha",
  "framed_nodes": {},
  "nodes": {
    "Bmesh Viewer Draw": {
      "bl_idname": "BmeshViewerNode",
      "color": [
        1.0,
        0.30000001192092896,
        0.0
      ],
      "height": 100.0,
      "hide": false,
      "label": "",
      "location": [
        1253.672119140625,
        64.57384490966797
      ],
      "params": {},
      "width": 140.0
    },
    "Box": {
      "bl_idname": "SvBoxNode",
      "color": [
        0.6079999804496765,
        0.6079999804496765,
        0.6079999804496765
      ],
      "height": 100.0,
      "hide": true,
      "label": "",
      "location": [
        827.219970703125,
        -99.01425170898438
      ],
      "params": {},
      "width": 140.0
    },
    "Float": {
      "bl_idname": "FloatNode",
      "color": [
        0.6079999804496765,
        0.6079999804496765,
        0.6079999804496765
      ],
      "height": 100.0,
      "hide": false,
      "label": "",
      "location": [
        -843.7939453125,
        35.280052185058594
      ],
      "params": {},
      "width": 140.0
    },
    "Float Series": {
      "bl_idname": "SvGenFloatRange",
      "color": [
        0.6079999804496765,
        0.6079999804496765,
        0.6079999804496765
      ],
      "height": 100.0,
      "hide": false,
      "label": "",
      "location": [
        -402.9091796875,
        -96.29488372802734
      ],
      "params": {},
      "width": 140.0
    },
    "Float.001": {
      "bl_idname": "FloatNode",
      "color": [
        0.6079999804496765,
        0.6079999804496765,
        0.6079999804496765
      ],
      "height": 100.0,
      "hide": false,
      "label": "",
      "location": [
        -642.3560180664062,
        -60.24979782104492
      ],
      "params": {
        "float_": 10.0
      },
      "width": 146.32925415039062
    },
    "Frame Info": {
      "bl_idname": "SvFrameInfoNode",
      "color": [
        0.6079999804496765,
        0.6079999804496765,
        0.6079999804496765
      ],
      "height": 100.0,
      "hide": false,
      "label": "",
      "location": [
        46.2384033203125,
        81.2254409790039
      ],
      "params": {},
      "width": 140.0
    },
    "Index Viewer Draw": {
      "bl_idname": "IndexViewerNode",
      "color": [
        1.0,
        0.30000001192092896,
        0.0
      ],
      "height": 100.0,
      "hide": false,
      "label": "",
      "location": [
        670.8919067382812,
        -80.14295196533203
      ],
      "params": {
        "draw_bg": 1
      },
      "width": 140.0
    },
    "Matrix in": {
      "bl_idname": "MatrixGenNode",
      "color": [
        0.6079999804496765,
        0.6079999804496765,
        0.6079999804496765
      ],
      "height": 100.0,
      "hide": false,
      "label": "",
      "location": [
        510.070556640625,
        -12.524504661560059
      ],
      "params": {},
      "width": 140.0
    },
    "Note": {
      "bl_idname": "NoteNode",
      "color": [
        0.5,
        0.5,
        1.0
      ],
      "height": 100.0,
      "hide": false,
      "label": "NameOfLayout",
      "location": [
        -172.0526123046875,
        -14.295690536499023
      ],
      "params": {
        "show_text": 1,
        "text": "NodeTree"
      },
      "width": 145.48681640625
    },
    "Script Generator": {
      "bl_idname": "SvScriptNode",
      "color": [
        0.0,
        0.800000011920929,
        0.949999988079071
      ],
      "height": 100.0,
      "hide": false,
      "label": "TEMPLATE.py",
      "location": [
        237.07162475585938,
        94.55953979492188
      ],
      "params": {
        "button_names": "",
        "files_popup": "TEMPLATE.py",
        "has_buttons": 0,
        "int_list": [
          0,
          1,
          2,
          3,
          4,
          5,
          6,
          7,
          8,
          9,
          10,
          11,
          12,
          13,
          14,
          15,
          16,
          17,
          18,
          19,
          20,
          21,
          22,
          23,
          24,
          25,
          26,
          27,
          28,
          29,
          30,
          31
        ],
        "script_name": "TEMPLATE.py",
        "script_str": "from math import sin\nfrom mathutils import Vector\ndef sv_main(x=1,n=[]):\n\n    in_sockets = [\n        ['s', 'x', x],\n        ['s', 'n', n]]\n    locs = []\n    size = []\n    names = []\n    if n:\n        tree = bpy.data.node_groups[n[0][0][0]].nodes\n        for i in tree:\n            i.location[1] = sin(i.location[0]/200+x)*100\n            locs.append((i.location[0]/100,0,i.location[1]/100))\n            size.append((i.width/100,i.height/100,i.height/100))\n            names.append([i.name])\n    \n    out_sockets = [\n        ['v','x',[locs]],\n        ['v','y',[size]],\n        ['s','z',names]]\n    return in_sockets, out_sockets\n"
      },
      "width": 140.0
    }
  },
  "update_lists": [
    [
      "Float.001",
      "Float",
      "Float Series",
      "Step"
    ],
    [
      "Float",
      "Float",
      "Float Series",
      "Stop"
    ],
    [
      "Frame Info",
      "Current Frame",
      "Script Generator",
      "x"
    ],
    [
      "Note",
      "Text Out",
      "Script Generator",
      "n"
    ],
    [
      "Script Generator",
      "x",
      "Matrix in",
      "Location"
    ],
    [
      "Script Generator",
      "y",
      "Matrix in",
      "Scale"
    ],
    [
      "Script Generator",
      "x",
      "Index Viewer Draw",
      "vertices"
    ],
    [
      "Script Generator",
      "z",
      "Index Viewer Draw",
      "text"
    ],
    [
      "Box",
      "Vers",
      "Bmesh Viewer Draw",
      "vertices"
    ],
    [
      "Box",
      "Pols",
      "Bmesh Viewer Draw",
      "faces"
    ],
    [
      "Matrix in",
      "Matrix",
      "Bmesh Viewer Draw",
      "matrix"
    ]
  ]
}