{
  "connections": {
    "0": [
      "UV Connect",
      "vertices",
      "Viewer Draw2.001",
      "vertices"
    ],
    "1": [
      "UV Connect",
      "data",
      "Viewer Draw2.001",
      "edg_pol"
    ],
    "2": [
      "Voronoi",
      "Vertices",
      "Viewer text",
      "vertices"
    ],
    "3": [
      "Random Vector",
      "Random",
      "Formula2.002",
      "X"
    ],
    "4": [
      "List Join",
      "data",
      "Voronoi",
      "Vertices"
    ],
    "5": [
      "Formula2.002",
      "Result",
      "List Join",
      "data 1"
    ],
    "6": [
      "Float",
      "Float",
      "Formula2.002",
      "n[0]"
    ],
    "7": [
      "Formula2.002",
      "Result",
      "Vectors out",
      "Vectors"
    ],
    "8": [
      "Vectors in.001",
      "Vectors",
      "Viewer Draw2.002",
      "vertices"
    ],
    "9": [
      "Vectors out",
      "X",
      "Vectors in.001",
      "X"
    ],
    "10": [
      "Vectors out",
      "Y",
      "Vectors in.001",
      "Y"
    ],
    "11": [
      "Voronoi",
      "Vertices",
      "Fill Holes",
      "vertices"
    ],
    "12": [
      "Voronoi",
      "Edges",
      "Fill Holes",
      "edges"
    ],
    "13": [
      "Fill Holes",
      "vertices",
      "Viewer Draw2",
      "vertices"
    ],
    "14": [
      "Fill Holes",
      "polygons",
      "Viewer Draw2",
      "edg_pol"
    ],
    "15": [
      "Voronoi",
      "Edges",
      "Viewer Draw2.003",
      "edg_pol"
    ],
    "16": [
      "Voronoi",
      "Vertices",
      "Viewer Draw2.003",
      "vertices"
    ],
    "17": [
      "Float Series",
      "Range",
      "Circle",
      "Radius"
    ],
    "18": [
      "Circle",
      "Vertices",
      "List Join",
      "data"
    ],
    "19": [
      "Matrix value input",
      "Matrix",
      "Viewer Draw2",
      "matrix"
    ],
    "20": [
      "Matrix value input",
      "Matrix",
      "Viewer Draw2.003",
      "matrix"
    ],
    "21": [
      "Matrix value input",
      "Matrix",
      "Viewer Draw2.001",
      "matrix"
    ],
    "22": [
      "Matrix value input",
      "Matrix",
      "Viewer Draw2.002",
      "matrix"
    ],
    "23": [
      "Circle",
      "Vertices",
      "UV Connect",
      "vertices"
    ]
  },
  "export_version": "0.043 pre alpha",
  "framed_nodes": {
    "UV Connect": "Frame",
    "Vectors in.001": "Frame",
    "Vectors out": "Frame",
    "Viewer Draw2.001": "Frame",
    "Viewer Draw2.002": "Frame"
  },
  "nodes": {
    "Circle": {
      "bl_idname": "SvCircleNode",
      "color": [
        0.6079999804496765,
        0.6079999804496765,
        0.6079999804496765
      ],
      "height": 100.0,
      "hide": false,
      "label": "",
      "location": [
        14.642684936523438,
        279.57171630859375
      ],
      "params": {
        "degr_": 6.2831854820251465,
        "vert_": 12
      },
      "width": 140.0
    },
    "Fill Holes": {
      "bl_idname": "SvFillsHoleNode",
      "color": [
        0.6079999804496765,
        0.6079999804496765,
        0.6079999804496765
      ],
      "height": 100.0,
      "hide": false,
      "label": "",
      "location": [
        742.7650146484375,
        155.6065216064453
      ],
      "params": {
        "sides": 7
      },
      "width": 140.0
    },
    "Float": {
      "bl_idname": "FloatNode",
      "color": [
        0.6079999804496765,
        0.6079999804496765,
        0.6079999804496765
      ],
      "height": 100.0,
      "hide": false,
      "label": "scale-rando",
      "location": [
        -245.9541473388672,
        -208.27337646484375
      ],
      "params": {
        "float_": 7.0,
        "maxim": 20.0,
        "minim": 1.0
      },
      "width": 140.0
    },
    "Float Series": {
      "bl_idname": "SvGenFloatRange",
      "color": [
        0.6079999804496765,
        0.6079999804496765,
        0.6079999804496765
      ],
      "height": 100.0,
      "hide": false,
      "label": "",
      "location": [
        -238.17698669433594,
        187.8183135986328
      ],
      "params": {
        "start_": 0.10000000149011612,
        "step_": 0.30000001192092896,
        "stop_": 10.0
      },
      "width": 140.0
    },
    "Formula2.002": {
      "bl_idname": "Formula2Node",
      "color": [
        0.6079999804496765,
        0.6079999804496765,
        0.6079999804496765
      ],
      "height": 100.0,
      "hide": false,
      "label": "",
      "location": [
        1.8717193603515625,
        -99.52909088134766
      ],
      "params": {
        "formula": "x*n[0]"
      },
      "width": 140.0
    },
    "Frame": {
      "bl_idname": "NodeFrame",
      "color": [
        0.6079999804496765,
        0.6079999804496765,
        0.6079999804496765
      ],
      "height": 460.2969970703125,
      "hide": false,
      "label": "",
      "location": [
        430.6585693359375,
        81.18730163574219
      ],
      "params": {},
      "width": 471.88861083984375
    },
    "List Join": {
      "bl_idname": "ListJoinNode",
      "color": [
        0.6079999804496765,
        0.6079999804496765,
        0.6079999804496765
      ],
      "height": 100.0,
      "hide": false,
      "label": "",
      "location": [
        284.7940368652344,
        221.67630004882812
      ],
      "params": {
        "JoinLevel": 2
      },
      "width": 140.0
    },
    "Matrix value input": {
      "bl_idname": "SvMatrixValueIn",
      "color": [
        0.6079999804496765,
        0.6079999804496765,
        0.6079999804496765
      ],
      "height": 100.0,
      "hide": false,
      "label": "",
      "location": [
        202.12991333007812,
        -16.67572784423828
      ],
      "params": {
        "matrix": [
          1.0,
          0.0,
          0.0,
          0.0,
          0.0,
          1.0,
          0.0,
          0.0,
          0.0,
          0.0,
          1.0,
          0.0,
          22.0,
          0.0,
          0.0,
          1.0
        ]
      },
      "width": 300.0
    },
    "Note": {
      "bl_idname": "NoteNode",
      "color": [
        0.5,
        0.5,
        1.0
      ],
      "height": 100.0,
      "hide": false,
      "label": "",
      "location": [
        -244.8804473876953,
        394.9121398925781
      ],
      "params": {
        "text": "Nikitron 2014 petri cap series | circles"
      },
      "width": 320.0
    },
    "Random Vector": {
      "bl_idname": "RandomVectorNode",
      "color": [
        0.6079999804496765,
        0.6079999804496765,
        0.6079999804496765
      ],
      "height": 100.0,
      "hide": false,
      "label": "",
      "location": [
        -247.28419494628906,
        -72.6681137084961
      ],
      "params": {
        "count_inner": 100,
        "seed": 1
      },
      "width": 140.0
    },
    "UV Connect": {
      "bl_idname": "LineConnectNode",
      "color": [
        0.6079999804496765,
        0.6079999804496765,
        0.6079999804496765
      ],
      "height": 100.0,
      "hide": false,
      "label": "",
      "location": [
        288.048828125,
        -218.49594116210938
      ],
      "params": {
        "cicl_check": 0,
        "dir_check": "U_dir",
        "polygons": 1,
        "slice_check": 1
      },
      "width": 140.0
    },
    "Vectors in.001": {
      "bl_idname": "GenVectorsNode",
      "color": [
        0.6079999804496765,
        0.6079999804496765,
        0.6079999804496765
      ],
      "height": 100.0,
      "hide": true,
      "label": "",
      "location": [
        364.3963928222656,
        -499.9224548339844
      ],
      "params": {},
      "width": 100.0
    },
    "Vectors out": {
      "bl_idname": "VectorsOutNode",
      "color": [
        0.6079999804496765,
        0.6079999804496765,
        0.6079999804496765
      ],
      "height": 100.0,
      "hide": true,
      "label": "",
      "location": [
        245.10589599609375,
        -499.92242431640625
      ],
      "params": {},
      "width": 140.0
    },
    "Viewer Draw2": {
      "bl_idname": "ViewerNode2",
      "color": [
        1.0,
        1.0,
        1.0
      ],
      "height": 100.0,
      "hide": false,
      "label": "",
      "location": [
        950.2230834960938,
        170.99795532226562
      ],
      "params": {
        "activate": 1,
        "bakebuttonshow": 0,
        "display_edges": 0,
        "display_faces": 1,
        "display_verts": 0,
        "face_colors": [
          1.0,
          0.6617351770401001,
          0.594587504863739
        ],
        "shading": 0,
        "transparant": 1
      },
      "width": 140.0
    },
    "Viewer Draw2.001": {
      "bl_idname": "ViewerNode2",
      "color": [
        1.0,
        1.0,
        1.0
      ],
      "height": 100.0,
      "hide": false,
      "label": "",
      "location": [
        516.9945068359375,
        -162.8903045654297
      ],
      "params": {
        "activate": 1,
        "display_edges": 1,
        "display_faces": 0,
        "display_verts": 1,
        "edge_colors": [
          0.23603619635105133,
          0.3513506054878235,
          0.418351948261261
        ],
        "edge_width": 1,
        "shading": 1,
        "transparant": 1,
        "vertex_colors": [
          0.2947230339050293,
          0.29775458574295044,
          0.2831973433494568
        ],
        "vertex_size": 1.5779978036880493
      },
      "width": 140.0
    },
    "Viewer Draw2.002": {
      "bl_idname": "ViewerNode2",
      "color": [
        1.0,
        1.0,
        1.0
      ],
      "height": 100.0,
      "hide": false,
      "label": "",
      "location": [
        514.489501953125,
        -381.78155517578125
      ],
      "params": {
        "activate": 1,
        "display_edges": 0,
        "display_verts": 1,
        "edge_colors": [
          0.27557212114334106,
          0.4111902415752411,
          0.49006134271621704
        ],
        "edge_width": 1,
        "shading": 1,
        "transparant": 0,
        "vertex_colors": [
          0.5734950304031372,
          0.3330041170120239,
          0.4231409430503845
        ],
        "vertex_size": 1.5779978036880493
      },
      "width": 140.0
    },
    "Viewer Draw2.003": {
      "bl_idname": "ViewerNode2",
      "color": [
        1.0,
        1.0,
        1.0
      ],
      "height": 100.0,
      "hide": false,
      "label": "",
      "location": [
        959.060302734375,
        503.990234375
      ],
      "params": {
        "activate": 1,
        "bakebuttonshow": 1,
        "display_edges": 1,
        "display_faces": 0,
        "display_verts": 1,
        "edge_colors": [
          0.8989997506141663,
          0.844514012336731,
          0.6928313970565796
        ],
        "edge_width": 1
      },
      "width": 140.0
    },
    "Viewer text": {
      "bl_idname": "ViewerNode_text",
      "color": [
        0.5,
        0.5,
        1.0
      ],
      "height": 100.0,
      "hide": false,
      "label": "",
      "location": [
        732.9016723632812,
        420.2933044433594
      ],
      "params": {},
      "width": 140.0
    },
    "Voronoi": {
      "bl_idname": "Voronoi2DNode",
      "color": [
        0.6079999804496765,
        0.6079999804496765,
        0.6079999804496765
      ],
      "height": 100.0,
      "hide": false,
      "label": "",
      "location": [
        505.7933349609375,
        225.6851806640625
      ],
      "params": {
        "clip": 0.0
      },
      "width": 140.0
    }
  },
  "update_lists": [
    [
      "Float Series",
      "Range",
      "Circle",
      "Radius"
    ],
    [
      "Circle",
      "Vertices",
      "UV Connect",
      "vertices"
    ],
    [
      "Random Vector",
      "Random",
      "Formula2.002",
      "X"
    ],
    [
      "Float",
      "Float",
      "Formula2.002",
      "n[0]"
    ],
    [
      "Circle",
      "Vertices",
      "List Join",
      "data"
    ],
    [
      "Formula2.002",
      "Result",
      "List Join",
      "data 1"
    ],
    [
      "List Join",
      "data",
      "Voronoi",
      "Vertices"
    ],
    [
      "Voronoi",
      "Vertices",
      "Viewer text",
      "vertices"
    ],
    [
      "Voronoi",
      "Vertices",
      "Fill Holes",
      "vertices"
    ],
    [
      "Voronoi",
      "Edges",
      "Fill Holes",
      "edges"
    ],
    [
      "Fill Holes",
      "vertices",
      "Viewer Draw2",
      "vertices"
    ],
    [
      "Fill Holes",
      "polygons",
      "Viewer Draw2",
      "edg_pol"
    ],
    [
      "Matrix value input",
      "Matrix",
      "Viewer Draw2",
      "matrix"
    ],
    [
      "Formula2.002",
      "Result",
      "Vectors out",
      "Vectors"
    ],
    [
      "Vectors out",
      "X",
      "Vectors in.001",
      "X"
    ],
    [
      "Vectors out",
      "Y",
      "Vectors in.001",
      "Y"
    ],
    [
      "UV Connect",
      "vertices",
      "Viewer Draw2.001",
      "vertices"
    ],
    [
      "UV Connect",
      "data",
      "Viewer Draw2.001",
      "edg_pol"
    ],
    [
      "Matrix value input",
      "Matrix",
      "Viewer Draw2.001",
      "matrix"
    ],
    [
      "Voronoi",
      "Vertices",
      "Viewer Draw2.003",
      "vertices"
    ],
    [
      "Voronoi",
      "Edges",
      "Viewer Draw2.003",
      "edg_pol"
    ],
    [
      "Matrix value input",
      "Matrix",
      "Viewer Draw2.003",
      "matrix"
    ],
    [
      "Vectors in.001",
      "Vectors",
      "Viewer Draw2.002",
      "vertices"
    ],
    [
      "Matrix value input",
      "Matrix",
      "Viewer Draw2.002",
      "matrix"
    ]
  ]
}