{
  "connections": {
    "0": [
      "Float Series",
      "Range",
      "Formula2.001",
      "X"
    ],
    "1": [
      "Float Series",
      "Range",
      "Formula2",
      "X"
    ],
    "2": [
      "Formula2",
      "Result",
      "Vectors in",
      "X"
    ],
    "3": [
      "Formula2.001",
      "Result",
      "Vectors in",
      "Y"
    ],
    "4": [
      "Vectors in",
      "Vectors",
      "UV Connect",
      "vertices"
    ],
    "5": [
      "Random Vector",
      "Random",
      "Formula2.002",
      "X"
    ],
    "6": [
      "Float",
      "Float",
      "Formula2.002",
      "n[0]"
    ],
    "7": [
      "Vectors in",
      "Vectors",
      "List Join",
      "data"
    ],
    "8": [
      "Formula2.002",
      "Result",
      "List Join",
      "data 1"
    ],
    "9": [
      "List Join",
      "data",
      "Voronoi",
      "Vertices"
    ],
    "10": [
      "Voronoi",
      "Vertices",
      "Viewer text",
      "vertices"
    ],
    "11": [
      "Voronoi",
      "Vertices",
      "Fill Holes",
      "vertices"
    ],
    "12": [
      "Voronoi",
      "Edges",
      "Fill Holes",
      "edges"
    ],
    "13": [
      "Fill Holes",
      "vertices",
      "Viewer Draw2",
      "vertices"
    ],
    "14": [
      "Fill Holes",
      "polygons",
      "Viewer Draw2",
      "edg_pol"
    ],
    "15": [
      "UV Connect",
      "vertices",
      "Viewer Draw2.001",
      "vertices"
    ],
    "16": [
      "UV Connect",
      "data",
      "Viewer Draw2.001",
      "edg_pol"
    ],
    "17": [
      "Formula2.002",
      "Result",
      "Vectors out",
      "Vectors"
    ],
    "18": [
      "Vectors out",
      "X",
      "Vectors in.001",
      "X"
    ],
    "19": [
      "Vectors out",
      "Y",
      "Vectors in.001",
      "Y"
    ],
    "20": [
      "Voronoi",
      "Vertices",
      "Viewer Draw2.003",
      "vertices"
    ],
    "21": [
      "Voronoi",
      "Edges",
      "Viewer Draw2.003",
      "edg_pol"
    ],
    "22": [
      "Vectors in.001",
      "Vectors",
      "Viewer Draw2.002",
      "vertices"
    ]
  },
  "export_version": "0.043 pre alpha",
  "framed_nodes": {
    "UV Connect": "Frame",
    "Vectors in.001": "Frame",
    "Vectors out": "Frame",
    "Viewer Draw2.001": "Frame",
    "Viewer Draw2.002": "Frame"
  },
  "nodes": {
    "Fill Holes": {
      "bl_idname": "SvFillsHoleNode",
      "color": [
        0.6079999804496765,
        0.6079999804496765,
        0.6079999804496765
      ],
      "height": 100.0,
      "hide": false,
      "label": "",
      "location": [
        728.25537109375,
        191.9283447265625
      ],
      "params": {
        "sides": 10
      },
      "width": 140.0
    },
    "Float": {
      "bl_idname": "FloatNode",
      "color": [
        0.6079999804496765,
        0.6079999804496765,
        0.6079999804496765
      ],
      "height": 100.0,
      "hide": false,
      "label": "scale-rando",
      "location": [
        -287.7130126953125,
        -283.51129150390625
      ],
      "params": {
        "float_": 7.0,
        "maxim": 20.0,
        "minim": 1.0
      },
      "width": 140.0
    },
    "Float Series": {
      "bl_idname": "SvGenFloatRange",
      "color": [
        0.6079999804496765,
        0.6079999804496765,
        0.6079999804496765
      ],
      "height": 100.0,
      "hide": false,
      "label": "",
      "location": [
        -369.3553771972656,
        42.49581527709961
      ],
      "params": {
        "start_": 0.10000000149011612,
        "step_": 0.029999999329447746,
        "stop_": 20.0
      },
      "width": 140.0
    },
    "Formula2": {
      "bl_idname": "Formula2Node",
      "color": [
        0.6079999804496765,
        0.6079999804496765,
        0.6079999804496765
      ],
      "height": 100.0,
      "hide": false,
      "label": "",
      "location": [
        -162.80117797851562,
        114.33272552490234
      ],
      "params": {
        "formula": "cos(x)*x/2"
      },
      "width": 140.0
    },
    "Formula2.001": {
      "bl_idname": "Formula2Node",
      "color": [
        0.6079999804496765,
        0.6079999804496765,
        0.6079999804496765
      ],
      "height": 100.0,
      "hide": false,
      "label": "",
      "location": [
        -153.77659606933594,
        -29.85340118408203
      ],
      "params": {
        "formula": "sin(x)*x/2"
      },
      "width": 140.0
    },
    "Formula2.002": {
      "bl_idname": "Formula2Node",
      "color": [
        0.6079999804496765,
        0.6079999804496765,
        0.6079999804496765
      ],
      "height": 100.0,
      "hide": false,
      "label": "",
      "location": [
        -69.38629150390625,
        -167.8260040283203
      ],
      "params": {
        "formula": "x*n[0]"
      },
      "width": 140.0
    },
    "Frame": {
      "bl_idname": "NodeFrame",
      "color": [
        0.6079999804496765,
        0.6079999804496765,
        0.6079999804496765
      ],
      "height": 460.10968017578125,
      "hide": false,
      "label": "",
      "location": [
        421.9877624511719,
        117.6090087890625
      ],
      "params": {},
      "width": 471.88861083984375
    },
    "List Join": {
      "bl_idname": "ListJoinNode",
      "color": [
        0.6079999804496765,
        0.6079999804496765,
        0.6079999804496765
      ],
      "height": 100.0,
      "hide": false,
      "label": "",
      "location": [
        310.6346435546875,
        226.1968231201172
      ],
      "params": {
        "JoinLevel": 2
      },
      "width": 140.0
    },
    "Note": {
      "bl_idname": "NoteNode",
      "color": [
        0.5,
        0.5,
        1.0
      ],
      "height": 100.0,
      "hide": false,
      "label": "",
      "location": [
        -268.3773498535156,
        245.42233276367188
      ],
      "params": {
        "text": "Nikitron 2014 petri cap series | spiral"
      },
      "width": 320.0
    },
    "Random Vector": {
      "bl_idname": "RandomVectorNode",
      "color": [
        0.6079999804496765,
        0.6079999804496765,
        0.6079999804496765
      ],
      "height": 100.0,
      "hide": false,
      "label": "",
      "location": [
        -300.502685546875,
        -164.0180206298828
      ],
      "params": {
        "count_inner": 100,
        "seed": 1
      },
      "width": 140.0
    },
    "UV Connect": {
      "bl_idname": "LineConnectNode",
      "color": [
        0.6079999804496765,
        0.6079999804496765,
        0.6079999804496765
      ],
      "height": 100.0,
      "hide": false,
      "label": "",
      "location": [
        -133.93893432617188,
        -336.1049499511719
      ],
      "params": {
        "dir_check": "U_dir",
        "polygons": 0,
        "slice_check": 0
      },
      "width": 140.0
    },
    "Vectors in": {
      "bl_idname": "GenVectorsNode",
      "color": [
        0.6079999804496765,
        0.6079999804496765,
        0.6079999804496765
      ],
      "height": 100.0,
      "hide": false,
      "label": "",
      "location": [
        91.97175598144531,
        59.40167236328125
      ],
      "params": {},
      "width": 100.0
    },
    "Vectors in.001": {
      "bl_idname": "GenVectorsNode",
      "color": [
        0.6079999804496765,
        0.6079999804496765,
        0.6079999804496765
      ],
      "height": 100.0,
      "hide": true,
      "label": "",
      "location": [
        -57.59136962890625,
        -617.531494140625
      ],
      "params": {},
      "width": 100.0
    },
    "Vectors out": {
      "bl_idname": "VectorsOutNode",
      "color": [
        0.6079999804496765,
        0.6079999804496765,
        0.6079999804496765
      ],
      "height": 100.0,
      "hide": true,
      "label": "",
      "location": [
        -176.88186645507812,
        -617.5314331054688
      ],
      "params": {},
      "width": 140.0
    },
    "Viewer Draw2": {
      "bl_idname": "ViewerNode2",
      "color": [
        1.0,
        1.0,
        1.0
      ],
      "height": 100.0,
      "hide": false,
      "label": "",
      "location": [
        940.8324584960938,
        278.4647216796875
      ],
      "params": {
        "activate": 1,
        "bakebuttonshow": 1,
        "display_edges": 0,
        "display_faces": 1,
        "display_verts": 0,
        "face_colors": [
          1.0,
          0.3764345049858093,
          0.4261956214904785
        ],
        "transparant": 1
      },
      "width": 140.0
    },
    "Viewer Draw2.001": {
      "bl_idname": "ViewerNode2",
      "color": [
        1.0,
        1.0,
        1.0
      ],
      "height": 100.0,
      "hide": false,
      "label": "",
      "location": [
        95.00674438476562,
        -280.49932861328125
      ],
      "params": {
        "display_edges": 1,
        "display_verts": 1,
        "edge_colors": [
          0.27557212114334106,
          0.4111902415752411,
          0.49006134271621704
        ],
        "edge_width": 1,
        "shading": 1,
        "transparant": 0,
        "vertex_colors": [
          0.5675246715545654,
          0.5734950304031372,
          0.544832706451416
        ],
        "vertex_size": 1.5779978036880493
      },
      "width": 140.0
    },
    "Viewer Draw2.002": {
      "bl_idname": "ViewerNode2",
      "color": [
        1.0,
        1.0,
        1.0
      ],
      "height": 100.0,
      "hide": false,
      "label": "",
      "location": [
        92.50173950195312,
        -499.39056396484375
      ],
      "params": {
        "display_edges": 0,
        "display_verts": 1,
        "edge_colors": [
          0.27557212114334106,
          0.4111902415752411,
          0.49006134271621704
        ],
        "edge_width": 1,
        "shading": 1,
        "transparant": 0,
        "vertex_colors": [
          0.5734950304031372,
          0.3330041170120239,
          0.4231409430503845
        ],
        "vertex_size": 1.5779978036880493
      },
      "width": 140.0
    },
    "Viewer Draw2.003": {
      "bl_idname": "ViewerNode2",
      "color": [
        1.0,
        1.0,
        1.0
      ],
      "height": 100.0,
      "hide": false,
      "label": "",
      "location": [
        942.3137817382812,
        573.704833984375
      ],
      "params": {
        "activate": 1,
        "bakebuttonshow": 1,
        "display_edges": 1,
        "display_faces": 0,
        "display_verts": 1,
        "edge_colors": [
          0.8989997506141663,
          0.844514012336731,
          0.6928313970565796
        ],
        "edge_width": 1,
        "vertex_colors": [
          0.9479996562004089,
          0.426567018032074,
          0.44352978467941284
        ]
      },
      "width": 140.0
    },
    "Viewer text": {
      "bl_idname": "ViewerNode_text",
      "color": [
        0.5,
        0.5,
        1.0
      ],
      "height": 100.0,
      "hide": false,
      "label": "",
      "location": [
        728.1732177734375,
        425.0719909667969
      ],
      "params": {},
      "width": 140.0
    },
    "Voronoi": {
      "bl_idname": "Voronoi2DNode",
      "color": [
        0.6079999804496765,
        0.6079999804496765,
        0.6079999804496765
      ],
      "height": 100.0,
      "hide": false,
      "label": "",
      "location": [
        515.0988159179688,
        235.16708374023438
      ],
      "params": {
        "clip": 0.0
      },
      "width": 140.0
    }
  },
  "update_lists": [
    [
      "Float Series",
      "Range",
      "Formula2.001",
      "X"
    ],
    [
      "Float Series",
      "Range",
      "Formula2",
      "X"
    ],
    [
      "Formula2",
      "Result",
      "Vectors in",
      "X"
    ],
    [
      "Formula2.001",
      "Result",
      "Vectors in",
      "Y"
    ],
    [
      "Vectors in",
      "Vectors",
      "UV Connect",
      "vertices"
    ],
    [
      "UV Connect",
      "vertices",
      "Viewer Draw2.001",
      "vertices"
    ],
    [
      "UV Connect",
      "data",
      "Viewer Draw2.001",
      "edg_pol"
    ],
    [
      "Random Vector",
      "Random",
      "Formula2.002",
      "X"
    ],
    [
      "Float",
      "Float",
      "Formula2.002",
      "n[0]"
    ],
    [
      "Formula2.002",
      "Result",
      "Vectors out",
      "Vectors"
    ],
    [
      "Vectors in",
      "Vectors",
      "List Join",
      "data"
    ],
    [
      "Formula2.002",
      "Result",
      "List Join",
      "data 1"
    ],
    [
      "List Join",
      "data",
      "Voronoi",
      "Vertices"
    ],
    [
      "Voronoi",
      "Vertices",
      "Fill Holes",
      "vertices"
    ],
    [
      "Voronoi",
      "Edges",
      "Fill Holes",
      "edges"
    ],
    [
      "Fill Holes",
      "vertices",
      "Viewer Draw2",
      "vertices"
    ],
    [
      "Fill Holes",
      "polygons",
      "Viewer Draw2",
      "edg_pol"
    ],
    [
      "Vectors out",
      "X",
      "Vectors in.001",
      "X"
    ],
    [
      "Vectors out",
      "Y",
      "Vectors in.001",
      "Y"
    ],
    [
      "Vectors in.001",
      "Vectors",
      "Viewer Draw2.002",
      "vertices"
    ],
    [
      "Voronoi",
      "Vertices",
      "Viewer text",
      "vertices"
    ],
    [
      "Voronoi",
      "Vertices",
      "Viewer Draw2.003",
      "vertices"
    ],
    [
      "Voronoi",
      "Edges",
      "Viewer Draw2.003",
      "edg_pol"
    ]
  ]
}