{
  "connections": {
    "0": [
      "Float Series",
      "Range",
      "Formula2.001",
      "X"
    ],
    "1": [
      "Float Series",
      "Range",
      "Formula2",
      "X"
    ],
    "2": [
      "Formula2",
      "Result",
      "Vectors in",
      "X"
    ],
    "3": [
      "Formula2.001",
      "Result",
      "Vectors in",
      "Y"
    ],
    "4": [
      "Vectors in",
      "Vectors",
      "UV Connect",
      "vertices"
    ],
    "5": [
      "UV Connect",
      "vertices",
      "Viewer Draw2.001",
      "vertices"
    ],
    "6": [
      "UV Connect",
      "data",
      "Viewer Draw2.001",
      "edg_pol"
    ],
    "7": [
      "Random Vector",
      "Random",
      "Formula2.002",
      "X"
    ],
    "8": [
      "Float",
      "Float",
      "Formula2.002",
      "n[0]"
    ],
    "9": [
      "Formula2.002",
      "Result",
      "Vectors out",
      "Vectors"
    ],
    "10": [
      "Vectors in",
      "Vectors",
      "List Join",
      "data"
    ],
    "11": [
      "Formula2.002",
      "Result",
      "List Join",
      "data 1"
    ],
    "12": [
      "List Join",
      "data",
      "Voronoi",
      "Vertices"
    ],
    "13": [
      "Voronoi",
      "Vertices",
      "Fill Holes",
      "vertices"
    ],
    "14": [
      "Voronoi",
      "Edges",
      "Fill Holes",
      "edges"
    ],
    "15": [
      "Vectors out",
      "X",
      "Vectors in.001",
      "X"
    ],
    "16": [
      "Vectors out",
      "Y",
      "Vectors in.001",
      "Y"
    ],
    "17": [
      "Vectors in.001",
      "Vectors",
      "Viewer Draw2.002",
      "vertices"
    ],
    "18": [
      "Voronoi",
      "Vertices",
      "Viewer text",
      "vertices"
    ],
    "19": [
      "Voronoi",
      "Vertices",
      "Viewer Draw2.003",
      "vertices"
    ],
    "20": [
      "Voronoi",
      "Edges",
      "Viewer Draw2.003",
      "edg_pol"
    ],
    "21": [
      "Integer",
      "Integer",
      "Random Vector",
      "Count"
    ],
    "22": [
      "Fill Holes",
      "vertices",
      "PolygonBoom",
      "vertices"
    ],
    "23": [
      "Fill Holes",
      "polygons",
      "PolygonBoom",
      "edg_pol"
    ],
    "24": [
      "Float.001",
      "Float",
      "Float Series",
      "Stop"
    ],
    "25": [
      "Fill Holes",
      "polygons",
      "Centers polygons",
      "Polygons"
    ],
    "26": [
      "Fill Holes",
      "vertices",
      "Centers polygons",
      "Vertices"
    ],
    "27": [
      "Scale",
      "Vertices",
      "UV Connect.001",
      "vertices"
    ],
    "28": [
      "Centers polygons",
      "Origins",
      "List Flip Node",
      "data"
    ],
    "29": [
      "PolygonBoom",
      "vertices",
      "List Match",
      "Data 0"
    ],
    "30": [
      "List Flip Node",
      "data",
      "List Match.001",
      "Data 1"
    ],
    "31": [
      "Float Series.002",
      "Range",
      "List Match.001",
      "Data 0"
    ],
    "32": [
      "List Match",
      "Data 1",
      "Scale",
      "Factor"
    ],
    "33": [
      "PolygonBoom",
      "vertices",
      "Scale",
      "Vertices"
    ],
    "34": [
      "UV Connect.001",
      "vertices",
      "Viewer Draw2",
      "vertices"
    ],
    "35": [
      "UV Connect.001",
      "data",
      "Viewer Draw2",
      "edg_pol"
    ],
    "36": [
      "List Flip Node",
      "data",
      "List Match.002",
      "Data 0"
    ],
    "37": [
      "Vectors in.002",
      "Vectors",
      "List Match.002",
      "Data 1"
    ],
    "38": [
      "List Match.002",
      "Data 1",
      "Vectors Move",
      "vectors"
    ],
    "39": [
      "List Match.001",
      "Data 1",
      "Vectors Move",
      "vertices"
    ],
    "40": [
      "Vectors Move",
      "vertices",
      "Scale",
      "Center"
    ],
    "41": [
      "Float Series.002",
      "Range",
      "List Match",
      "Data 1"
    ],
    "42": [
      "Float Series.003",
      "Range",
      "Vectors in.002",
      "Z"
    ],
    "43": [
      "Integer.001",
      "Integer",
      "Float Series.002",
      "Stop"
    ],
    "44": [
      "Integer.001",
      "Integer",
      "Float Series.003",
      "Stop"
    ],
    "45": [
      "UV Connect.001",
      "vertices",
      "Bmesh Viewer Draw",
      "vertices"
    ],
    "46": [
      "UV Connect.001",
      "data",
      "Bmesh Viewer Draw",
      "faces"
    ],
    "47": [
      "Fill Holes",
      "vertices",
      "Area",
      "Vertices"
    ],
    "48": [
      "Fill Holes",
      "polygons",
      "Area",
      "Polygons"
    ],
    "49": [
      "Area",
      "Area",
      "Formula2.003",
      "X"
    ],
    "50": [
      "Formula2.003",
      "Result",
      "Float Series.003",
      "Start"
    ]
  },
  "export_version": "0.043 pre alpha",
  "framed_nodes": {
    "UV Connect": "Frame",
    "Vectors in.001": "Frame",
    "Vectors out": "Frame",
    "Viewer Draw2.001": "Frame",
    "Viewer Draw2.002": "Frame"
  },
  "nodes": {
    "Area": {
      "bl_idname": "AreaNode",
      "color": [
        0.6079999804496765,
        0.6079999804496765,
        0.6079999804496765
      ],
      "height": 100.0,
      "hide": false,
      "label": "",
      "location": [
        1173.3314208984375,
        -109.28755950927734
      ],
      "params": {},
      "width": 140.0
    },
    "Bmesh Viewer Draw": {
      "bl_idname": "BmeshViewerNode",
      "color": [
        0.5,
        0.5,
        0.5
      ],
      "height": 100.0,
      "hide": false,
      "label": "",
      "location": [
        2741.582763671875,
        488.2012939453125
      ],
      "params": {
        "activate": 0,
        "autosmooth": 0,
        "basemesh_name": "Lamda",
        "state_view": 0
      },
      "width": 140.0
    },
    "Centers polygons": {
      "bl_idname": "CentersPolsNode",
      "color": [
        0.6079999804496765,
        0.6079999804496765,
        0.6079999804496765
      ],
      "height": 100.0,
      "hide": false,
      "label": "",
      "location": [
        1241.1292724609375,
        202.99142456054688
      ],
      "params": {},
      "width": 140.0
    },
    "Fill Holes": {
      "bl_idname": "SvFillsHoleNode",
      "color": [
        0.6079999804496765,
        0.6079999804496765,
        0.6079999804496765
      ],
      "height": 100.0,
      "hide": false,
      "label": "",
      "location": [
        749.1149291992188,
        201.21133422851562
      ],
      "params": {
        "sides": 9
      },
      "width": 140.0
    },
    "Float": {
      "bl_idname": "FloatNode",
      "color": [
        0.6079999804496765,
        0.6079999804496765,
        0.6079999804496765
      ],
      "height": 100.0,
      "hide": false,
      "label": "scale-rando",
      "location": [
        -287.7130126953125,
        -283.51129150390625
      ],
      "params": {
        "float_": 5.0,
        "maxim": 20.0,
        "minim": 1.0
      },
      "width": 140.0
    },
    "Float Series": {
      "bl_idname": "SvGenFloatRange",
      "color": [
        0.6079999804496765,
        0.6079999804496765,
        0.6079999804496765
      ],
      "height": 100.0,
      "hide": false,
      "label": "",
      "location": [
        -369.3553771972656,
        42.49581527709961
      ],
      "params": {
        "start_": 0.10000000149011612,
        "step_": 0.5,
        "stop_": 20.0
      },
      "width": 140.0
    },
    "Float Series.002": {
      "bl_idname": "SvGenFloatRange",
      "color": [
        0.6079999804496765,
        0.6079999804496765,
        0.6079999804496765
      ],
      "height": 100.0,
      "hide": false,
      "label": "",
      "location": [
        1400.4337158203125,
        94.14497375488281
      ],
      "params": {
        "count_": 5,
        "mode": "FRANGE_COUNT",
        "start_": 0.009999999776482582,
        "stop_": 1.0
      },
      "width": 140.0
    },
    "Float Series.003": {
      "bl_idname": "SvGenFloatRange",
      "color": [
        0.6079999804496765,
        0.6079999804496765,
        0.6079999804496765
      ],
      "height": 100.0,
      "hide": false,
      "label": "",
      "location": [
        1394.484375,
        -66.6959228515625
      ],
      "params": {
        "count_": 5,
        "mode": "FRANGE_COUNT",
        "start_": 1.0,
        "stop_": 0.20000000298023224
      },
      "width": 140.0
    },
    "Float.001": {
      "bl_idname": "FloatNode",
      "color": [
        0.6079999804496765,
        0.6079999804496765,
        0.6079999804496765
      ],
      "height": 100.0,
      "hide": false,
      "label": "",
      "location": [
        -555.0748291015625,
        -82.70304870605469
      ],
      "params": {
        "float_": 0.07999999821186066,
        "maxim": 10.0,
        "minim": 0.07999999821186066
      },
      "width": 140.0
    },
    "Formula2": {
      "bl_idname": "Formula2Node",
      "color": [
        0.6079999804496765,
        0.6079999804496765,
        0.6079999804496765
      ],
      "height": 100.0,
      "hide": false,
      "label": "",
      "location": [
        -162.80117797851562,
        114.33272552490234
      ],
      "params": {
        "formula": "cos(x)*x/2"
      },
      "width": 140.0
    },
    "Formula2.001": {
      "bl_idname": "Formula2Node",
      "color": [
        0.6079999804496765,
        0.6079999804496765,
        0.6079999804496765
      ],
      "height": 100.0,
      "hide": false,
      "label": "",
      "location": [
        -153.77659606933594,
        -29.85340118408203
      ],
      "params": {
        "formula": "sin(x)*x/2"
      },
      "width": 140.0
    },
    "Formula2.002": {
      "bl_idname": "Formula2Node",
      "color": [
        0.6079999804496765,
        0.6079999804496765,
        0.6079999804496765
      ],
      "height": 100.0,
      "hide": false,
      "label": "",
      "location": [
        -69.38629150390625,
        -167.8260040283203
      ],
      "params": {
        "formula": "x*n[0]"
      },
      "width": 140.0
    },
    "Formula2.003": {
      "bl_idname": "Formula2Node",
      "color": [
        0.6079999804496765,
        0.6079999804496765,
        0.6079999804496765
      ],
      "height": 100.0,
      "hide": false,
      "label": "",
      "location": [
        1173.1947021484375,
        -246.15469360351562
      ],
      "params": {
        "formula": "min(1/x,1)"
      },
      "width": 140.0
    },
    "Frame": {
      "bl_idname": "NodeFrame",
      "color": [
        0.6079999804496765,
        0.6079999804496765,
        0.6079999804496765
      ],
      "height": 459.90936279296875,
      "hide": false,
      "label": "",
      "location": [
        1302.6683349609375,
        282.0177001953125
      ],
      "params": {},
      "width": 471.8885498046875
    },
    "Integer": {
      "bl_idname": "IntegerNode",
      "color": [
        0.6079999804496765,
        0.6079999804496765,
        0.6079999804496765
      ],
      "height": 100.0,
      "hide": false,
      "label": "",
      "location": [
        -493.53204345703125,
        -211.16921997070312
      ],
      "params": {
        "int_": 80,
        "maxim": 400,
        "minim": 2
      },
      "width": 140.0
    },
    "Integer.001": {
      "bl_idname": "IntegerNode",
      "color": [
        0.6079999804496765,
        0.6079999804496765,
        0.6079999804496765
      ],
      "height": 100.0,
      "hide": false,
      "label": "",
      "location": [
        1179.0543212890625,
        -11.712890625
      ],
      "params": {
        "int_": 10,
        "maxim": 10,
        "minim": 2
      },
      "width": 140.0
    },
    "List Flip Node": {
      "bl_idname": "ListFlipNode",
      "color": [
        0.6079999804496765,
        0.6079999804496765,
        0.6079999804496765
      ],
      "height": 100.0,
      "hide": false,
      "label": "",
      "location": [
        1494.1607666015625,
        263.39935302734375
      ],
      "params": {},
      "width": 140.0
    },
    "List Join": {
      "bl_idname": "ListJoinNode",
      "color": [
        0.6079999804496765,
        0.6079999804496765,
        0.6079999804496765
      ],
      "height": 100.0,
      "hide": false,
      "label": "",
      "location": [
        310.6346435546875,
        226.1968231201172
      ],
      "params": {
        "JoinLevel": 2
      },
      "width": 140.0
    },
    "List Match": {
      "bl_idname": "ListMatchNode",
      "color": [
        0.6079999804496765,
        0.6079999804496765,
        0.6079999804496765
      ],
      "height": 100.0,
      "hide": false,
      "label": "",
      "location": [
        1816.6334228515625,
        163.5995635986328
      ],
      "params": {
        "level": 1,
        "mode": "REPEAT"
      },
      "width": 140.0
    },
    "List Match.001": {
      "bl_idname": "ListMatchNode",
      "color": [
        0.6079999804496765,
        0.6079999804496765,
        0.6079999804496765
      ],
      "height": 100.0,
      "hide": false,
      "label": "",
      "location": [
        1813.3876953125,
        460.01324462890625
      ],
      "params": {
        "level": 2,
        "mode": "REPEAT",
        "mode_final": "REPEAT"
      },
      "width": 140.0
    },
    "List Match.002": {
      "bl_idname": "ListMatchNode",
      "color": [
        0.6079999804496765,
        0.6079999804496765,
        0.6079999804496765
      ],
      "height": 100.0,
      "hide": false,
      "label": "",
      "location": [
        1991.2991943359375,
        27.156951904296875
      ],
      "params": {
        "level": 1,
        "mode": "REPEAT",
        "mode_final": "REPEAT"
      },
      "width": 140.0
    },
    "Note": {
      "bl_idname": "NoteNode",
      "color": [
        0.5,
        0.5,
        1.0
      ],
      "height": 100.0,
      "hide": false,
      "label": "",
      "location": [
        -268.3773498535156,
        245.42233276367188
      ],
      "params": {
        "text": "Nikitron 2014 petri cap series | spiral"
      },
      "width": 320.0
    },
    "PolygonBoom": {
      "bl_idname": "PolygonBoomNode",
      "color": [
        0.6079999804496765,
        0.6079999804496765,
        0.6079999804496765
      ],
      "height": 100.0,
      "hide": false,
      "label": "",
      "location": [
        1230.748291015625,
        358.3940734863281
      ],
      "params": {},
      "width": 140.0
    },
    "Random Vector": {
      "bl_idname": "RandomVectorNode",
      "color": [
        0.6079999804496765,
        0.6079999804496765,
        0.6079999804496765
      ],
      "height": 100.0,
      "hide": false,
      "label": "",
      "location": [
        -300.502685546875,
        -164.0180206298828
      ],
      "params": {
        "count_inner": 20,
        "seed": 13
      },
      "width": 140.0
    },
    "Scale": {
      "bl_idname": "SvScaleNode",
      "color": [
        0.6079999804496765,
        0.6079999804496765,
        0.6079999804496765
      ],
      "height": 100.0,
      "hide": false,
      "label": "",
      "location": [
        2099.821533203125,
        408.655029296875
      ],
      "params": {
        "Separate": 1
      },
      "width": 140.0
    },
    "UV Connect": {
      "bl_idname": "LineConnectNode",
      "color": [
        0.6079999804496765,
        0.6079999804496765,
        0.6079999804496765
      ],
      "height": 100.0,
      "hide": false,
      "label": "",
      "location": [
        -555.9266967773438,
        -453.7139587402344
      ],
      "params": {
        "dir_check": "U_dir",
        "polygons": "Pols",
        "slice_check": 0
      },
      "width": 140.0
    },
    "UV Connect.001": {
      "bl_idname": "LineConnectNode",
      "color": [
        0.6079999804496765,
        0.6079999804496765,
        0.6079999804496765
      ],
      "height": 100.0,
      "hide": false,
      "label": "",
      "location": [
        2317.304931640625,
        426.1124267578125
      ],
      "params": {
        "cicl_check": 1,
        "dir_check": "V_dir",
        "polygons": "Pols",
        "slice_check": 0
      },
      "width": 140.0
    },
    "Vectors Move": {
      "bl_idname": "VectorMoveNode",
      "color": [
        0.6079999804496765,
        0.6079999804496765,
        0.6079999804496765
      ],
      "height": 100.0,
      "hide": false,
      "label": "",
      "location": [
        2199.82861328125,
        -13.028488159179688
      ],
      "params": {},
      "width": 140.0
    },
    "Vectors in": {
      "bl_idname": "GenVectorsNode",
      "color": [
        0.6079999804496765,
        0.6079999804496765,
        0.6079999804496765
      ],
      "height": 100.0,
      "hide": false,
      "label": "",
      "location": [
        91.97175598144531,
        59.40167236328125
      ],
      "params": {},
      "width": 100.0
    },
    "Vectors in.001": {
      "bl_idname": "GenVectorsNode",
      "color": [
        0.6079999804496765,
        0.6079999804496765,
        0.6079999804496765
      ],
      "height": 100.0,
      "hide": true,
      "label": "",
      "location": [
        -479.5791320800781,
        -735.1405029296875
      ],
      "params": {},
      "width": 100.0
    },
    "Vectors in.002": {
      "bl_idname": "GenVectorsNode",
      "color": [
        0.6079999804496765,
        0.6079999804496765,
        0.6079999804496765
      ],
      "height": 100.0,
      "hide": false,
      "label": "",
      "location": [
        1665.6173095703125,
        -82.23483276367188
      ],
      "params": {},
      "width": 100.0
    },
    "Vectors out": {
      "bl_idname": "VectorsOutNode",
      "color": [
        0.6079999804496765,
        0.6079999804496765,
        0.6079999804496765
      ],
      "height": 100.0,
      "hide": true,
      "label": "",
      "location": [
        -598.86962890625,
        -735.1404418945312
      ],
      "params": {},
      "width": 140.0
    },
    "Viewer Draw2": {
      "bl_idname": "ViewerNode2",
      "color": [
        1.0,
        1.0,
        1.0
      ],
      "height": 100.0,
      "hide": false,
      "label": "",
      "location": [
        2581.863525390625,
        497.98138427734375
      ],
      "params": {
        "activate": 1,
        "bakebuttonshow": 1,
        "display_edges": 0,
        "display_faces": 1,
        "display_verts": 0,
        "edge_colors": [
          0.4949935972690582,
          0.5089179277420044,
          0.8990001082420349
        ],
        "edge_width": 1,
        "face_colors": [
          0.8544945120811462,
          0.42757588624954224,
          0.06662237644195557
        ],
        "shading": 1,
        "transparant": 0,
        "vertex_colors": [
          0.7509952783584595,
          0.9479999542236328,
          0.19742457568645477
        ],
        "vertex_size": 2.0
      },
      "width": 140.0
    },
    "Viewer Draw2.001": {
      "bl_idname": "ViewerNode2",
      "color": [
        1.0,
        1.0,
        1.0
      ],
      "height": 100.0,
      "hide": false,
      "label": "",
      "location": [
        -326.98101806640625,
        -398.10833740234375
      ],
      "params": {
        "activate": 1,
        "display_edges": 1,
        "display_verts": 1,
        "edge_colors": [
          0.27557212114334106,
          0.4111902415752411,
          0.49006134271621704
        ],
        "edge_width": 1,
        "shading": 1,
        "transparant": 0,
        "vertex_colors": [
          0.5675246715545654,
          0.5734950304031372,
          0.544832706451416
        ],
        "vertex_size": 1.5779978036880493
      },
      "width": 140.0
    },
    "Viewer Draw2.002": {
      "bl_idname": "ViewerNode2",
      "color": [
        1.0,
        1.0,
        1.0
      ],
      "height": 100.0,
      "hide": false,
      "label": "",
      "location": [
        -329.48602294921875,
        -616.9995727539062
      ],
      "params": {
        "activate": 0,
        "display_edges": 0,
        "display_verts": 1,
        "edge_colors": [
          0.27557212114334106,
          0.4111902415752411,
          0.49006134271621704
        ],
        "edge_width": 1,
        "shading": 1,
        "transparant": 0,
        "vertex_colors": [
          0.5734950304031372,
          0.3330041170120239,
          0.4231409430503845
        ],
        "vertex_size": 1.5779978036880493
      },
      "width": 140.0
    },
    "Viewer Draw2.003": {
      "bl_idname": "ViewerNode2",
      "color": [
        1.0,
        1.0,
        1.0
      ],
      "height": 100.0,
      "hide": false,
      "label": "",
      "location": [
        942.3137817382812,
        573.704833984375
      ],
      "params": {
        "activate": 0,
        "bakebuttonshow": 1,
        "display_edges": 1,
        "display_faces": 0,
        "display_verts": 1,
        "edge_colors": [
          0.8989997506141663,
          0.844514012336731,
          0.6928313970565796
        ],
        "edge_width": 1,
        "vertex_colors": [
          0.9479996562004089,
          0.426567018032074,
          0.44352978467941284
        ]
      },
      "width": 140.0
    },
    "Viewer text": {
      "bl_idname": "ViewerNode_text",
      "color": [
        0.5,
        0.5,
        1.0
      ],
      "height": 100.0,
      "hide": false,
      "label": "",
      "location": [
        728.1732177734375,
        425.0719909667969
      ],
      "params": {},
      "width": 140.0
    },
    "Viewer text.001": {
      "bl_idname": "ViewerNode_text",
      "color": [
        0.05000000074505806,
        0.05000000074505806,
        0.10000000149011612
      ],
      "height": 100.0,
      "hide": false,
      "label": "",
      "location": [
        1651.520263671875,
        -231.35728454589844
      ],
      "params": {},
      "width": 128.9937744140625
    },
    "Voronoi": {
      "bl_idname": "Voronoi2DNode",
      "color": [
        0.6079999804496765,
        0.6079999804496765,
        0.6079999804496765
      ],
      "height": 100.0,
      "hide": false,
      "label": "",
      "location": [
        515.0988159179688,
        235.16708374023438
      ],
      "params": {
        "clip": 0.0
      },
      "width": 140.0
    }
  },
  "update_lists": [
    [
      "Integer.001",
      "Integer",
      "Float Series.002",
      "Stop"
    ],
    [
      "Float.001",
      "Float",
      "Float Series",
      "Stop"
    ],
    [
      "Float Series",
      "Range",
      "Formula2",
      "X"
    ],
    [
      "Float Series",
      "Range",
      "Formula2.001",
      "X"
    ],
    [
      "Formula2",
      "Result",
      "Vectors in",
      "X"
    ],
    [
      "Formula2.001",
      "Result",
      "Vectors in",
      "Y"
    ],
    [
      "Integer",
      "Integer",
      "Random Vector",
      "Count"
    ],
    [
      "Random Vector",
      "Random",
      "Formula2.002",
      "X"
    ],
    [
      "Float",
      "Float",
      "Formula2.002",
      "n[0]"
    ],
    [
      "Vectors in",
      "Vectors",
      "List Join",
      "data"
    ],
    [
      "Formula2.002",
      "Result",
      "List Join",
      "data 1"
    ],
    [
      "List Join",
      "data",
      "Voronoi",
      "Vertices"
    ],
    [
      "Voronoi",
      "Vertices",
      "Fill Holes",
      "vertices"
    ],
    [
      "Voronoi",
      "Edges",
      "Fill Holes",
      "edges"
    ],
    [
      "Fill Holes",
      "vertices",
      "Area",
      "Vertices"
    ],
    [
      "Fill Holes",
      "polygons",
      "Area",
      "Polygons"
    ],
    [
      "Area",
      "Area",
      "Formula2.003",
      "X"
    ],
    [
      "Formula2.003",
      "Result",
      "Float Series.003",
      "Start"
    ],
    [
      "Integer.001",
      "Integer",
      "Float Series.003",
      "Stop"
    ],
    [
      "Fill Holes",
      "vertices",
      "PolygonBoom",
      "vertices"
    ],
    [
      "Fill Holes",
      "polygons",
      "PolygonBoom",
      "edg_pol"
    ],
    [
      "PolygonBoom",
      "vertices",
      "List Match",
      "Data 0"
    ],
    [
      "Float Series.002",
      "Range",
      "List Match",
      "Data 1"
    ],
    [
      "Fill Holes",
      "vertices",
      "Centers polygons",
      "Vertices"
    ],
    [
      "Fill Holes",
      "polygons",
      "Centers polygons",
      "Polygons"
    ],
    [
      "Voronoi",
      "Vertices",
      "Viewer text",
      "vertices"
    ],
    [
      "Vectors in",
      "Vectors",
      "UV Connect",
      "vertices"
    ],
    [
      "Float Series.003",
      "Range",
      "Vectors in.002",
      "Z"
    ],
    [
      "Centers polygons",
      "Origins",
      "List Flip Node",
      "data"
    ],
    [
      "List Flip Node",
      "data",
      "List Match.002",
      "Data 0"
    ],
    [
      "Vectors in.002",
      "Vectors",
      "List Match.002",
      "Data 1"
    ],
    [
      "Float Series.002",
      "Range",
      "List Match.001",
      "Data 0"
    ],
    [
      "List Flip Node",
      "data",
      "List Match.001",
      "Data 1"
    ],
    [
      "List Match.001",
      "Data 1",
      "Vectors Move",
      "vertices"
    ],
    [
      "List Match.002",
      "Data 1",
      "Vectors Move",
      "vectors"
    ],
    [
      "PolygonBoom",
      "vertices",
      "Scale",
      "Vertices"
    ],
    [
      "Vectors Move",
      "vertices",
      "Scale",
      "Center"
    ],
    [
      "List Match",
      "Data 1",
      "Scale",
      "Factor"
    ],
    [
      "Scale",
      "Vertices",
      "UV Connect.001",
      "vertices"
    ],
    [
      "UV Connect.001",
      "vertices",
      "Viewer Draw2",
      "vertices"
    ],
    [
      "UV Connect.001",
      "data",
      "Viewer Draw2",
      "edg_pol"
    ],
    [
      "UV Connect",
      "vertices",
      "Viewer Draw2.001",
      "vertices"
    ],
    [
      "UV Connect",
      "data",
      "Viewer Draw2.001",
      "edg_pol"
    ],
    [
      "Voronoi",
      "Vertices",
      "Viewer Draw2.003",
      "vertices"
    ],
    [
      "Voronoi",
      "Edges",
      "Viewer Draw2.003",
      "edg_pol"
    ],
    [
      "UV Connect.001",
      "vertices",
      "Bmesh Viewer Draw",
      "vertices"
    ],
    [
      "UV Connect.001",
      "data",
      "Bmesh Viewer Draw",
      "faces"
    ],
    [
      "Formula2.002",
      "Result",
      "Vectors out",
      "Vectors"
    ],
    [
      "Vectors out",
      "X",
      "Vectors in.001",
      "X"
    ],
    [
      "Vectors out",
      "Y",
      "Vectors in.001",
      "Y"
    ],
    [
      "Vectors in.001",
      "Vectors",
      "Viewer Draw2.002",
      "vertices"
    ]
  ]
}