{
  "export_version": "0.054",
  "framed_nodes": {
    "Circle": "Frame.001",
    "Float": "Frame.001",
    "Float Series.001": "Frame.001",
    "Float Series.002": "Frame.001",
    "Float.001": "Frame.001",
    "Float.002": "Frame.001",
    "Float.003": "Frame.001",
    "Float.004": "Frame.001",
    "Float.005": "Frame.001",
    "Float.006": "Frame.001",
    "Formula2": "Frame.003",
    "Formula2.001": "Frame.002",
    "Formula2.002": "Frame.004",
    "Formula2.003": "Frame",
    "Integer": "Frame.001",
    "List Del Levels": "Frame.002",
    "List Reverse": "Frame.003",
    "List Split.001": "Frame.002",
    "Mirror": "Frame.004",
    "Rotation": "Frame.003",
    "Scale": "Frame",
    "UV Connect": "Frame.005",
    "Vectors Move": "Frame.002",
    "Vectors in": "Frame.002",
    "Vectors in.001": "Frame",
    "Vectors in.002": "Frame.003",
    "Vectors in.003": "Frame.004",
    "Vectors in.004": "Frame.003",
    "Viewer Draw2": "Frame.005",
    "function": "Frame.002"
  },
  "groups": {},
  "nodes": {
    "Circle": {
      "bl_idname": "SvCircleNode",
      "color": [
        0.0,
        0.5,
        0.5
      ],
      "height": 100.0,
      "hide": false,
      "label": "",
      "location": [
        -299.0321960449219,
        346.066162109375
      ],
      "params": {
        "degr_": 6.2831854820251465
      },
      "width": 140.0
    },
    "Float": {
      "bl_idname": "FloatNode",
      "color": [
        0.6079999804496765,
        0.6079999804496765,
        0.6079999804496765
      ],
      "height": 100.0,
      "hide": false,
      "label": "Rot",
      "location": [
        -544.1439208984375,
        -376.2559814453125
      ],
      "params": {
        "float_": -360.0,
        "maxim": 360.0,
        "minim": -360.0
      },
      "width": 140.0
    },
    "Float Series.001": {
      "bl_idname": "SvGenFloatRange",
      "color": [
        0.6079999804496765,
        0.6079999804496765,
        0.6079999804496765
      ],
      "height": 100.0,
      "hide": false,
      "label": "",
      "location": [
        -299.4980773925781,
        116.56524658203125
      ],
      "params": {
        "count_": 20,
        "mode": "FRANGE_COUNT",
        "start_": 0.0,
        "step_": 0.10000000149011612,
        "stop_": 2.12109375
      },
      "width": 140.0
    },
    "Float Series.002": {
      "bl_idname": "SvGenFloatRange",
      "color": [
        0.6079999804496765,
        0.6079999804496765,
        0.6079999804496765
      ],
      "height": 100.0,
      "hide": false,
      "label": "",
      "location": [
        -296.3454284667969,
        -59.17215347290039
      ],
      "params": {
        "count_": 20,
        "mode": "FRANGE_COUNT",
        "start_": 0.0,
        "step_": 0.10000000149011612,
        "stop_": 2.12109375
      },
      "width": 140.0
    },
    "Float.001": {
      "bl_idname": "FloatNode",
      "color": [
        0.6079999804496765,
        0.6079999804496765,
        0.6079999804496765
      ],
      "height": 100.0,
      "hide": false,
      "label": "end",
      "location": [
        -538.8607177734375,
        55.54840087890625
      ],
      "params": {
        "float_": 1.0,
        "maxim": 4.0,
        "minim": 1.0
      },
      "width": 140.0
    },
    "Float.002": {
      "bl_idname": "FloatNode",
      "color": [
        0.6079999804496765,
        0.6079999804496765,
        0.6079999804496765
      ],
      "height": 100.0,
      "hide": false,
      "label": "start",
      "location": [
        -540.9625244140625,
        135.5247039794922
      ],
      "params": {
        "float_": 0.0,
        "maxim": 1.0,
        "minim": -4.0
      },
      "width": 140.0
    },
    "Float.003": {
      "bl_idname": "FloatNode",
      "color": [
        0.6079999804496765,
        0.6079999804496765,
        0.6079999804496765
      ],
      "height": 100.0,
      "hide": false,
      "label": "Move",
      "location": [
        -544.4132080078125,
        -125.28935241699219
      ],
      "params": {
        "float_": 0.0,
        "maxim": 100.0,
        "minim": 0.0
      },
      "width": 140.0
    },
    "Float.004": {
      "bl_idname": "FloatNode",
      "color": [
        0.6079999804496765,
        0.6079999804496765,
        0.6079999804496765
      ],
      "height": 100.0,
      "hide": false,
      "label": "Mirror start",
      "location": [
        -543.230224609375,
        -218.4421844482422
      ],
      "params": {
        "float_": 0.0,
        "maxim": 1.0,
        "minim": -1.0
      },
      "width": 140.0
    },
    "Float.005": {
      "bl_idname": "FloatNode",
      "color": [
        0.6079999804496765,
        0.6079999804496765,
        0.6079999804496765
      ],
      "height": 100.0,
      "hide": false,
      "label": "Mirror end",
      "location": [
        -543.230224609375,
        -299.21484375
      ],
      "params": {
        "float_": 0.0,
        "maxim": 1.0,
        "minim": -1.0
      },
      "width": 140.0
    },
    "Float.006": {
      "bl_idname": "FloatNode",
      "color": [
        0.6079999804496765,
        0.6079999804496765,
        0.6079999804496765
      ],
      "height": 100.0,
      "hide": false,
      "label": "Scale",
      "location": [
        -540.9625244140625,
        215.50100708007812
      ],
      "params": {
        "float_": 0.10000000149011612,
        "maxim": 10.0,
        "minim": 0.0
      },
      "width": 140.0
    },
    "Formula2": {
      "bl_idname": "Formula2Node",
      "color": [
        0.6079999804496765,
        0.6079999804496765,
        0.6079999804496765
      ],
      "height": 100.0,
      "hide": false,
      "label": "",
      "location": [
        755.7206420898438,
        -163.47410583496094
      ],
      "params": {
        "formula": "x*n[0]"
      },
      "width": 140.0
    },
    "Formula2.001": {
      "bl_idname": "Formula2Node",
      "color": [
        0.6079999804496765,
        0.6079999804496765,
        0.6079999804496765
      ],
      "height": 100.0,
      "hide": false,
      "label": "",
      "location": [
        577.3059692382812,
        205.3704833984375
      ],
      "params": {
        "formula": "x*n[0]"
      },
      "width": 140.0
    },
    "Formula2.002": {
      "bl_idname": "Formula2Node",
      "color": [
        0.6079999804496765,
        0.6079999804496765,
        0.6079999804496765
      ],
      "height": 100.0,
      "hide": false,
      "label": "",
      "location": [
        1323.8828125,
        132.13796997070312
      ],
      "params": {
        "formula": "x*n[0]"
      },
      "width": 140.0
    },
    "Formula2.003": {
      "bl_idname": "Formula2Node",
      "color": [
        0.6079999804496765,
        0.6079999804496765,
        0.6079999804496765
      ],
      "height": 100.0,
      "hide": false,
      "label": "",
      "location": [
        30.482879638671875,
        35.87127685546875
      ],
      "params": {
        "formula": "x*n[0]"
      },
      "width": 140.0
    },
    "Frame": {
      "bl_idname": "NodeFrame",
      "color": [
        0.6079999804496765,
        0.6079999804496765,
        0.6079999804496765
      ],
      "height": 335.246337890625,
      "hide": false,
      "label": "Scale",
      "location": [
        -414.71295166015625,
        117.04667663574219
      ],
      "params": {},
      "width": 377.2887268066406
    },
    "Frame.001": {
      "bl_idname": "NodeFrame",
      "color": [
        0.6079999804496765,
        0.6079999804496765,
        0.6079999804496765
      ],
      "height": 851.8513793945312,
      "hide": false,
      "label": "Generators",
      "location": [
        -372.5039978027344,
        -9.214795112609863
      ],
      "params": {},
      "width": 448.8205871582031
    },
    "Frame.002": {
      "bl_idname": "NodeFrame",
      "color": [
        0.6079999804496765,
        0.6079999804496765,
        0.6079999804496765
      ],
      "height": 452.8125,
      "hide": false,
      "label": "Move",
      "location": [
        -489.5380859375,
        -143.0716552734375
      ],
      "params": {},
      "width": 708.8328857421875
    },
    "Frame.003": {
      "bl_idname": "NodeFrame",
      "color": [
        0.6079999804496765,
        0.6079999804496765,
        0.6079999804496765
      ],
      "height": 350.4176940917969,
      "hide": false,
      "label": "Rotation",
      "location": [
        416.9764099121094,
        361.9344177246094
      ],
      "params": {},
      "width": 657.2076416015625
    },
    "Frame.004": {
      "bl_idname": "NodeFrame",
      "color": [
        0.6079999804496765,
        0.6079999804496765,
        0.6079999804496765
      ],
      "height": 355.79034423828125,
      "hide": false,
      "label": "Mirror",
      "location": [
        286.16485595703125,
        0.566680908203125
      ],
      "params": {},
      "width": 368.618408203125
    },
    "Frame.005": {
      "bl_idname": "NodeFrame",
      "color": [
        0.6079999804496765,
        0.6079999804496765,
        0.6079999804496765
      ],
      "height": 257.2445068359375,
      "hide": false,
      "label": "Polygonization",
      "location": [
        198.261474609375,
        17.004959106445312
      ],
      "params": {},
      "width": 454.70751953125
    },
    "Integer": {
      "bl_idname": "IntegerNode",
      "color": [
        0.6079999804496765,
        0.6079999804496765,
        0.6079999804496765
      ],
      "height": 100.0,
      "hide": false,
      "label": "Divisions",
      "location": [
        -545.166015625,
        -27.58484649658203
      ],
      "params": {
        "int_": 46,
        "maxim": 100,
        "minim": 3
      },
      "width": 140.0
    },
    "List Del Levels": {
      "bl_idname": "ListLevelsNode",
      "color": [
        0.6079999804496765,
        0.6079999804496765,
        0.6079999804496765
      ],
      "height": 100.0,
      "hide": false,
      "label": "",
      "location": [
        568.6317138671875,
        455.8841552734375
      ],
      "params": {
        "Sverch_LisLev": "2,3,4"
      },
      "width": 140.0
    },
    "List Reverse": {
      "bl_idname": "ListReverseNode",
      "color": [
        0.6079999804496765,
        0.6079999804496765,
        0.6079999804496765
      ],
      "height": 100.0,
      "hide": false,
      "label": "",
      "location": [
        467.6544494628906,
        -173.07252502441406
      ],
      "params": {
        "level": 1
      },
      "width": 140.0
    },
    "List Split.001": {
      "bl_idname": "SvListSplitNode",
      "color": [
        0.6079999804496765,
        0.6079999804496765,
        0.6079999804496765
      ],
      "height": 100.0,
      "hide": false,
      "label": "",
      "location": [
        883.5868530273438,
        338.81195068359375
      ],
      "params": {
        "level": 1,
        "level_unwrap": 1,
        "unwrap": 1
      },
      "width": 140.0
    },
    "Mirror": {
      "bl_idname": "SvMirrorNode",
      "color": [
        1.0,
        0.9113979935646057,
        0.0003859999997075647
      ],
      "height": 100.0,
      "hide": false,
      "label": "",
      "location": [
        1492.5010986328125,
        283.2236633300781
      ],
      "params": {},
      "width": 140.0
    },
    "Rotation": {
      "bl_idname": "SvRotationNode",
      "color": [
        1.0,
        0.9113979935646057,
        0.0003859999997075647
      ],
      "height": 100.0,
      "hide": false,
      "label": "",
      "location": [
        924.8621215820312,
        -17.516735076904297
      ],
      "params": {
        "angle_": 3.1181640625
      },
      "width": 140.0
    },
    "Scale": {
      "bl_idname": "SvScaleNode",
      "color": [
        1.0,
        0.9113982915878296,
        0.00038623559521511197
      ],
      "height": 100.0,
      "hide": false,
      "label": "",
      "location": [
        207.77162170410156,
        166.19967651367188
      ],
      "params": {
        "Separate": 1
      },
      "width": 140.0
    },
    "UV Connect": {
      "bl_idname": "LineConnectNode",
      "color": [
        0.6079999804496765,
        0.2392331063747406,
        0.5655299425125122
      ],
      "height": 100.0,
      "hide": false,
      "label": "",
      "location": [
        1865.317138671875,
        279.2806091308594
      ],
      "params": {
        "cicl_check": 1,
        "dir_check": "V_dir",
        "polygons": 1,
        "slice_check": 0
      },
      "width": 163.5291748046875
    },
    "Vectors Move": {
      "bl_idname": "VectorMoveNode",
      "color": [
        1.0,
        0.9113979935646057,
        0.0003859999997075647
      ],
      "height": 100.0,
      "hide": false,
      "label": "",
      "location": [
        1074.866943359375,
        311.45166015625
      ],
      "params": {},
      "width": 140.0
    },
    "Vectors in": {
      "bl_idname": "GenVectorsNode",
      "color": [
        0.6079999804496765,
        0.6079999804496765,
        0.6079999804496765
      ],
      "height": 100.0,
      "hide": false,
      "label": "",
      "location": [
        743.0127563476562,
        338.81195068359375
      ],
      "params": {},
      "width": 100.0
    },
    "Vectors in.001": {
      "bl_idname": "GenVectorsNode",
      "color": [
        0.6079999804496765,
        0.6079999804496765,
        0.6079999804496765
      ],
      "height": 100.0,
      "hide": false,
      "label": "",
      "location": [
        38.391082763671875,
        161.86167907714844
      ],
      "params": {},
      "width": 100.0
    },
    "Vectors in.002": {
      "bl_idname": "GenVectorsNode",
      "color": [
        0.6079999804496765,
        0.6079999804496765,
        0.6079999804496765
      ],
      "height": 100.0,
      "hide": false,
      "label": "",
      "location": [
        638.280517578125,
        -150.6229705810547
      ],
      "params": {},
      "width": 100.0
    },
    "Vectors in.003": {
      "bl_idname": "GenVectorsNode",
      "color": [
        0.6079999804496765,
        0.6079999804496765,
        0.6079999804496765
      ],
      "height": 100.0,
      "hide": false,
      "label": "",
      "location": [
        1324.406005859375,
        256.46728515625
      ],
      "params": {},
      "width": 100.0
    },
    "Vectors in.004": {
      "bl_idname": "GenVectorsNode",
      "color": [
        0.6079999804496765,
        0.6079999804496765,
        0.6079999804496765
      ],
      "height": 100.0,
      "hide": false,
      "label": "",
      "location": [
        645.4522094726562,
        -19.34955596923828
      ],
      "params": {},
      "width": 100.0
    },
    "Viewer Draw2": {
      "bl_idname": "ViewerNode2",
      "color": [
        1.0,
        0.30000001192092896,
        0.0
      ],
      "height": 100.0,
      "hide": false,
      "label": "",
      "location": [
        2120.024658203125,
        282.23956298828125
      ],
      "params": {
        "display_edges": 1,
        "display_verts": 0,
        "shading": 1,
        "transparant": 0
      },
      "width": 140.0
    },
    "function": {
      "bl_idname": "ScalarMathNode",
      "color": [
        0.6079999804496765,
        0.6079999804496765,
        0.6079999804496765
      ],
      "height": 100.0,
      "hide": false,
      "label": "",
      "location": [
        566.0340576171875,
        338.81195068359375
      ],
      "params": {},
      "width": 140.0
    }
  },
  "update_lists": [
    [
      "Float.002",
      "Float",
      "Float Series.001",
      "Start"
    ],
    [
      "Float.001",
      "Float",
      "Float Series.001",
      "Step"
    ],
    [
      "Integer",
      "Integer",
      "Float Series.001",
      "Stop"
    ],
    [
      "Float Series.001",
      "Range",
      "List Reverse",
      "data"
    ],
    [
      "List Reverse",
      "data",
      "Vectors in.002",
      "Y"
    ],
    [
      "Float Series.001",
      "Range",
      "Formula2.001",
      "X"
    ],
    [
      "Float.003",
      "Float",
      "Formula2.001",
      "n[0]"
    ],
    [
      "Formula2.001",
      "Result",
      "function",
      "X"
    ],
    [
      "Float.004",
      "Float",
      "Float Series.002",
      "Start"
    ],
    [
      "Float.005",
      "Float",
      "Float Series.002",
      "Step"
    ],
    [
      "Integer",
      "Integer",
      "Float Series.002",
      "Stop"
    ],
    [
      "Float Series.001",
      "Range",
      "Formula2.002",
      "X"
    ],
    [
      "Float Series.002",
      "Range",
      "Formula2.002",
      "n[0]"
    ],
    [
      "Formula2.002",
      "Result",
      "Vectors in.003",
      "X"
    ],
    [
      "Float Series.001",
      "Range",
      "Vectors in.003",
      "Z"
    ],
    [
      "function",
      "float",
      "Vectors in",
      "Y"
    ],
    [
      "Float Series.001",
      "Range",
      "Formula2.003",
      "X"
    ],
    [
      "Float.006",
      "Float",
      "Formula2.003",
      "n[0]"
    ],
    [
      "Formula2.003",
      "Result",
      "Vectors in.001",
      "Z"
    ],
    [
      "Circle",
      "Vertices",
      "Scale",
      "Vertices"
    ],
    [
      "Vectors in.001",
      "Vectors",
      "Scale",
      "Center"
    ],
    [
      "Float Series.001",
      "Range",
      "Scale",
      "Factor"
    ],
    [
      "Scale",
      "Vertices",
      "List Del Levels",
      "data"
    ],
    [
      "Float Series.001",
      "Range",
      "Formula2",
      "X"
    ],
    [
      "Float",
      "Float",
      "Formula2",
      "n[0]"
    ],
    [
      "Vectors in",
      "Vectors",
      "List Split.001",
      "Data"
    ],
    [
      "List Del Levels",
      "data",
      "Vectors Move",
      "vertices"
    ],
    [
      "List Split.001",
      "Split",
      "Vectors Move",
      "vectors"
    ],
    [
      "Float Series.001",
      "Range",
      "Vectors in.004",
      "Z"
    ],
    [
      "Vectors Move",
      "vertices",
      "Rotation",
      "Vertices"
    ],
    [
      "Vectors in.004",
      "Vectors",
      "Rotation",
      "Center"
    ],
    [
      "Vectors in.002",
      "Vectors",
      "Rotation",
      "Axis"
    ],
    [
      "Formula2",
      "Result",
      "Rotation",
      "Angle"
    ],
    [
      "Rotation",
      "Vertices",
      "Mirror",
      "Vertices"
    ],
    [
      "Vectors in.003",
      "Vectors",
      "Mirror",
      "Vert A"
    ],
    [
      "Mirror",
      "Vertices",
      "UV Connect",
      "vertices"
    ],
    [
      "UV Connect",
      "vertices",
      "Viewer Draw2",
      "vertices"
    ],
    [
      "UV Connect",
      "data",
      "Viewer Draw2",
      "edg_pol"
    ]
  ]
}