{
  "export_version": "0.055",
  "framed_nodes": {
    "UV Connect": "Frame"
  },
  "groups": {},
  "nodes": {
    "Apply matrix for vectors": {
      "bl_idname": "MatrixApplyNode",
      "color": [
        0.6079999804496765,
        0.6079999804496765,
        0.6079999804496765
      ],
      "height": 100.0,
      "hide": true,
      "label": "",
      "location": [
        222.52587890625,
        184.57174682617188
      ],
      "params": {},
      "width": 140.0
    },
    "Axis Input": {
      "bl_idname": "svAxisInputNode",
      "color": [
        0.6079999804496765,
        0.6079999804496765,
        0.6079999804496765
      ],
      "height": 100.0,
      "hide": true,
      "label": "Y",
      "location": [
        10.887542724609375,
        148.33407592773438
      ],
      "params": {
        "current_axis": "Y",
        "selected_axis": "Y"
      },
      "width": 100.0
    },
    "Float": {
      "bl_idname": "FloatNode",
      "color": [
        0.6079999804496765,
        0.6079999804496765,
        0.6079999804496765
      ],
      "height": 100.0,
      "hide": false,
      "label": "",
      "location": [
        -349.0549011230469,
        305.682373046875
      ],
      "params": {
        "float_": -2.8999996185302734
      },
      "width": 140.0
    },
    "Float.001": {
      "bl_idname": "FloatNode",
      "color": [
        0.6079999804496765,
        0.6079999804496765,
        0.6079999804496765
      ],
      "height": 100.0,
      "hide": false,
      "label": "",
      "location": [
        -349.0606384277344,
        227.36221313476562
      ],
      "params": {
        "float_": -11.029999732971191
      },
      "width": 140.0
    },
    "Float.002": {
      "bl_idname": "FloatNode",
      "color": [
        0.6079999804496765,
        0.6079999804496765,
        0.6079999804496765
      ],
      "height": 100.0,
      "hide": false,
      "label": "",
      "location": [
        -347.8851318359375,
        149.04205322265625
      ],
      "params": {
        "float_": -13.309999465942383
      },
      "width": 140.0
    },
    "Float.003": {
      "bl_idname": "FloatNode",
      "color": [
        0.6079999804496765,
        0.6079999804496765,
        0.6079999804496765
      ],
      "height": 100.0,
      "hide": false,
      "label": "",
      "location": [
        -350.2242736816406,
        73.05982971191406
      ],
      "params": {
        "float_": -6.979999542236328
      },
      "width": 140.0
    },
    "Float.004": {
      "bl_idname": "FloatNode",
      "color": [
        0.6079999804496765,
        0.6079999804496765,
        0.6079999804496765
      ],
      "height": 100.0,
      "hide": false,
      "label": "",
      "location": [
        -351.3942565917969,
        -2.9224071502685547
      ],
      "params": {
        "float_": -6.5
      },
      "width": 140.0
    },
    "Float.005": {
      "bl_idname": "FloatNode",
      "color": [
        0.6079999804496765,
        0.6079999804496765,
        0.6079999804496765
      ],
      "height": 100.0,
      "hide": false,
      "label": "",
      "location": [
        -353.7342224121094,
        -76.56672668457031
      ],
      "params": {
        "float_": 0.6700001955032349
      },
      "width": 140.0
    },
    "Float.006": {
      "bl_idname": "FloatNode",
      "color": [
        0.6079999804496765,
        0.6079999804496765,
        0.6079999804496765
      ],
      "height": 100.0,
      "hide": false,
      "label": "",
      "location": [
        -352.56402587890625,
        -168.91436767578125
      ],
      "params": {
        "float_": -11.899999618530273
      },
      "width": 140.0
    },
    "Float.007": {
      "bl_idname": "FloatNode",
      "color": [
        0.6079999804496765,
        0.6079999804496765,
        0.6079999804496765
      ],
      "height": 100.0,
      "hide": false,
      "label": "",
      "location": [
        -352.5642395019531,
        -242.5586700439453
      ],
      "params": {
        "float_": 12.790000915527344
      },
      "width": 140.0
    },
    "Float.008": {
      "bl_idname": "FloatNode",
      "color": [
        0.6079999804496765,
        0.6079999804496765,
        0.6079999804496765
      ],
      "height": 100.0,
      "hide": false,
      "label": "",
      "location": [
        -353.7352600097656,
        -315.0340576171875
      ],
      "params": {
        "float_": -0.8600001931190491
      },
      "width": 140.0
    },
    "Float.009": {
      "bl_idname": "FloatNode",
      "color": [
        0.6079999804496765,
        0.6079999804496765,
        0.6079999804496765
      ],
      "height": 100.0,
      "hide": false,
      "label": "",
      "location": [
        -354.9037780761719,
        -392.18524169921875
      ],
      "params": {
        "float_": 5.289999961853027
      },
      "width": 140.0
    },
    "Float.010": {
      "bl_idname": "FloatNode",
      "color": [
        0.6079999804496765,
        0.6079999804496765,
        0.6079999804496765
      ],
      "height": 100.0,
      "hide": false,
      "label": "",
      "location": [
        -353.7348327636719,
        -466.99853515625
      ],
      "params": {
        "float_": 0.0
      },
      "width": 140.0
    },
    "Float.011": {
      "bl_idname": "FloatNode",
      "color": [
        0.6079999804496765,
        0.6079999804496765,
        0.6079999804496765
      ],
      "height": 100.0,
      "hide": false,
      "label": "",
      "location": [
        -353.7344055175781,
        -538.304931640625
      ],
      "params": {
        "float_": 2.3999998569488525
      },
      "width": 140.0
    },
    "Float.012": {
      "bl_idname": "FloatNode",
      "color": [
        0.6079999804496765,
        0.6079999804496765,
        0.6079999804496765
      ],
      "height": 100.0,
      "hide": false,
      "label": "",
      "location": [
        -1.9805679321289062,
        86.3792724609375
      ],
      "params": {
        "float_": -17.09000587463379
      },
      "width": 140.0
    },
    "Float.013": {
      "bl_idname": "FloatNode",
      "color": [
        0.6079999804496765,
        0.6079999804496765,
        0.6079999804496765
      ],
      "height": 100.0,
      "hide": false,
      "label": "",
      "location": [
        1026.073486328125,
        -207.22750854492188
      ],
      "params": {
        "float_": 2.409998893737793
      },
      "width": 140.0
    },
    "Frame": {
      "bl_idname": "NodeFrame",
      "color": [
        0.800000011920929,
        0.0,
        0.0
      ],
      "height": 90.0,
      "hide": false,
      "label": "Deprecated node!",
      "location": [
        0.0,
        0.0
      ],
      "params": {},
      "width": 147.0
    },
    "Frame Info": {
      "bl_idname": "SvFrameInfoNode",
      "color": [
        0.6079999804496765,
        0.6079999804496765,
        0.6079999804496765
      ],
      "height": 100.0,
      "hide": false,
      "label": "",
      "location": [
        -160.05677795410156,
        -220.8954315185547
      ],
      "params": {},
      "width": 140.0
    },
    "Hilbert3d": {
      "bl_idname": "Hilbert3dNode",
      "color": [
        0.6079999804496765,
        0.6079999804496765,
        0.6079999804496765
      ],
      "height": 100.0,
      "hide": false,
      "label": "",
      "location": [
        572.3404541015625,
        86.20455932617188
      ],
      "params": {
        "level_": 2,
        "size_": 1.7799999713897705
      },
      "width": 140.0
    },
    "List Join": {
      "bl_idname": "ListJoinNode",
      "color": [
        0.6079999804496765,
        0.6079999804496765,
        0.6079999804496765
      ],
      "height": 100.0,
      "hide": true,
      "label": "",
      "location": [
        457.5118103027344,
        174.0511016845703
      ],
      "params": {
        "JoinLevel": 1,
        "mix_check": 0,
        "wrap_check": 1
      },
      "width": 138.83123779296875
    },
    "Matrix in": {
      "bl_idname": "MatrixGenNode",
      "color": [
        0.6079999804496765,
        0.6079999804496765,
        0.6079999804496765
      ],
      "height": 100.0,
      "hide": true,
      "label": "",
      "location": [
        138.3250274658203,
        127.29276275634766
      ],
      "params": {},
      "width": 140.0
    },
    "Matrix in.001": {
      "bl_idname": "MatrixGenNode",
      "color": [
        0.6079999804496765,
        0.6079999804496765,
        0.6079999804496765
      ],
      "height": 100.0,
      "hide": true,
      "label": "",
      "location": [
        1152.0389404296875,
        74.51402282714844
      ],
      "params": {},
      "width": 140.0
    },
    "Mesh Join": {
      "bl_idname": "SvMeshJoinNode",
      "color": [
        0.6079999804496765,
        0.6079999804496765,
        0.6079999804496765
      ],
      "height": 100.0,
      "hide": false,
      "label": "",
      "location": [
        727.7837524414062,
        249.87185668945312
      ],
      "params": {},
      "width": 140.0
    },
    "ProfileNode": {
      "bl_idname": "SvProfileNode",
      "color": [
        0.6079999804496765,
        0.6079999804496765,
        0.6079999804496765
      ],
      "height": 100.0,
      "hide": false,
      "label": "",
      "location": [
        -167.02223205566406,
        295.1617736816406
      ],
      "params": {
        "filename": "Untitled"
      },
      "path_file": "M 0,0\nC a,b c,d e,f 10 0\nC g,h i,j k,l 10 0\n",
      "width": 140.0
    },
    "UV Connect": {
      "bl_idname": "LineConnectNode",
      "color": [
        0.6079999804496765,
        0.6079999804496765,
        0.6079999804496765
      ],
      "height": 100.0,
      "hide": true,
      "label": "",
      "location": [
        579.5027465820312,
        172.8821563720703
      ],
      "params": {
        "cicl_check": 1,
        "dir_check": "U_dir",
        "polygons": 1,
        "slice_check": 1
      },
      "width": 140.0
    },
    "Vector Interpolation": {
      "bl_idname": "SvInterpolationNode",
      "color": [
        0.6079999804496765,
        0.6079999804496765,
        0.6079999804496765
      ],
      "height": 100.0,
      "hide": false,
      "label": "",
      "location": [
        814.2709350585938,
        -106.68899536132812
      ],
      "params": {
        "mode": "SPL"
      },
      "width": 140.0
    },
    "Vector Math": {
      "bl_idname": "VectorMathNode",
      "color": [
        0.6079999804496765,
        0.6079999804496765,
        0.6079999804496765
      ],
      "height": 100.0,
      "hide": true,
      "label": "COMPONENT-WISE",
      "location": [
        325.4521179199219,
        122.61698913574219
      ],
      "params": {
        "items_": "COMPONENT-WISE",
        "scalar_output_socket": 0
      },
      "width": 140.0
    },
    "Vector Math.001": {
      "bl_idname": "VectorMathNode",
      "color": [
        0.6079999804496765,
        0.6079999804496765,
        0.6079999804496765
      ],
      "height": 100.0,
      "hide": false,
      "label": "SCALAR",
      "location": [
        1059.967041015625,
        -34.207794189453125
      ],
      "params": {
        "items_": "SCALAR",
        "scalar_output_socket": 0
      },
      "width": 140.0
    },
    "Vectors in": {
      "bl_idname": "GenVectorsNode",
      "color": [
        0.6079999804496765,
        0.6079999804496765,
        0.6079999804496765
      ],
      "height": 100.0,
      "hide": false,
      "label": "",
      "location": [
        32.57405090332031,
        -12.982139587402344
      ],
      "params": {
        "x_": -1.0,
        "y_": 1.0,
        "z_": 1.0
      },
      "width": 100.0
    },
    "Viewer Draw2": {
      "bl_idname": "ViewerNode2",
      "color": [
        1.0,
        1.0,
        1.0
      ],
      "height": 100.0,
      "hide": false,
      "label": "",
      "location": [
        1251.8304443359375,
        337.24652099609375
      ],
      "params": {
        "display_edges": 0,
        "display_faces": 1,
        "display_verts": 0,
        "face_colors": [
          0.8989997506141663,
          0.8174746632575989,
          0.6698390245437622
        ],
        "shading": 1,
        "transparant": 0
      },
      "width": 140.0
    },
    "function": {
      "bl_idname": "ScalarMathNode",
      "color": [
        0.6079999804496765,
        0.6079999804496765,
        0.6079999804496765
      ],
      "height": 100.0,
      "hide": false,
      "label": "",
      "location": [
        442.9525451660156,
        -151.93492126464844
      ],
      "params": {},
      "width": 140.0
    },
    "function.001": {
      "bl_idname": "ScalarMathNode",
      "color": [
        0.6079999804496765,
        0.6079999804496765,
        0.6079999804496765
      ],
      "height": 100.0,
      "hide": false,
      "label": "",
      "location": [
        90.025146484375,
        -177.64346313476562
      ],
      "params": {
        "items_": "MODULO",
        "y": 73.84000396728516
      },
      "width": 140.0
    },
    "function.002": {
      "bl_idname": "ScalarMathNode",
      "color": [
        0.6079999804496765,
        0.6079999804496765,
        0.6079999804496765
      ],
      "height": 100.0,
      "hide": false,
      "label": "",
      "location": [
        604.2205810546875,
        -99.33208465576172
      ],
      "params": {
        "items_": "MUL",
        "y": 66.00999450683594
      },
      "width": 140.0
    },
    "function.003": {
      "bl_idname": "ScalarMathNode",
      "color": [
        0.6079999804496765,
        0.6079999804496765,
        0.6079999804496765
      ],
      "height": 100.0,
      "hide": false,
      "label": "",
      "location": [
        43.26646423339844,
        -352.0082092285156
      ],
      "params": {
        "items_": "SUB"
      },
      "width": 140.0
    },
    "function.004": {
      "bl_idname": "ScalarMathNode",
      "color": [
        0.6079999804496765,
        0.6079999804496765,
        0.6079999804496765
      ],
      "height": 100.0,
      "hide": false,
      "label": "",
      "location": [
        347.9410400390625,
        -329.9779357910156
      ],
      "params": {
        "items_": "DIV",
        "y": 121.62999725341797
      },
      "width": 140.0
    },
    "function.005": {
      "bl_idname": "ScalarMathNode",
      "color": [
        0.6079999804496765,
        0.6079999804496765,
        0.6079999804496765
      ],
      "height": 100.0,
      "hide": false,
      "label": "",
      "location": [
        284.01873779296875,
        -149.59808349609375
      ],
      "params": {
        "items_": "DIV",
        "y": 1.0
      },
      "width": 140.0
    }
  },
  "update_lists": [
    [
      "Frame Info",
      "Current Frame",
      "function.004",
      "X"
    ],
    [
      "Frame Info",
      "End Frame",
      "function.004",
      "Y"
    ],
    [
      "Hilbert3d",
      "Vertices",
      "Vector Interpolation",
      "Vertices"
    ],
    [
      "function.004",
      "float",
      "Vector Interpolation",
      "Interval"
    ],
    [
      "Frame Info",
      "End Frame",
      "function.003",
      "X"
    ],
    [
      "Frame Info",
      "Start Frame",
      "function.003",
      "Y"
    ],
    [
      "Frame Info",
      "Current Frame",
      "function.001",
      "X"
    ],
    [
      "function.003",
      "float",
      "function.001",
      "Y"
    ],
    [
      "function.001",
      "float",
      "function.005",
      "X"
    ],
    [
      "function.005",
      "float",
      "function",
      "X"
    ],
    [
      "function",
      "float",
      "function.002",
      "X"
    ],
    [
      "function.002",
      "float",
      "Float.012",
      "Float"
    ],
    [
      "Float",
      "Float",
      "ProfileNode",
      "a"
    ],
    [
      "Float.001",
      "Float",
      "ProfileNode",
      "b"
    ],
    [
      "Float.002",
      "Float",
      "ProfileNode",
      "c"
    ],
    [
      "Float.003",
      "Float",
      "ProfileNode",
      "d"
    ],
    [
      "Float.004",
      "Float",
      "ProfileNode",
      "e"
    ],
    [
      "Float.005",
      "Float",
      "ProfileNode",
      "f"
    ],
    [
      "Float.006",
      "Float",
      "ProfileNode",
      "g"
    ],
    [
      "Float.007",
      "Float",
      "ProfileNode",
      "h"
    ],
    [
      "Float.008",
      "Float",
      "ProfileNode",
      "i"
    ],
    [
      "Float.009",
      "Float",
      "ProfileNode",
      "j"
    ],
    [
      "Float.010",
      "Float",
      "ProfileNode",
      "k"
    ],
    [
      "Axis Input",
      "Vectors",
      "Matrix in",
      "Rotation"
    ],
    [
      "Float.012",
      "Float",
      "Matrix in",
      "Angle"
    ],
    [
      "ProfileNode",
      "Verts",
      "Apply matrix for vectors",
      "Vectors"
    ],
    [
      "Matrix in",
      "Matrix",
      "Apply matrix for vectors",
      "Matrixes"
    ],
    [
      "Apply matrix for vectors",
      "Vectors",
      "Vector Math",
      "U"
    ],
    [
      "Vectors in",
      "Vectors",
      "Vector Math",
      "V"
    ],
    [
      "Apply matrix for vectors",
      "Vectors",
      "List Join",
      "data"
    ],
    [
      "Vector Math",
      "W",
      "List Join",
      "data 1"
    ],
    [
      "List Join",
      "data",
      "UV Connect",
      "vertices"
    ],
    [
      "UV Connect",
      "vertices",
      "Mesh Join",
      "Vertices"
    ],
    [
      "UV Connect",
      "data",
      "Mesh Join",
      "PolyEdge"
    ],
    [
      "Vector Interpolation",
      "Vertices",
      "Vector Math.001",
      "U"
    ],
    [
      "Float.013",
      "Float",
      "Vector Math.001",
      "S"
    ],
    [
      "Vector Math.001",
      "W",
      "Matrix in.001",
      "Location"
    ],
    [
      "Mesh Join",
      "Vertices",
      "Viewer Draw2",
      "vertices"
    ],
    [
      "Mesh Join",
      "PolyEdge",
      "Viewer Draw2",
      "edg_pol"
    ],
    [
      "Matrix in.001",
      "Matrix",
      "Viewer Draw2",
      "matrix"
    ]
  ]
}