{"export_version": "1.0", "main_tree": {"nodes": {"Frame": {"attributes": {"location": [-45.169471740722656, -66.03567504882812], "height": 269.0, "width": 742.0}, "bl_idname": "NodeFrame"}, "Frame.001": {"attributes": {"location": [-30.0, 10.0], "height": 311.0, "width": 1009.0}, "bl_idname": "NodeFrame"}, "Frame.002": {"attributes": {"location": [-191.9416046142578, 0.5924406051635742], "height": 366.0, "width": 204.0}, "bl_idname": "NodeFrame"}, "Frame.003": {"attributes": {"location": [-30.0, 10.0], "height": 281.0, "width": 369.0}, "bl_idname": "NodeFrame"}, "Frame.004": {"attributes": {"location": [-861.2670288085938, -219.959716796875], "height": 279.0, "width": 711.0}, "bl_idname": "NodeFrame"}, "Frame.005": {"attributes": {"location": [-411.7353515625, -103.96720123291016], "height": 513.0, "width": 562.0}, "bl_idname": "NodeFrame"}, "Frame.006": {"attributes": {"location": [-879.5831909179688, -133.2216796875], "height": 453.0, "width": 833.08837890625}, "bl_idname": "NodeFrame"}, "Frame.007": {"attributes": {"location": [-869.5756225585938, -61.46654510498047], "height": 388.0, "width": 666.08837890625}, "bl_idname": "NodeFrame"}, "A Number": {"attributes": {"location": [-626.4500885009766, 170.56131267547607], "label": "Iterations", "parent": {"type": "NODE", "value": "Frame.002"}}, "properties": {"int_": 60, "selected_mode": "int"}, "inputs": {"Int": {"bl_idname": "SvStringsSocket", "name": "Int", "properties": {"prop_name": "int_"}}}, "outputs": {"Int": {"bl_idname": "SvStringsSocket", "name": "Int", "properties": {"custom_draw": "mode_custom_draw"}}}, "bl_idname": "SvNumberNode"}, "A Number.001": {"attributes": {"location": [-625.4840240478516, 259.5726041793823], "label": "Step", "parent": {"type": "NODE", "value": "Frame.002"}}, "properties": {"float_": 45.0}, "inputs": {"Float": {"bl_idname": "SvStringsSocket", "name": "Float", "properties": {"prop_name": "float_"}}}, "outputs": {"Float": {"bl_idname": "SvStringsSocket", "name": "Float", "properties": {"custom_draw": "mode_custom_draw"}}}, "bl_idname": "SvNumberNode"}, "Area": {"attributes": {"location": [1372.6653442382812, 314.25677490234375], "parent": {"type": "NODE", "value": "Frame.004"}}, "inputs": {"Vertices": {"bl_idname": "SvVerticesSocket", "name": "Vertices"}, "Polygons": {"bl_idname": "SvStringsSocket", "name": "Polygons"}}, "outputs": {"Area": {"bl_idname": "SvStringsSocket", "name": "Area"}}, "bl_idname": "SvAreaNode"}, "Attractor Field": {"attributes": {"location": [466.6424255371094, 509.3594970703125], "parent": {"type": "NODE", "value": "Frame.001"}}, "properties": {"amplitude": 0.7999999523162842, "clamp": true, "coefficient": 2.2699999809265137, "falloff_type": "inverse_cubic", "merge_mode": "MIN"}, "inputs": {"Center": {"bl_idname": "SvVerticesSocket", "name": "Center", "properties": {"use_prop": true}}, "Direction": {"bl_idname": "SvVerticesSocket", "name": "Direction", "attributes": {"hide": true}, "properties": {"use_prop": true, "prop": [0.0, 0.0, 1.0]}}, "Radius": {"bl_idname": "SvStringsSocket", "name": "Radius", "attributes": {"hide": true}, "properties": {"prop_name": "radius"}}, "Edges": {"bl_idname": "SvStringsSocket", "name": "Edges", "attributes": {"hide": true}}, "Faces": {"bl_idname": "SvStringsSocket", "name": "Faces", "attributes": {"hide": true}}, "Amplitude": {"bl_idname": "SvStringsSocket", "name": "Amplitude", "properties": {"prop_name": "amplitude"}}, "Coefficient": {"bl_idname": "SvStringsSocket", "name": "Coefficient", "attributes": {"hide": true}, "properties": {"prop_name": "coefficient"}}}, "outputs": {"VField": {"bl_idname": "SvVectorFieldSocket", "name": "VField"}, "SField": {"bl_idname": "SvScalarFieldSocket", "name": "SField"}}, "bl_idname": "SvAttractorFieldNodeMk2"}, "Delaunay 2D": {"attributes": {"location": [1206.5642700195312, 318.15875244140625], "parent": {"type": "NODE", "value": "Frame.004"}}, "inputs": {"Vertices": {"bl_idname": "SvVerticesSocket", "name": "Vertices"}}, "outputs": {"Polygons": {"bl_idname": "SvStringsSocket", "name": "Polygons"}}, "bl_idname": "DelaunayTriangulation2DNode"}, "Exec Node Mod.002": {"attributes": {"location": [2351.5684204101562, 583.2105178833008], "width": 408.0882568359375, "parent": {"type": "NODE", "value": "Frame.007"}}, "properties": {"dynamic_strings": [{"line": "for i in V1:"}, {"line": "    if not ('Subdivision' in i.modifiers):"}, {"line": "        i.modifiers.new('Subdivision','SUBSURF')"}, {"line": "    else:"}, {"line": "        i.modifiers[0].levels = 3"}]}, "inputs": {"V1": {"bl_idname": "SvStringsSocket", "name": "V1"}, "V2": {"bl_idname": "SvStringsSocket", "name": "V2"}, "V3": {"bl_idname": "SvStringsSocket", "name": "V3"}}, "outputs": {"out": {"bl_idname": "SvStringsSocket", "name": "out"}}, "bl_idname": "SvExecNodeMod"}, "Exec Node Mod.003": {"attributes": {"location": [2344.6465454101562, 184.2894287109375], "width": 408.0882568359375, "parent": {"type": "NODE", "value": "Frame.006"}}, "properties": {"dynamic_strings": [{"line": "for i in V1:"}, {"line": "    if not ('Subdivision' in i.modifiers):"}, {"line": "        i.modifiers.new('Subdivision','SUBSURF')"}, {"line": "    else:"}, {"line": "        i.modifiers[0].levels = 3"}]}, "inputs": {"V1": {"bl_idname": "SvStringsSocket", "name": "V1"}, "V2": {"bl_idname": "SvStringsSocket", "name": "V2"}, "V3": {"bl_idname": "SvStringsSocket", "name": "V3"}}, "outputs": {"out": {"bl_idname": "SvStringsSocket", "name": "out"}}, "bl_idname": "SvExecNodeMod"}, "Inset Special.001": {"attributes": {"location": [1979.8081665039062, 203.52374267578125], "parent": {"type": "NODE", "value": "Frame.006"}}, "properties": {"distance": -0.5, "inset": 0.9800000190734863}, "inputs": {"Vertices": {"bl_idname": "SvVerticesSocket", "name": "Vertices", "properties": {"is_mandatory": true}}, "Polygons": {"bl_idname": "SvStringsSocket", "name": "Polygons", "properties": {"is_mandatory": true, "nesting_level": 3}}, "Inset": {"bl_idname": "SvStringsSocket", "name": "Inset", "properties": {"prop_name": "inset"}}, "Distance": {"bl_idname": "SvStringsSocket", "name": "Distance", "properties": {"prop_name": "distance"}}, "Ignore": {"bl_idname": "SvStringsSocket", "name": "Ignore", "properties": {"prop_name": "ignore"}}, "Make Inner": {"bl_idname": "SvStringsSocket", "name": "Make Inner", "properties": {"prop_name": "make_inner"}}, "Custom normal": {"bl_idname": "SvVerticesSocket", "name": "Custom normal"}, "Offset Matrix": {"bl_idname": "SvMatrixSocket", "name": "Offset Matrix", "attributes": {"hide": true}, "properties": {"nesting_level": 2, "default_mode": "MATRIX"}}}, "outputs": {"Vertices": {"bl_idname": "SvVerticesSocket", "name": "Vertices"}, "Polygons": {"bl_idname": "SvStringsSocket", "name": "Polygons"}, "Ignored": {"bl_idname": "SvStringsSocket", "name": "Ignored"}, "Inset": {"bl_idname": "SvStringsSocket", "name": "Inset"}, "Original verts idx": {"bl_idname": "SvStringsSocket", "name": "Original verts idx"}, "Original face idx": {"bl_idname": "SvStringsSocket", "name": "Original face idx"}, "Pols group": {"bl_idname": "SvStringsSocket", "name": "Pols group"}, "New verts mask": {"bl_idname": "SvStringsSocket", "name": "New verts mask"}}, "bl_idname": "SvInsetSpecialMk2"}, "Line": {"attributes": {"location": [-77.03335571289062, 147.60601806640625], "color": [0.9200000166893005, 0.9200000166893005, 0.9200000166893005], "use_custom_color": true, "parent": {"type": "NODE", "value": "Frame"}}, "properties": {"center": true, "num": 150, "size": 60.0}, "inputs": {"Num": {"bl_idname": "SvStringsSocket", "name": "Num", "properties": {"prop_name": "num"}}, "Steps": {"bl_idname": "SvStringsSocket", "name": "Steps", "attributes": {"hide": true}, "properties": {"prop_name": "step"}}, "Size": {"bl_idname": "SvStringsSocket", "name": "Size", "properties": {"prop_name": "size"}}, "Origin": {"bl_idname": "SvVerticesSocket", "name": "Origin", "attributes": {"hide": true}, "properties": {"prop_name": "v3_origin"}}, "Direction": {"bl_idname": "SvVerticesSocket", "name": "Direction", "attributes": {"hide": true}, "properties": {"prop_name": "v3_dir"}}}, "outputs": {"Verts": {"bl_idname": "SvVerticesSocket", "name": "Verts"}, "Edges": {"bl_idname": "SvStringsSocket", "name": "Edges"}}, "bl_idname": "SvLineNodeMK4"}, "List Mask (out)": {"attributes": {"location": [1717.9666137695312, 313.9254150390625], "parent": {"type": "NODE", "value": "Frame.004"}}, "properties": {"Level": 2}, "inputs": {"data": {"bl_idname": "SvStringsSocket", "name": "data"}, "mask": {"bl_idname": "SvStringsSocket", "name": "mask"}}, "outputs": {"mask": {"bl_idname": "SvStringsSocket", "name": "mask"}, "ind_true": {"bl_idname": "SvStringsSocket", "name": "ind_true"}, "ind_false": {"bl_idname": "SvStringsSocket", "name": "ind_false"}, "dataTrue": {"bl_idname": "SvStringsSocket", "name": "dataTrue"}, "dataFalse": {"bl_idname": "SvStringsSocket", "name": "dataFalse"}}, "bl_idname": "MaskListNode"}, "List Split": {"attributes": {"location": [2246.443603515625, -242.31253814697266], "parent": {"type": "NODE", "value": "Frame.005"}}, "properties": {"split": 90}, "inputs": {"Data": {"bl_idname": "SvStringsSocket", "name": "Data"}, "Split": {"bl_idname": "SvStringsSocket", "name": "Split", "properties": {"prop_name": "split"}}}, "outputs": {"Split": {"bl_idname": "SvVerticesSocket", "name": "Split"}}, "bl_idname": "SvListSplitNode"}, "Mesh viewer": {"attributes": {"location": [2153.6065063476562, 610.067024230957], "color": [0.6284880042076111, 0.931007981300354, 1.0], "use_custom_color": true, "parent": {"type": "NODE", "value": "Frame.007"}}, "properties": {"base_data_name": "Iota", "is_smooth_mesh": true}, "inputs": {"vertices": {"bl_idname": "SvVerticesSocket", "name": "vertices"}, "edges": {"bl_idname": "SvStringsSocket", "name": "edges", "properties": {"custom_draw": "draw_edges_props"}}, "faces": {"bl_idname": "SvStringsSocket", "name": "faces"}, "material_idx": {"bl_idname": "SvStringsSocket", "name": "material_idx"}, "matrix": {"bl_idname": "SvMatrixSocket", "name": "matrix", "properties": {"custom_draw": "draw_matrix_props"}}}, "outputs": {"Objects": {"bl_idname": "SvObjectSocket", "name": "Objects"}}, "bl_idname": "SvMeshViewer"}, "Mesh viewer.001": {"attributes": {"location": [2143.5989379882812, 200.34100341796875], "color": [0.6284880042076111, 0.931007981300354, 1.0], "use_custom_color": true, "parent": {"type": "NODE", "value": "Frame.006"}}, "properties": {"base_data_name": "Gamma", "is_smooth_mesh": true}, "inputs": {"vertices": {"bl_idname": "SvVerticesSocket", "name": "vertices"}, "edges": {"bl_idname": "SvStringsSocket", "name": "edges", "properties": {"custom_draw": "draw_edges_props"}}, "faces": {"bl_idname": "SvStringsSocket", "name": "faces"}, "material_idx": {"bl_idname": "SvStringsSocket", "name": "material_idx"}, "matrix": {"bl_idname": "SvMatrixSocket", "name": "matrix", "properties": {"custom_draw": "draw_matrix_props"}}}, "outputs": {"Objects": {"bl_idname": "SvObjectSocket", "name": "Objects"}}, "bl_idname": "SvMeshViewer"}, "Move": {"attributes": {"location": [101.24251556396484, 150.75912475585938], "parent": {"type": "NODE", "value": "Frame"}}, "properties": {"movement_vectors": [0.0, 17.650001525878906, 0.0]}, "inputs": {"Vertices": {"bl_idname": "SvVerticesSocket", "name": "Vertices"}, "Movement Vectors": {"bl_idname": "SvVerticesSocket", "name": "Movement Vectors", "properties": {"prop_name": "movement_vectors", "expanded": true}}, "Strength": {"bl_idname": "SvStringsSocket", "name": "Strength", "properties": {"prop_name": "strength"}}}, "outputs": {"Vertices": {"bl_idname": "SvVerticesSocket", "name": "Vertices"}}, "bl_idname": "SvMoveNodeMk3"}, "Move.001": {"attributes": {"location": [302.81622314453125, 502.4740905761719], "parent": {"type": "NODE", "value": "Frame.001"}}, "properties": {"movement_vectors": [0.0, 22.59000015258789, 0.0]}, "inputs": {"Vertices": {"bl_idname": "SvVerticesSocket", "name": "Vertices"}, "Movement Vectors": {"bl_idname": "SvVerticesSocket", "name": "Movement Vectors", "properties": {"prop_name": "movement_vectors", "expanded": true}}, "Strength": {"bl_idname": "SvStringsSocket", "name": "Strength", "properties": {"prop_name": "strength"}}}, "outputs": {"Vertices": {"bl_idname": "SvVerticesSocket", "name": "Vertices"}}, "bl_idname": "SvMoveNodeMk3"}, "Note": {"attributes": {"location": [-701.9806518554688, 710.6818237304688], "width": 400.0, "color": [1.0, 0.8993440270423889, 0.9742509722709656], "use_custom_color": true}, "properties": {"n_id": "-7141761915607416160", "text": "nikitron 2020 | field biological imitation"}, "inputs": {"Text In": {"bl_idname": "SvStringsSocket", "name": "Text In"}}, "outputs": {"Text Out": {"bl_idname": "SvStringsSocket", "name": "Text Out"}}, "bl_idname": "NoteNode"}, "Number Range": {"attributes": {"location": [2420.7529296875, -230.38064575195312], "parent": {"type": "NODE", "value": "Frame.005"}}, "properties": {"count_": 40, "current_mode": "RANGE_COUNT", "range_mode": "RANGE_COUNT", "start_float": 0.699999988079071, "stop_float": 0.05000000074505806}, "inputs": {"Start": {"bl_idname": "SvStringsSocket", "name": "Start", "properties": {"prop_name": "start_float"}}, "Step": {"bl_idname": "SvStringsSocket", "name": "Step", "properties": {"prop_name": "stop_float", "label": "stop"}}, "Stop": {"bl_idname": "SvStringsSocket", "name": "Stop", "properties": {"prop_name": "count_", "label": "count"}}}, "outputs": {"Range": {"bl_idname": "SvStringsSocket", "name": "Range"}}, "bl_idname": "SvGenNumberRange"}, "Polyline Viewer": {"attributes": {"location": [2608.053955078125, -217.84136962890625], "color": [0.6284880042076111, 0.931007981300354, 1.0], "use_custom_color": true, "parent": {"type": "NODE", "value": "Frame.005"}}, "properties": {"base_data_name": "Beta", "is_merge": true, "preview_resolution_u": 5}, "inputs": {"vertices": {"bl_idname": "SvVerticesSocket", "name": "vertices", "properties": {"custom_draw": "draw_vertices_props"}}, "matrix": {"bl_idname": "SvMatrixSocket", "name": "matrix", "properties": {"custom_draw": "draw_matrix_props"}}, "radius": {"bl_idname": "SvStringsSocket", "name": "radius", "properties": {"use_prop": true, "default_float_property": 0.20000000298023224}}, "tilt": {"bl_idname": "SvStringsSocket", "name": "tilt", "properties": {"use_prop": true}}, "bevel object": {"bl_idname": "SvObjectSocket", "name": "bevel object", "properties": {"custom_draw": "draw_object_props", "object_kinds": "CURVE"}}, "Cyclic": {"bl_idname": "SvStringsSocket", "name": "Cyclic", "properties": {"prop_name": "close"}}}, "outputs": {"Objects": {"bl_idname": "SvObjectSocket", "name": "Objects"}}, "bl_idname": "SvPolylineViewerNode"}, "RBF Vector Field": {"attributes": {"location": [464.51708221435547, 161.8841552734375], "parent": {"type": "NODE", "value": "Frame"}}, "properties": {"function": "inverse"}, "inputs": {"VerticesFrom": {"bl_idname": "SvVerticesSocket", "name": "VerticesFrom"}, "VerticesTo": {"bl_idname": "SvVerticesSocket", "name": "VerticesTo"}, "Epsilon": {"bl_idname": "SvStringsSocket", "name": "Epsilon", "properties": {"prop_name": "epsilon"}}, "Smooth": {"bl_idname": "SvStringsSocket", "name": "Smooth", "properties": {"prop_name": "smooth"}}}, "outputs": {"Field": {"bl_idname": "SvVectorFieldSocket", "name": "Field"}}, "bl_idname": "SvExMinimalVectorFieldNode"}, "Random Vector": {"attributes": {"location": [-342.10577392578125, 496.3707580566406], "color": [0.9200000166893005, 0.9200000166893005, 0.9200000166893005], "use_custom_color": true, "parent": {"type": "NODE", "value": "Frame.001"}}, "properties": {"count_inner": 945, "scale": 33.20000076293945, "seed": 7}, "inputs": {"Count": {"bl_idname": "SvStringsSocket", "name": "Count", "properties": {"prop_name": "count_inner"}}, "Seed": {"bl_idname": "SvStringsSocket", "name": "Seed", "properties": {"prop_name": "seed"}}, "Scale": {"bl_idname": "SvStringsSocket", "name": "Scale", "properties": {"prop_name": "scale"}}}, "outputs": {"Random": {"bl_idname": "SvVerticesSocket", "name": "Random"}}, "bl_idname": "RandomVectorNodeMK3"}, "Randomize": {"attributes": {"location": [290.1323776245117, 154.51980590820312], "parent": {"type": "NODE", "value": "Frame"}}, "properties": {"random_seed_": 14, "random_x_": 18.540000915527344, "random_y_": 5.96999979019165}, "inputs": {"Vertices": {"bl_idname": "SvVerticesSocket", "name": "Vertices"}, "RandomX": {"bl_idname": "SvStringsSocket", "name": "RandomX", "properties": {"prop_name": "random_x_"}}, "RandomY": {"bl_idname": "SvStringsSocket", "name": "RandomY", "properties": {"prop_name": "random_y_"}}, "RandomZ": {"bl_idname": "SvStringsSocket", "name": "RandomZ", "properties": {"prop_name": "random_z_"}}, "Seed": {"bl_idname": "SvStringsSocket", "name": "Seed", "properties": {"prop_name": "random_seed_"}}}, "outputs": {"Vertices": {"bl_idname": "SvVerticesSocket", "name": "Vertices"}}, "bl_idname": "SvRandomizeVerticesNode"}, "Scalar Math": {"attributes": {"location": [-621.6906890869141, 80.79295635223389], "parent": {"type": "NODE", "value": "Frame.002"}}, "properties": {"current_op": "DIV", "x_": 45.0}, "inputs": {"x": {"bl_idname": "SvStringsSocket", "name": "x", "properties": {"prop_name": "x_"}}, "y": {"bl_idname": "SvStringsSocket", "name": "y", "properties": {"prop_name": "y_"}}}, "outputs": {"Out": {"bl_idname": "SvStringsSocket", "name": "Out"}}, "bl_idname": "SvScalarMathNodeMK4"}, "Scalar Math.001": {"attributes": {"location": [6.950927734375, 497.3860778808594], "parent": {"type": "NODE", "value": "Frame.001"}}, "properties": {"current_op": "DIV", "y_": 100.0}, "inputs": {"x": {"bl_idname": "SvStringsSocket", "name": "x", "properties": {"prop_name": "x_"}}, "y": {"bl_idname": "SvStringsSocket", "name": "y", "properties": {"prop_name": "y_"}}}, "outputs": {"Out": {"bl_idname": "SvStringsSocket", "name": "Out"}}, "bl_idname": "SvScalarMathNodeMK4"}, "Vector Field Lines": {"attributes": {"location": [911.5011596679688, 314.3656005859375], "parent": {"type": "NODE", "value": "Frame.003"}}, "properties": {"iterations": 90, "step": 0.5}, "inputs": {"Field": {"bl_idname": "SvVectorFieldSocket", "name": "Field"}, "Vertices": {"bl_idname": "SvVerticesSocket", "name": "Vertices"}, "Step": {"bl_idname": "SvStringsSocket", "name": "Step", "properties": {"prop_name": "step"}}, "Iterations": {"bl_idname": "SvStringsSocket", "name": "Iterations", "properties": {"prop_name": "iterations"}}}, "outputs": {"Vertices": {"bl_idname": "SvVerticesSocket", "name": "Vertices"}, "Edges": {"bl_idname": "SvStringsSocket", "name": "Edges"}}, "bl_idname": "SvExVectorFieldLinesNode"}, "Vector Field Math": {"attributes": {"location": [742.54296875, 317.303955078125], "parent": {"type": "NODE", "value": "Frame.003"}}, "properties": {"operation": "COMPOSE"}, "inputs": {"VFieldA": {"bl_idname": "SvVectorFieldSocket", "name": "VA"}, "VFieldB": {"bl_idname": "SvVectorFieldSocket", "name": "VB"}, "SFieldB": {"bl_idname": "SvScalarFieldSocket", "name": "SFieldB", "attributes": {"hide": true}}}, "outputs": {"VFieldC": {"bl_idname": "SvVectorFieldSocket", "name": "VC"}, "SFieldC": {"bl_idname": "SvScalarFieldSocket", "name": "SFieldC", "attributes": {"hide": true}}, "VFieldD": {"bl_idname": "SvVectorFieldSocket", "name": "VFieldD", "attributes": {"hide": true}}}, "bl_idname": "SvExVectorFieldMathNode"}, "Vector in": {"attributes": {"location": [174.98056030273438, 501.77520751953125], "width": 100.0, "parent": {"type": "NODE", "value": "Frame.001"}}, "inputs": {"X": {"bl_idname": "SvStringsSocket", "name": "X", "properties": {"prop_name": "x_"}}, "Y": {"bl_idname": "SvStringsSocket", "name": "Y", "properties": {"prop_name": "y_"}}, "Z": {"bl_idname": "SvStringsSocket", "name": "Z", "properties": {"prop_name": "z_"}}}, "outputs": {"Vectors": {"bl_idname": "SvVerticesSocket", "name": "Vectors"}}, "bl_idname": "GenVectorsNode"}, "Vector out": {"attributes": {"location": [-159.32113647460938, 496.69134521484375], "parent": {"type": "NODE", "value": "Frame.001"}}, "inputs": {"Vectors": {"bl_idname": "SvVerticesSocket", "name": "Vectors"}}, "outputs": {"X": {"bl_idname": "SvStringsSocket", "name": "X"}, "Y": {"bl_idname": "SvStringsSocket", "name": "Y"}, "Z": {"bl_idname": "SvStringsSocket", "name": "Z"}}, "bl_idname": "VectorsOutNode"}, "Logic functions.001": {"attributes": {"location": [1557.5242309570312, 312.45477294921875], "parent": {"type": "NODE", "value": "Frame.004"}}, "properties": {"function_name": "LESS"}, "inputs": {"A": {"bl_idname": "SvStringsSocket", "name": "A", "properties": {"use_prop": true, "show_property_type": true, "default_int_property": 1, "default_float_property": 1.0}}, "B": {"bl_idname": "SvStringsSocket", "name": "B", "properties": {"use_prop": true, "show_property_type": true, "default_int_property": 1, "default_float_property": 0.699999988079071}}}, "outputs": {"Result": {"bl_idname": "SvStringsSocket", "name": "Result"}}, "bl_idname": "SvLogicNodeMK2"}}, "links": [{"from_node": "Vector Field Lines", "from_socket": "Vertices", "to_node": "Area", "to_socket": "Vertices"}, {"from_node": "Delaunay 2D", "from_socket": "Polygons", "to_node": "Area", "to_socket": "Polygons"}, {"from_node": "Move.001", "from_socket": "Vertices", "to_node": "Attractor Field", "to_socket": "Center"}, {"from_node": "Vector Field Lines", "from_socket": "Vertices", "to_node": "Delaunay 2D", "to_socket": "Vertices"}, {"from_node": "Mesh viewer", "from_socket": "Objects", "to_node": "Exec Node Mod.002", "to_socket": "V1"}, {"from_node": "Mesh viewer.001", "from_socket": "Objects", "to_node": "Exec Node Mod.003", "to_socket": "V1"}, {"from_node": "Vector Field Lines", "from_socket": "Vertices", "to_node": "Inset Special.001", "to_socket": "Vertices"}, {"from_node": "List Mask (out)", "from_socket": "dataFalse", "to_node": "Inset Special.001", "to_socket": "Polygons"}, {"from_node": "Delaunay 2D", "from_socket": "Polygons", "to_node": "List Mask (out)", "to_socket": "data"}, {"from_node": "Logic functions.001", "from_socket": "Result", "to_node": "List Mask (out)", "to_socket": "mask"}, {"from_node": "Vector Field Lines", "from_socket": "Vertices", "to_node": "List Split", "to_socket": "Data"}, {"from_node": "A Number", "from_socket": "Int", "to_node": "List Split", "to_socket": "Split"}, {"from_node": "Vector Field Lines", "from_socket": "Vertices", "to_node": "Mesh viewer", "to_socket": "vertices"}, {"from_node": "List Mask (out)", "from_socket": "dataTrue", "to_node": "Mesh viewer", "to_socket": "faces"}, {"from_node": "Inset Special.001", "from_socket": "Vertices", "to_node": "Mesh viewer.001", "to_socket": "vertices"}, {"from_node": "Inset Special.001", "from_socket": "Polygons", "to_node": "Mesh viewer.001", "to_socket": "faces"}, {"from_node": "Line", "from_socket": "Verts", "to_node": "Move", "to_socket": "Vertices"}, {"from_node": "Vector in", "from_socket": "Vectors", "to_node": "Move.001", "to_socket": "Vertices"}, {"from_node": "List Split", "from_socket": "Split", "to_node": "Polyline Viewer", "to_socket": "vertices"}, {"from_node": "Number Range", "from_socket": "Range", "to_node": "Polyline Viewer", "to_socket": "radius"}, {"from_node": "Line", "from_socket": "Verts", "to_node": "RBF Vector Field", "to_socket": "VerticesFrom"}, {"from_node": "Randomize", "from_socket": "Vertices", "to_node": "RBF Vector Field", "to_socket": "VerticesTo"}, {"from_node": "Move", "from_socket": "Vertices", "to_node": "Randomize", "to_socket": "Vertices"}, {"from_node": "A Number.001", "from_socket": "Float", "to_node": "Scalar Math", "to_socket": "x"}, {"from_node": "A Number", "from_socket": "Int", "to_node": "Scalar Math", "to_socket": "y"}, {"from_node": "Vector out", "from_socket": "Z", "to_node": "Scalar Math.001", "to_socket": "x"}, {"from_node": "Vector Field Math", "from_socket": "VFieldC", "to_node": "Vector Field Lines", "to_socket": "Field"}, {"from_node": "Line", "from_socket": "Verts", "to_node": "Vector Field Lines", "to_socket": "Vertices"}, {"from_node": "Scalar Math", "from_socket": "Out", "to_node": "Vector Field Lines", "to_socket": "Step"}, {"from_node": "A Number", "from_socket": "Int", "to_node": "Vector Field Lines", "to_socket": "Iterations"}, {"from_node": "Attractor Field", "from_socket": "VField", "to_node": "Vector Field Math", "to_socket": "VFieldA"}, {"from_node": "RBF Vector Field", "from_socket": "Field", "to_node": "Vector Field Math", "to_socket": "VFieldB"}, {"from_node": "Vector out", "from_socket": "X", "to_node": "Vector in", "to_socket": "X"}, {"from_node": "Vector out", "from_socket": "Y", "to_node": "Vector in", "to_socket": "Y"}, {"from_node": "Scalar Math.001", "from_socket": "Out", "to_node": "Vector in", "to_socket": "Z"}, {"from_node": "Random Vector", "from_socket": "Random", "to_node": "Vector out", "to_socket": "Vectors"}, {"from_node": "Area", "from_socket": "Area", "to_node": "Logic functions.001", "to_socket": "A"}]}}