{
  "export_version": "1.0",
  "main_tree": {
    "nodes": {
      "Frame": {
        "attributes": {
          "location": [
            -2230.035400390625,
            497.5374755859375
          ],
          "height": 716.8154296875,
          "width": 3966.765380859375,
          "label": "Sverchok_viewer",
          "color": [
            0.6161344647407532,
            0.3135945796966553,
            0.4822174906730652
          ],
          "use_custom_color": true
        },
        "bl_idname": "NodeFrame"
      },
      "Frame.001": {
        "attributes": {
          "location": [
            254.78759765625,
            323.3024597167969
          ],
          "height": 476.3712158203125,
          "width": 274.7891845703125,
          "label": "\u0432\u0432\u043e\u0434",
          "color": [
            0.3741852939128876,
            0.6080000996589661,
            0.37504634261131287
          ],
          "use_custom_color": true,
          "parent": {
            "type": "NODE",
            "value": "Frame"
          }
        },
        "bl_idname": "NodeFrame"
      },
      "Frame.002": {
        "attributes": {
          "location": [
            528.564697265625,
            -97.795166015625
          ],
          "height": 444.4069519042969,
          "width": 434.736572265625,
          "label": "\u0441\u043e\u0437\u0434\u0430\u043d\u0438\u0435 \u0441\u043b\u0443\u0447\u0430\u0439\u043d\u044b\u0445 \u0442\u043e\u0447\u0435\u043a \u043d\u0430 \u043f\u043e\u043b\u0438\u0433",
          "color": [
            0.6080000996589661,
            0.5022671818733215,
            0.28525370359420776
          ],
          "use_custom_color": true,
          "parent": {
            "type": "NODE",
            "value": "Frame"
          }
        },
        "bl_idname": "NodeFrame"
      },
      "Frame.003": {
        "attributes": {
          "location": [
            839.638427734375,
            210.746337890625
          ],
          "height": 427.2369689941406,
          "width": 598.279296875,
          "label": "\u0441\u043e\u0440\u0442\u0438\u0440\u043e\u0432\u043a\u0430 \u043f\u043e \u0433\u0440\u0430\u0434\u0443\u0441\u0443 \u0438 \u0432\u044b\u0441\u043e\u0442\u0435",
          "color": [
            0.6080000996589661,
            0.4377041757106781,
            0.2951887249946594
          ],
          "use_custom_color": true,
          "parent": {
            "type": "NODE",
            "value": "Frame"
          }
        },
        "bl_idname": "NodeFrame"
      },
      "Frame.004": {
        "attributes": {
          "location": [
            -427.8707275390625,
            77.13943481445312
          ],
          "height": 654.0831298828125,
          "width": 582.9820556640625,
          "label": "\u0432\u044b\u0440\u0430\u0432\u043d\u044f\u0442\u044c \u0441\u043f\u0438\u0441\u043a\u0438 \u043f\u043e \u043d\u0430\u0438\u0431\u043e\u043b\u044c\u0448\u0435\u043c\u0443",
          "color": [
            0.6080001592636108,
            0.49698448181152344,
            0.48075783252716064
          ],
          "use_custom_color": true,
          "parent": {
            "type": "NODE",
            "value": "Frame"
          }
        },
        "bl_idname": "NodeFrame"
      },
      "Frame.005": {
        "attributes": {
          "location": [
            715.35791015625,
            82.270263671875
          ],
          "height": 343.6339416503906,
          "width": 765.55322265625,
          "label": "\u0412\u042b\u0412\u041e\u0414",
          "color": [
            0.6080000996589661,
            0.3966374695301056,
            0.4414104223251343
          ],
          "use_custom_color": true,
          "parent": {
            "type": "NODE",
            "value": "Frame"
          }
        },
        "bl_idname": "NodeFrame"
      },
      "Frame.006": {
        "attributes": {
          "location": [
            190.96142578125,
            242.0341339111328
          ],
          "height": 292.843017578125,
          "width": 593.970458984375,
          "label": "\u0432\u0440\u0430\u0449\u044f\u0435\u043c \u0434\u043b\u044f \u043e\u043f\u0440\u0435\u0434\u0435\u043b\u0435\u043d\u0438\u044f \u043d\u0430\u043f\u0440\u0430\u0432\u043b\u0435\u043d",
          "color": [
            0.5075298547744751,
            0.6080000996589661,
            0.4174765944480896
          ],
          "use_custom_color": true,
          "parent": {
            "type": "NODE",
            "value": "Frame"
          }
        },
        "bl_idname": "NodeFrame"
      },
      "Frame.007": {
        "attributes": {
          "location": [
            384.49658203125,
            269.3879699707031
          ],
          "height": 164.3023681640625,
          "width": 200.000244140625,
          "label": "\u0432\u0440\u0430\u0449\u0430\u0435\u043c \u043e\u0431\u0440\u0430\u0442\u043d\u043e",
          "color": [
            0.6080000996589661,
            0.4784124195575714,
            0.5489460229873657
          ],
          "use_custom_color": true,
          "parent": {
            "type": "NODE",
            "value": "Frame"
          }
        },
        "bl_idname": "NodeFrame"
      },
      "Frame.009": {
        "attributes": {
          "location": [
            288.798828125,
            197.08859252929688
          ],
          "height": 234.91159057617188,
          "width": 160.0,
          "label": "\u0438\u0437\u0432\u043b\u0435\u0447\u0435\u043d\u0438\u0435 \u0433\u0440\u0430\u0434\u0443\u0441\u0430 \u043f\u043e\u043b\u043e\u0436\u0435\u043d\u0438\u044f",
          "parent": {
            "type": "NODE",
            "value": "Frame.003"
          }
        },
        "bl_idname": "NodeFrame"
      },
      "Frame.010": {
        "attributes": {
          "location": [
            -84.44921875,
            250.223388671875
          ],
          "height": 384.4069519042969,
          "width": 200.0,
          "label": "\u041f\u041e\u041d\u0418\u041c\u0410\u0415\u0422 \u0422\u0420\u0415\u0423\u0413\u041e\u041b\u042c\u041d\u0418\u041a\u0418",
          "parent": {
            "type": "NODE",
            "value": "Frame.002"
          }
        },
        "bl_idname": "NodeFrame"
      },
      "A Number": {
        "attributes": {
          "location": [
            -1183.9365234375,
            -32.343231201171875
          ],
          "width": 214.7891845703125,
          "label": "\u0422\u041e\u0427\u041d\u041e\u0421\u0422\u042c",
          "parent": {
            "type": "NODE",
            "value": "Frame.001"
          }
        },
        "properties": {
          "int_": 5,
          "selected_mode": "int"
        },
        "inputs": {
          "Int": {
            "bl_idname": "SvStringsSocket",
            "name": "Int",
            "properties": {
              "prop_name": "int_"
            }
          }
        },
        "outputs": {
          "Int": {
            "bl_idname": "SvStringsSocket",
            "name": "Int",
            "properties": {
              "custom_draw": "mode_custom_draw"
            }
          }
        },
        "bl_idname": "SvNumberNode"
      },
      "A Number.001": {
        "attributes": {
          "location": [
            -1183.9365234375,
            -109.59457397460938
          ],
          "width": 214.7891845703125,
          "label": "\u0427\u0418\u0421\u041b\u041e \u0422\u041e\u0427\u0415\u041a",
          "parent": {
            "type": "NODE",
            "value": "Frame.001"
          }
        },
        "properties": {
          "int_": 1024,
          "int_max": 5000,
          "int_min": 1,
          "selected_mode": "int"
        },
        "inputs": {
          "Int": {
            "bl_idname": "SvStringsSocket",
            "name": "Int",
            "properties": {
              "prop_name": "int_"
            }
          }
        },
        "outputs": {
          "Int": {
            "bl_idname": "SvStringsSocket",
            "name": "Int",
            "properties": {
              "custom_draw": "mode_custom_draw"
            }
          }
        },
        "bl_idname": "SvNumberNode"
      },
      "Delete Loose": {
        "attributes": {
          "location": [
            2151.395751953125,
            303.8606872558594
          ],
          "parent": {
            "type": "NODE",
            "value": "Frame.005"
          }
        },
        "inputs": {
          "Vertices": {
            "bl_idname": "SvVerticesSocket",
            "name": "Vertices"
          },
          "PolyEdge": {
            "bl_idname": "SvStringsSocket",
            "name": "PolyEdge"
          }
        },
        "outputs": {
          "Vertices": {
            "bl_idname": "SvVerticesSocket",
            "name": "Vertices"
          },
          "PolyEdge": {
            "bl_idname": "SvStringsSocket",
            "name": "PolyEdge",
            "properties": {
              "label": "Edges"
            }
          },
          "VertsMask": {
            "bl_idname": "SvStringsSocket",
            "name": "VertsMask"
          }
        },
        "bl_idname": "SvDeleteLooseNode"
      },
      "Exec Node Mod": {
        "attributes": {
          "location": [
            637.322021484375,
            275.2369689941406
          ],
          "width": 289.0,
          "parent": {
            "type": "NODE",
            "value": "Frame.003"
          }
        },
        "properties": {
          "dynamic_strings": [
            {
              "line": "k={}"
            },
            {
              "line": "for i1, i2 in zip(V1[0], V2[0]):"
            },
            {
              "line": "    if not round(i2*V3[0][0]) in k:"
            },
            {
              "line": "        k[round(i2*V3[0][0])] = []"
            },
            {
              "line": "    k[round(i2*V3[0][0])].append(i1)"
            },
            {
              "line": "# print(k)"
            },
            {
              "line": "for j in k.values():"
            },
            {
              "line": "    j.sort(key=lambda x:x[2])"
            },
            {
              "line": "    out.append(j)"
            }
          ]
        },
        "inputs": {
          "V1": {
            "bl_idname": "SvStringsSocket",
            "name": "V1"
          },
          "V2": {
            "bl_idname": "SvStringsSocket",
            "name": "V2"
          },
          "V3": {
            "bl_idname": "SvStringsSocket",
            "name": "V3"
          }
        },
        "outputs": {
          "out": {
            "bl_idname": "SvStringsSocket",
            "name": "out"
          }
        },
        "bl_idname": "SvExecNodeMod"
      },
      "Exec Node Mod.001": {
        "attributes": {
          "location": [
            1112.902099609375,
            77.5428466796875
          ],
          "width": 516.3656005859375,
          "parent": {
            "type": "NODE",
            "value": "Frame.004"
          }
        },
        "properties": {
          "dynamic_strings": [
            {
              "line": "from sverchok.data_structure import match_long_repeat as mlr"
            },
            {
              "line": "out_ = mlr(V1)"
            },
            {
              "line": "extend(out_)"
            },
            {},
            {},
            {}
          ]
        },
        "inputs": {
          "V1": {
            "bl_idname": "SvStringsSocket",
            "name": "V1"
          },
          "V2": {
            "bl_idname": "SvStringsSocket",
            "name": "V2"
          },
          "V3": {
            "bl_idname": "SvStringsSocket",
            "name": "V3"
          }
        },
        "outputs": {
          "out": {
            "bl_idname": "SvStringsSocket",
            "name": "out"
          }
        },
        "bl_idname": "SvExecNodeMod"
      },
      "Matrix Apply (verts)": {
        "attributes": {
          "location": [
            -537.9342041015625,
            146.843017578125
          ],
          "width": 125.66911315917969,
          "parent": {
            "type": "NODE",
            "value": "Frame.006"
          }
        },
        "inputs": {
          "Vectors": {
            "bl_idname": "SvVerticesSocket",
            "name": "Vectors"
          },
          "Matrixes": {
            "bl_idname": "SvMatrixSocket",
            "name": "Matrixes"
          }
        },
        "outputs": {
          "Vectors": {
            "bl_idname": "SvVerticesSocket",
            "name": "Vectors"
          }
        },
        "bl_idname": "MatrixApplyNode"
      },
      "Matrix Math.001": {
        "attributes": {
          "location": [
            1787.77001953125,
            -72.6976318359375
          ],
          "label": "Matrix Invert",
          "parent": {
            "type": "NODE",
            "value": "Frame.007"
          }
        },
        "properties": {
          "operation": "INVERT"
        },
        "inputs": {
          "A": {
            "bl_idname": "SvMatrixSocket",
            "name": "A"
          }
        },
        "outputs": {
          "C": {
            "bl_idname": "SvMatrixSocket",
            "name": "C"
          }
        },
        "bl_idname": "SvMatrixMathNode"
      },
      "Matrix normal": {
        "attributes": {
          "location": [
            -746.235595703125,
            65.619873046875
          ],
          "parent": {
            "type": "NODE",
            "value": "Frame.006"
          }
        },
        "properties": {
          "track": "Z",
          "up": "Y"
        },
        "inputs": {
          "Location": {
            "bl_idname": "SvVerticesSocket",
            "name": "Location",
            "properties": {
              "use_prop": true
            }
          },
          "Normal": {
            "bl_idname": "SvVerticesSocket",
            "name": "Normal",
            "properties": {
              "use_prop": true
            }
          }
        },
        "outputs": {
          "Matrix": {
            "bl_idname": "SvMatrixSocket",
            "name": "Matrix"
          }
        },
        "bl_idname": "SvMatrixNormalNode"
      },
      "Merge by Distance": {
        "attributes": {
          "location": [
            1957.275634765625,
            342.6339416503906
          ],
          "parent": {
            "type": "NODE",
            "value": "Frame.005"
          }
        },
        "inputs": {
          "Vertices": {
            "bl_idname": "SvVerticesSocket",
            "name": "Vertices",
            "properties": {
              "default_mode": "NONE",
              "is_mandatory": true
            }
          },
          "PolyEdge": {
            "bl_idname": "SvStringsSocket",
            "name": "PolyEdge",
            "properties": {
              "nesting_level": 3
            }
          },
          "FaceData": {
            "bl_idname": "SvStringsSocket",
            "name": "FaceData"
          },
          "Mask": {
            "bl_idname": "SvStringsSocket",
            "name": "Mask"
          },
          "Distance": {
            "bl_idname": "SvStringsSocket",
            "name": "Distance",
            "properties": {
              "prop_name": "distance",
              "nesting_level": 1,
              "pre_processing": "ONE_ITEM"
            }
          }
        },
        "outputs": {
          "Vertices": {
            "bl_idname": "SvVerticesSocket",
            "name": "Vertices"
          },
          "Edges": {
            "bl_idname": "SvStringsSocket",
            "name": "Edges"
          },
          "Polygons": {
            "bl_idname": "SvStringsSocket",
            "name": "Polygons"
          },
          "FaceData": {
            "bl_idname": "SvStringsSocket",
            "name": "FaceData"
          },
          "Doubles": {
            "bl_idname": "SvVerticesSocket",
            "name": "Doubles"
          },
          "Mask": {
            "bl_idname": "SvStringsSocket",
            "name": "Mask"
          }
        },
        "bl_idname": "SvMergeByDistanceNode"
      },
      "Mesh Join.001": {
        "attributes": {
          "location": [
            2332.531982421875,
            327.8066101074219
          ],
          "parent": {
            "type": "NODE",
            "value": "Frame.005"
          }
        },
        "inputs": {
          "Vertices": {
            "bl_idname": "SvVerticesSocket",
            "name": "Vertices",
            "properties": {
              "is_mandatory": true,
              "default_mode": "NONE"
            }
          },
          "Edges": {
            "bl_idname": "SvStringsSocket",
            "name": "Edges",
            "properties": {
              "nesting_level": 3
            }
          },
          "Polygons": {
            "bl_idname": "SvStringsSocket",
            "name": "Polygons",
            "properties": {
              "nesting_level": 3
            }
          }
        },
        "outputs": {
          "Vertices": {
            "bl_idname": "SvVerticesSocket",
            "name": "Vertices"
          },
          "Edges": {
            "bl_idname": "SvStringsSocket",
            "name": "Edges"
          },
          "Polygons": {
            "bl_idname": "SvStringsSocket",
            "name": "Polygons"
          }
        },
        "bl_idname": "SvMeshJoinNodeMk2"
      },
      "Note": {
        "attributes": {
          "location": [
            -769.02978515625,
            396.8154296875
          ],
          "width": 400.0,
          "color": [
            1.0,
            0.8993440270423889,
            0.9742509722709656
          ],
          "use_custom_color": true,
          "parent": {
            "type": "NODE",
            "value": "Frame"
          }
        },
        "properties": {
          "n_id": "-6954422562052253765",
          "show_text": false,
          "text": "\u041d\u0418\u041a\u0418\u0422\u0420\u041e\u041d 2018 - \u0421\u041e\u0417\u0414\u0410\u041d\u0418\u0415 \u0418 \u0421\u041e\u0415\u0414\u0418\u041d\u0415\u041d\u0418\u0415 \u0422\u041e\u0427\u0415\u041a \u041d\u0410 \u041f\u041e\u0412\u0415\u0420\u0425\u041d\u041e\u0421\u0422\u0418, \u041e\u0411\u041d\u041e\u0412\u041b\u0415\u041d\u0418\u0415 2020 "
        },
        "inputs": {
          "Text In": {
            "bl_idname": "SvStringsSocket",
            "name": "Text In"
          }
        },
        "outputs": {
          "Text Out": {
            "bl_idname": "SvStringsSocket",
            "name": "Text Out"
          }
        },
        "bl_idname": "NoteNode"
      },
      "Random points on mesh": {
        "attributes": {
          "location": [
            120.430419921875,
            90.1514892578125
          ],
          "parent": {
            "type": "NODE",
            "value": "Frame.002"
          }
        },
        "properties": {
          "points_number": 20
        },
        "inputs": {
          "Verts": {
            "bl_idname": "SvVerticesSocket",
            "name": "Verts"
          },
          "Faces": {
            "bl_idname": "SvStringsSocket",
            "name": "Faces"
          },
          "Face weight": {
            "bl_idname": "SvStringsSocket",
            "name": "Face weight"
          },
          "Number": {
            "bl_idname": "SvStringsSocket",
            "name": "Number",
            "properties": {
              "prop_name": "points_number"
            }
          },
          "Seed": {
            "bl_idname": "SvStringsSocket",
            "name": "Seed",
            "properties": {
              "prop_name": "seed"
            }
          }
        },
        "outputs": {
          "Verts": {
            "bl_idname": "SvVerticesSocket",
            "name": "Verts"
          },
          "Face index": {
            "bl_idname": "SvStringsSocket",
            "name": "Face index"
          }
        },
        "bl_idname": "SvRandomPointsOnMesh"
      },
      "Reroute.001": {
        "attributes": {
          "location": [
            379.38037109375,
            -218.08642578125
          ],
          "width": 16.0,
          "label": "\u0422\u041e\u0427\u041d\u041e\u0421\u0422\u042c",
          "parent": {
            "type": "NODE",
            "value": "Frame"
          }
        },
        "inputs": {
          "Input": {
            "bl_idname": "NodeSocketColor",
            "name": "Input"
          }
        },
        "outputs": {
          "Output": {
            "bl_idname": "NodeSocketColor",
            "name": "Output"
          }
        },
        "bl_idname": "NodeReroute"
      },
      "Reroute.002": {
        "attributes": {
          "location": [
            -853.885986328125,
            -165.798583984375
          ],
          "width": 16.0,
          "label": "\u041f\u041e\u041b\u0418\u0413\u041e\u041d\u042b",
          "parent": {
            "type": "NODE",
            "value": "Frame"
          }
        },
        "inputs": {
          "Input": {
            "bl_idname": "NodeSocketColor",
            "name": "Input"
          }
        },
        "outputs": {
          "Output": {
            "bl_idname": "NodeSocketColor",
            "name": "Output"
          }
        },
        "bl_idname": "NodeReroute"
      },
      "Reroute.003": {
        "attributes": {
          "location": [
            360.89599609375,
            -57.1551513671875
          ],
          "width": 16.0,
          "label": "\u0422\u041e\u0427\u041a\u0418 \u0425\u0410\u041e\u0421",
          "parent": {
            "type": "NODE",
            "value": "Frame"
          }
        },
        "inputs": {
          "Input": {
            "bl_idname": "NodeSocketColor",
            "name": "Input"
          }
        },
        "outputs": {
          "Output": {
            "bl_idname": "NodeSocketColor",
            "name": "Output"
          }
        },
        "bl_idname": "NodeReroute"
      },
      "Socket Converter": {
        "attributes": {
          "location": [
            1495.884033203125,
            364.0831298828125
          ],
          "color": [
            0.602957010269165,
            0.6740000247955322,
            0.5642769932746887
          ],
          "use_custom_color": true,
          "parent": {
            "type": "NODE",
            "value": "Frame.004"
          }
        },
        "inputs": {
          "data": {
            "bl_idname": "SvStringsSocket",
            "name": "data"
          }
        },
        "outputs": {
          "vertices": {
            "bl_idname": "SvVerticesSocket",
            "name": "vertices"
          },
          "data": {
            "bl_idname": "SvStringsSocket",
            "name": "data"
          },
          "matrix": {
            "bl_idname": "SvMatrixSocket",
            "name": "matrix"
          },
          "object": {
            "bl_idname": "SvObjectSocket",
            "name": "object"
          },
          "curve": {
            "bl_idname": "SvCurveSocket",
            "name": "curve"
          },
          "surface": {
            "bl_idname": "SvSurfaceSocket",
            "name": "surface"
          },
          "solid": {
            "bl_idname": "SvSolidSocket",
            "name": "solid"
          },
          "color": {
            "bl_idname": "SvColorSocket",
            "name": "color"
          },
          "dict": {
            "bl_idname": "SvDictionarySocket",
            "name": "dict"
          }
        },
        "bl_idname": "ConverterNode"
      },
      "Suzanne": {
        "attributes": {
          "location": [
            -1145.82958984375,
            78.15896606445312
          ],
          "color": [
            0.9200000166893005,
            0.9200000166893005,
            0.9200000166893005
          ],
          "use_custom_color": true,
          "parent": {
            "type": "NODE",
            "value": "Frame.001"
          }
        },
        "outputs": {
          "Vertices": {
            "bl_idname": "SvVerticesSocket",
            "name": "Vertices"
          },
          "Edges": {
            "bl_idname": "SvStringsSocket",
            "name": "Edges"
          },
          "Faces": {
            "bl_idname": "SvStringsSocket",
            "name": "Faces"
          }
        },
        "bl_idname": "SvSuzanneNode"
      },
      "Triangulate mesh": {
        "attributes": {
          "location": [
            -84.30615234375,
            153.40695190429688
          ],
          "parent": {
            "type": "NODE",
            "value": "Frame.010"
          }
        },
        "inputs": {
          "Vertices": {
            "bl_idname": "SvVerticesSocket",
            "name": "Vertices"
          },
          "Edges": {
            "bl_idname": "SvStringsSocket",
            "name": "Edges"
          },
          "Polygons": {
            "bl_idname": "SvStringsSocket",
            "name": "Polygons"
          },
          "FaceData": {
            "bl_idname": "SvStringsSocket",
            "name": "FaceData"
          },
          "Mask": {
            "bl_idname": "SvStringsSocket",
            "name": "Mask"
          }
        },
        "outputs": {
          "Vertices": {
            "bl_idname": "SvVerticesSocket",
            "name": "Vertices"
          },
          "Edges": {
            "bl_idname": "SvStringsSocket",
            "name": "Edges"
          },
          "Polygons": {
            "bl_idname": "SvStringsSocket",
            "name": "Polygons"
          },
          "FaceData": {
            "bl_idname": "SvStringsSocket",
            "name": "FaceData"
          },
          "NewEdges": {
            "bl_idname": "SvStringsSocket",
            "name": "NewEdges"
          },
          "NewPolys": {
            "bl_idname": "SvStringsSocket",
            "name": "NewPolys"
          }
        },
        "bl_idname": "SvTriangulateNode"
      },
      "UV Connection": {
        "attributes": {
          "location": [
            1776.873779296875,
            279.4111328125
          ],
          "parent": {
            "type": "NODE",
            "value": "Frame"
          }
        },
        "properties": {
          "polygons": "Edges",
          "slice_check": false
        },
        "inputs": {
          "vertices": {
            "bl_idname": "SvVerticesSocket",
            "name": "vertices"
          },
          "vertices 1": {
            "bl_idname": "SvVerticesSocket",
            "name": "vertices 1"
          }
        },
        "outputs": {
          "vertices": {
            "bl_idname": "SvVerticesSocket",
            "name": "vertices"
          },
          "data": {
            "bl_idname": "SvStringsSocket",
            "name": "data"
          }
        },
        "bl_idname": "LineConnectNodeMK2"
      },
      "Vector in": {
        "attributes": {
          "location": [
            -1125.4586181640625,
            232.37118530273438
          ],
          "width": 100.0,
          "parent": {
            "type": "NODE",
            "value": "Frame.001"
          }
        },
        "properties": {
          "y_": 0.41999998688697815,
          "z_": 0.9899999499320984
        },
        "inputs": {
          "X": {
            "bl_idname": "SvStringsSocket",
            "name": "X",
            "properties": {
              "prop_name": "x_"
            }
          },
          "Y": {
            "bl_idname": "SvStringsSocket",
            "name": "Y",
            "properties": {
              "prop_name": "y_"
            }
          },
          "Z": {
            "bl_idname": "SvStringsSocket",
            "name": "Z",
            "properties": {
              "prop_name": "z_"
            }
          }
        },
        "outputs": {
          "Vectors": {
            "bl_idname": "SvVerticesSocket",
            "name": "Vectors"
          }
        },
        "bl_idname": "GenVectorsNode"
      },
      "Vector polar output": {
        "attributes": {
          "location": [
            418.042724609375,
            175.91159057617188
          ],
          "width": 100.0,
          "parent": {
            "type": "NODE",
            "value": "Frame.009"
          }
        },
        "inputs": {
          "Vectors": {
            "bl_idname": "SvVerticesSocket",
            "name": "Vectors",
            "properties": {
              "default_mode": "NONE",
              "is_mandatory": true
            }
          }
        },
        "outputs": {
          "rho": {
            "bl_idname": "SvStringsSocket",
            "name": "rho"
          },
          "phi": {
            "bl_idname": "SvStringsSocket",
            "name": "phi"
          },
          "z": {
            "bl_idname": "SvStringsSocket",
            "name": "z"
          }
        },
        "bl_idname": "VectorPolarOutNode"
      },
      "Viewer Draw Mk3": {
        "attributes": {
          "location": [
            -352.26513671875,
            146.84304809570312
          ],
          "color": [
            0.6284880042076111,
            0.931007981300354,
            1.0
          ],
          "use_custom_color": true,
          "parent": {
            "type": "NODE",
            "value": "Frame.006"
          }
        },
        "properties": {
          "activate": false
        },
        "inputs": {
          "Vertices": {
            "bl_idname": "SvVerticesSocket",
            "name": "Vertices",
            "properties": {
              "custom_draw": "draw_property_socket"
            }
          },
          "Edges": {
            "bl_idname": "SvStringsSocket",
            "name": "Edges",
            "properties": {
              "custom_draw": "draw_property_socket"
            }
          },
          "Polygons": {
            "bl_idname": "SvStringsSocket",
            "name": "Polygons"
          },
          "Matrix": {
            "bl_idname": "SvMatrixSocket",
            "name": "Matrix"
          },
          "Vector Color": {
            "bl_idname": "SvColorSocket",
            "name": "Vector Color",
            "properties": {
              "custom_draw": "draw_color_socket",
              "prop_name": "vector_color"
            }
          },
          "Edge Color": {
            "bl_idname": "SvColorSocket",
            "name": "Edge Color",
            "properties": {
              "custom_draw": "draw_color_socket",
              "prop_name": "edge_color"
            }
          },
          "Polygon Color": {
            "bl_idname": "SvColorSocket",
            "name": "Polygon Color",
            "properties": {
              "custom_draw": "draw_color_socket",
              "prop_name": "polygon_color"
            }
          },
          "attrs": {
            "bl_idname": "SvStringsSocket",
            "name": "attrs",
            "attributes": {
              "hide": true
            },
            "properties": {
              "quick_link_to_node": "SvVDAttrsNodeMk2"
            }
          }
        },
        "bl_idname": "SvViewerDrawMk4"
      },
      "Viewer Draw Mk3.001": {
        "attributes": {
          "location": [
            2522.828857421875,
            304.6231994628906
          ],
          "color": [
            0.6284880042076111,
            0.931007981300354,
            1.0
          ],
          "use_custom_color": true,
          "parent": {
            "type": "NODE",
            "value": "Frame.005"
          }
        },
        "properties": {
          "display_verts": false
        },
        "inputs": {
          "Vertices": {
            "bl_idname": "SvVerticesSocket",
            "name": "Vertices",
            "properties": {
              "custom_draw": "draw_property_socket"
            }
          },
          "Edges": {
            "bl_idname": "SvStringsSocket",
            "name": "Edges",
            "properties": {
              "custom_draw": "draw_property_socket"
            }
          },
          "Polygons": {
            "bl_idname": "SvStringsSocket",
            "name": "Polygons"
          },
          "Matrix": {
            "bl_idname": "SvMatrixSocket",
            "name": "Matrix"
          },
          "Vector Color": {
            "bl_idname": "SvColorSocket",
            "name": "Vector Color",
            "properties": {
              "custom_draw": "draw_color_socket",
              "prop_name": "vector_color"
            }
          },
          "Edge Color": {
            "bl_idname": "SvColorSocket",
            "name": "Edge Color",
            "properties": {
              "custom_draw": "draw_color_socket",
              "prop_name": "edge_color"
            }
          },
          "Polygon Color": {
            "bl_idname": "SvColorSocket",
            "name": "Polygon Color",
            "properties": {
              "custom_draw": "draw_color_socket",
              "prop_name": "polygon_color"
            }
          },
          "attrs": {
            "bl_idname": "SvStringsSocket",
            "name": "attrs",
            "attributes": {
              "hide": true
            },
            "properties": {
              "quick_link_to_node": "SvVDAttrsNodeMk2"
            }
          }
        },
        "bl_idname": "SvViewerDrawMk4"
      }
    },
    "links": [
      {
        "from_node": "Merge by Distance",
        "from_socket": "Vertices",
        "to_node": "Delete Loose",
        "to_socket": "Vertices"
      },
      {
        "from_node": "Merge by Distance",
        "from_socket": "Edges",
        "to_node": "Delete Loose",
        "to_socket": "PolyEdge"
      },
      {
        "from_node": "Reroute.003",
        "from_socket": "Output",
        "to_node": "Exec Node Mod",
        "to_socket": "V1"
      },
      {
        "from_node": "Vector polar output",
        "from_socket": "phi",
        "to_node": "Exec Node Mod",
        "to_socket": "V2"
      },
      {
        "from_node": "Reroute.001",
        "from_socket": "Output",
        "to_node": "Exec Node Mod",
        "to_socket": "V3"
      },
      {
        "from_node": "Exec Node Mod",
        "from_socket": "out",
        "to_node": "Exec Node Mod.001",
        "to_socket": "V1"
      },
      {
        "from_node": "Suzanne",
        "from_socket": "Vertices",
        "to_node": "Matrix Apply (verts)",
        "to_socket": "Vectors"
      },
      {
        "from_node": "Matrix normal",
        "from_socket": "Matrix",
        "to_node": "Matrix Apply (verts)",
        "to_socket": "Matrixes"
      },
      {
        "from_node": "Matrix normal",
        "from_socket": "Matrix",
        "to_node": "Matrix Math.001",
        "to_socket": "A"
      },
      {
        "from_node": "Vector in",
        "from_socket": "Vectors",
        "to_node": "Matrix normal",
        "to_socket": "Normal"
      },
      {
        "from_node": "UV Connection",
        "from_socket": "vertices",
        "to_node": "Merge by Distance",
        "to_socket": "Vertices"
      },
      {
        "from_node": "UV Connection",
        "from_socket": "data",
        "to_node": "Merge by Distance",
        "to_socket": "PolyEdge"
      },
      {
        "from_node": "Delete Loose",
        "from_socket": "Vertices",
        "to_node": "Mesh Join.001",
        "to_socket": "Vertices"
      },
      {
        "from_node": "Delete Loose",
        "from_socket": "PolyEdge",
        "to_node": "Mesh Join.001",
        "to_socket": "Edges"
      },
      {
        "from_node": "Triangulate mesh",
        "from_socket": "Vertices",
        "to_node": "Random points on mesh",
        "to_socket": "Verts"
      },
      {
        "from_node": "Triangulate mesh",
        "from_socket": "Polygons",
        "to_node": "Random points on mesh",
        "to_socket": "Faces"
      },
      {
        "from_node": "A Number.001",
        "from_socket": "Int",
        "to_node": "Random points on mesh",
        "to_socket": "Number"
      },
      {
        "from_node": "A Number",
        "from_socket": "Int",
        "to_node": "Reroute.001",
        "to_socket": "Input"
      },
      {
        "from_node": "Suzanne",
        "from_socket": "Faces",
        "to_node": "Reroute.002",
        "to_socket": "Input"
      },
      {
        "from_node": "Random points on mesh",
        "from_socket": "Verts",
        "to_node": "Reroute.003",
        "to_socket": "Input"
      },
      {
        "from_node": "Exec Node Mod.001",
        "from_socket": "out",
        "to_node": "Socket Converter",
        "to_socket": "data"
      },
      {
        "from_node": "Matrix Apply (verts)",
        "from_socket": "Vectors",
        "to_node": "Triangulate mesh",
        "to_socket": "Vertices"
      },
      {
        "from_node": "Reroute.002",
        "from_socket": "Output",
        "to_node": "Triangulate mesh",
        "to_socket": "Polygons"
      },
      {
        "from_node": "Socket Converter",
        "from_socket": "vertices",
        "to_node": "UV Connection",
        "to_socket": "vertices"
      },
      {
        "from_node": "Reroute.003",
        "from_socket": "Output",
        "to_node": "Vector polar output",
        "to_socket": "Vectors"
      },
      {
        "from_node": "Matrix Apply (verts)",
        "from_socket": "Vectors",
        "to_node": "Viewer Draw Mk3",
        "to_socket": "Vertices"
      },
      {
        "from_node": "Reroute.002",
        "from_socket": "Output",
        "to_node": "Viewer Draw Mk3",
        "to_socket": "Polygons"
      },
      {
        "from_node": "Mesh Join.001",
        "from_socket": "Vertices",
        "to_node": "Viewer Draw Mk3.001",
        "to_socket": "Vertices"
      },
      {
        "from_node": "Mesh Join.001",
        "from_socket": "Edges",
        "to_node": "Viewer Draw Mk3.001",
        "to_socket": "Edges"
      },
      {
        "from_node": "Matrix Math.001",
        "from_socket": "C",
        "to_node": "Viewer Draw Mk3.001",
        "to_socket": "Matrix"
      }
    ]
  }
}