{"export_version": "1.0", "main_tree": {"nodes": {"Frame": {"attributes": {"location": [-547.0574340820312, 204.78759765625], "height": 443.0, "width": 1256.0, "label": "field", "color": [0.26972904801368713, 0.6079999804496765, 0.28917115926742554], "use_custom_color": true}, "bl_idname": "NodeFrame"}, "Frame.001": {"attributes": {"location": [-673.7312622070312, 325.0784912109375], "height": 451.0, "width": 560.0, "label": "initial surface", "color": [0.9312857985496521, 1.0, 0.005243335384875536], "use_custom_color": true}, "bl_idname": "NodeFrame"}, "Frame.002": {"attributes": {"location": [-319.84234619140625, -53.864864349365234], "height": 303.0, "width": 613.9224853515625, "label": "making top", "color": [0.980430006980896, 1.0, 0.17137445509433746], "use_custom_color": true}, "bl_idname": "NodeFrame"}, "Frame.003": {"attributes": {"location": [-273.0513610839844, -28.251087188720703], "height": 573.0, "width": 1331.0, "label": "making bottom", "color": [1.0, 0.3427368700504303, 0.1721658557653427], "use_custom_color": true}, "bl_idname": "NodeFrame"}, "Frame.004": {"attributes": {"location": [-345.42083740234375, 74.20722961425781], "height": 518.0, "width": 842.0, "label": "total mesh", "color": [1.0, 0.622276782989502, 0.21033097803592682], "use_custom_color": true}, "bl_idname": "NodeFrame"}, "Frame.005": {"attributes": {"location": [-701.805419921875, -138.9061279296875], "height": 421.0, "width": 1200.0, "label": "matrix for bisect", "color": [0.257983535528183, 0.5360068678855896, 1.0], "use_custom_color": true}, "bl_idname": "NodeFrame"}, "Frame.006": {"attributes": {"location": [-150.16033935546875, 55.08168411254883], "height": 1051.0, "width": 582.0, "label": "panno", "color": [1.0, 0.33185961842536926, 0.5301591753959656], "use_custom_color": true}, "bl_idname": "NodeFrame"}, "Frame.007": {"attributes": {"location": [-591.152587890625, -69.03903198242188], "height": 791.0, "width": 773.999755859375, "label": "2d", "color": [0.9943221807479858, 0.13382810354232788, 0.8102812767028809], "use_custom_color": true}, "bl_idname": "NodeFrame"}, "Frame.008": {"attributes": {"location": [-91.44577026367188, 68.74293518066406], "height": 898.0, "width": 1148.0, "label": "curve shape", "color": [0.0, 1.0, 0.8164726495742798], "use_custom_color": true}, "bl_idname": "NodeFrame"}, "A Number": {"attributes": {"location": [-1367.0498046875, 116.40043640136719], "label": "REL height", "parent": {"type": "NODE", "value": "Frame"}}, "properties": {"float_": 0.019999999552965164, "draw_3dpanel": true, "float_max": 0.15000000596046448, "float_min": 0.004999999888241291}, "inputs": {"Float": {"bl_idname": "SvStringsSocket", "name": "Float", "properties": {"prop_name": "float_"}}}, "outputs": {"Float": {"bl_idname": "SvStringsSocket", "name": "Float", "properties": {"custom_draw": "mode_custom_draw"}}}, "bl_idname": "SvNumberNode"}, "A Number.001": {"attributes": {"location": [645.2704162597656, -90.97227478027344], "label": "thick", "parent": {"type": "NODE", "value": "Frame.003"}}, "properties": {"float_": -0.15000000596046448, "draw_3dpanel": true, "float_max": 0.10000000149011612, "float_min": -0.30000001192092896}, "inputs": {"Float": {"bl_idname": "SvStringsSocket", "name": "Float", "properties": {"prop_name": "float_"}}}, "outputs": {"Float": {"bl_idname": "SvStringsSocket", "name": "Float", "properties": {"custom_draw": "mode_custom_draw"}}}, "bl_idname": "SvNumberNode"}, "A Number.002": {"attributes": {"location": [1442.26171875, -572.9952392578125], "label": "A rotate", "parent": {"type": "NODE", "value": "Frame.005"}}, "properties": {"float_": 8.0, "draw_3dpanel": true, "float_max": 15.0, "float_min": -15.0}, "inputs": {"Float": {"bl_idname": "SvStringsSocket", "name": "Float", "properties": {"prop_name": "float_"}}}, "outputs": {"Float": {"bl_idname": "SvStringsSocket", "name": "Float", "properties": {"custom_draw": "mode_custom_draw"}}}, "bl_idname": "SvNumberNode"}, "A Number.003": {"attributes": {"location": [1108.1134033203125, -310.6238708496094], "label": "N slices", "parent": {"type": "NODE", "value": "Frame.005"}}, "properties": {"int_": 100, "draw_3dpanel": true, "int_max": 100, "int_min": 3, "selected_mode": "int"}, "inputs": {"Int": {"bl_idname": "SvStringsSocket", "name": "Int", "properties": {"prop_name": "int_"}}}, "outputs": {"Int": {"bl_idname": "SvStringsSocket", "name": "Int", "properties": {"custom_draw": "mode_custom_draw"}}}, "bl_idname": "SvNumberNode"}, "A Number.004": {"attributes": {"location": [-2547.083221435547, -418.3865203857422], "label": "dencity", "parent": {"type": "NODE", "value": "Frame.008"}}, "properties": {"int_": 50, "draw_3dpanel": true, "int_max": 300, "int_min": 50, "selected_mode": "int"}, "inputs": {"Int": {"bl_idname": "SvStringsSocket", "name": "Int", "properties": {"prop_name": "int_"}}}, "outputs": {"Int": {"bl_idname": "SvStringsSocket", "name": "Int", "properties": {"custom_draw": "mode_custom_draw"}}}, "bl_idname": "SvNumberNode"}, "A Number.005": {"attributes": {"location": [-2217.2031860351562, 103.84981536865234], "label": "freq", "parent": {"type": "NODE", "value": "Frame"}}, "properties": {"float_": 50.0, "draw_3dpanel": true, "float_max": 100.0, "float_min": 20.0}, "inputs": {"Float": {"bl_idname": "SvStringsSocket", "name": "Float", "properties": {"prop_name": "float_"}}}, "outputs": {"Float": {"bl_idname": "SvStringsSocket", "name": "Float", "properties": {"custom_draw": "mode_custom_draw"}}}, "bl_idname": "SvNumberNode"}, "A Number.006": {"attributes": {"location": [1108.1134033203125, -399.0807800292969], "label": "min slices", "parent": {"type": "NODE", "value": "Frame.005"}}, "properties": {"float_": -0.800000011920929, "int_": 100, "draw_3dpanel": true, "float_max": 3.0, "float_min": -3.0, "int_max": 100, "int_min": 3}, "inputs": {"Float": {"bl_idname": "SvStringsSocket", "name": "Float", "properties": {"prop_name": "float_"}}}, "outputs": {"Float": {"bl_idname": "SvStringsSocket", "name": "Float", "properties": {"custom_draw": "mode_custom_draw"}}}, "bl_idname": "SvNumberNode"}, "A Number.007": {"attributes": {"location": [1108.1134033203125, -483.4424743652344], "label": "max slices", "parent": {"type": "NODE", "value": "Frame.005"}}, "properties": {"float_": 1.600000023841858, "int_": 100, "draw_3dpanel": true, "float_max": 3.0, "float_min": -3.0, "int_max": 100, "int_min": 3}, "inputs": {"Float": {"bl_idname": "SvStringsSocket", "name": "Float", "properties": {"prop_name": "float_"}}}, "outputs": {"Float": {"bl_idname": "SvStringsSocket", "name": "Float", "properties": {"custom_draw": "mode_custom_draw"}}}, "bl_idname": "SvNumberNode"}, "Attractor Field": {"attributes": {"location": [-1984.0442504882812, 392.6043701171875], "parent": {"type": "NODE", "value": "Frame"}}, "properties": {"amplitude": 70.0, "coefficient": 3.0, "falloff_type": "sharp", "merge_mode": "SEP"}, "inputs": {"Center": {"bl_idname": "SvVerticesSocket", "name": "Center", "properties": {"use_prop": true, "prop": [0.20999999344348907, 0.08999999612569809, 0.0], "expanded": true}}, "Direction": {"bl_idname": "SvVerticesSocket", "name": "Direction", "attributes": {"hide": true}, "properties": {"use_prop": true, "prop": [0.0, 0.0, 1.0]}}, "Radius": {"bl_idname": "SvStringsSocket", "name": "Radius", "attributes": {"hide": true}, "properties": {"prop_name": "radius"}}, "Edges": {"bl_idname": "SvStringsSocket", "name": "Edges", "attributes": {"hide": true}}, "Faces": {"bl_idname": "SvStringsSocket", "name": "Faces", "attributes": {"hide": true}}, "Amplitude": {"bl_idname": "SvStringsSocket", "name": "Amplitude", "properties": {"prop_name": "amplitude"}}, "Coefficient": {"bl_idname": "SvStringsSocket", "name": "Coefficient", "properties": {"prop_name": "coefficient"}}}, "outputs": {"VField": {"bl_idname": "SvVectorFieldSocket", "name": "VField"}, "SField": {"bl_idname": "SvScalarFieldSocket", "name": "SField"}}, "bl_idname": "SvAttractorFieldNodeMk2"}, "Bisect": {"attributes": {"location": [2387.5005493164062, 103.89547729492188], "parent": {"type": "NODE", "value": "Frame.006"}}, "properties": {"fill": true, "inner": true, "outer": true}, "inputs": {"vertices": {"bl_idname": "SvVerticesSocket", "name": "vertices", "properties": {"is_mandatory": true}}, "edg_pol": {"bl_idname": "SvStringsSocket", "name": "edg_pol", "properties": {"is_mandatory": true}}, "cut_matrix": {"bl_idname": "SvMatrixSocket", "name": "cut_matrix", "properties": {"nesting_level": 2, "default_mode": "MATRIX"}}}, "outputs": {"vertices": {"bl_idname": "SvVerticesSocket", "name": "vertices"}, "edges": {"bl_idname": "SvStringsSocket", "name": "edges"}, "polygons": {"bl_idname": "SvStringsSocket", "name": "polygons"}}, "bl_idname": "SvBisectNode"}, "Component Analyzer": {"attributes": {"location": [66.70248413085938, 60.96895217895508], "parent": {"type": "NODE", "value": "Frame.003"}}, "properties": {"edge_mode": "Is_Boundary", "mode": "Edges"}, "inputs": {"Vertices": {"bl_idname": "SvVerticesSocket", "name": "Vertices", "properties": {"is_mandatory": true}}, "Edges": {"bl_idname": "SvStringsSocket", "name": "Edges", "properties": {"nesting_level": 3, "is_mandatory": true}}, "Faces": {"bl_idname": "SvStringsSocket", "name": "Faces", "properties": {"nesting_level": 3, "is_mandatory": true}}}, "outputs": {"Mask_001": {"bl_idname": "SvStringsSocket", "name": "Mask"}, "True Edges": {"bl_idname": "SvStringsSocket", "name": "True Edges"}, "False Edges": {"bl_idname": "SvStringsSocket", "name": "False Edges"}}, "bl_idname": "SvComponentAnalyzerNode"}, "Delete Loose": {"attributes": {"location": [251.15023803710938, 56.74152755737305], "width": 154.8145751953125, "parent": {"type": "NODE", "value": "Frame.003"}}, "inputs": {"Vertices": {"bl_idname": "SvVerticesSocket", "name": "Vertices"}, "PolyEdge": {"bl_idname": "SvStringsSocket", "name": "PolyEdge"}}, "outputs": {"Vertices": {"bl_idname": "SvVerticesSocket", "name": "Vertices"}, "PolyEdge": {"bl_idname": "SvStringsSocket", "name": "PolyEdge", "properties": {"label": "Edges"}}, "VertsMask": {"bl_idname": "SvStringsSocket", "name": "VertsMask"}}, "bl_idname": "SvDeleteLooseNode"}, "Evaluate Curve": {"attributes": {"location": [-1977.3979187011719, -332.77305603027344], "parent": {"type": "NODE", "value": "Frame.008"}}, "properties": {"sample_size": 100}, "inputs": {"Curve": {"bl_idname": "SvCurveSocket", "name": "Curve"}, "T": {"bl_idname": "SvStringsSocket", "name": "T", "attributes": {"hide": true}, "properties": {"prop_name": "t_value"}}, "Samples": {"bl_idname": "SvStringsSocket", "name": "Samples", "properties": {"prop_name": "sample_size"}}}, "outputs": {"Vertices": {"bl_idname": "SvVerticesSocket", "name": "Vertices"}, "Edges": {"bl_idname": "SvStringsSocket", "name": "Edges"}, "Tangents": {"bl_idname": "SvVerticesSocket", "name": "Tangents"}}, "bl_idname": "SvExEvalCurveNode"}, "Evaluate Scalar Field": {"attributes": {"location": [-628.9786376953125, -0.13750076293945312], "parent": {"type": "NODE", "value": "Frame.002"}}, "inputs": {"Field": {"bl_idname": "SvScalarFieldSocket", "name": "Field"}, "Vertices": {"bl_idname": "SvVerticesSocket", "name": "Vertices", "properties": {"use_prop": true}}}, "outputs": {"Value": {"bl_idname": "SvStringsSocket", "name": "Value"}}, "bl_idname": "SvExScalarFieldEvaluateNode"}, "Evaluate Surface": {"attributes": {"location": [-1208.698974609375, -109.19140625], "parent": {"type": "NODE", "value": "Frame.001"}}, "properties": {"samples_u": 100, "samples_v": 100}, "inputs": {"Surface": {"bl_idname": "SvSurfaceSocket", "name": "Surface"}, "U": {"bl_idname": "SvStringsSocket", "name": "U", "attributes": {"hide": true}, "properties": {"prop_name": "u_value"}}, "V": {"bl_idname": "SvStringsSocket", "name": "V", "attributes": {"hide": true}, "properties": {"prop_name": "v_value"}}, "Vertices": {"bl_idname": "SvVerticesSocket", "name": "Vertices", "attributes": {"hide": true}}, "SamplesU": {"bl_idname": "SvStringsSocket", "name": "SamplesU", "properties": {"prop_name": "samples_u"}}, "SamplesV": {"bl_idname": "SvStringsSocket", "name": "SamplesV", "properties": {"prop_name": "samples_v"}}}, "outputs": {"Vertices": {"bl_idname": "SvVerticesSocket", "name": "Vertices"}, "Edges": {"bl_idname": "SvStringsSocket", "name": "Edges"}, "Faces": {"bl_idname": "SvStringsSocket", "name": "Faces"}}, "bl_idname": "SvExEvalSurfaceNode"}, "Flip Curve": {"attributes": {"location": [-1808.0551452636719, -97.15830993652344], "parent": {"type": "NODE", "value": "Frame.008"}}, "inputs": {"Curve": {"bl_idname": "SvCurveSocket", "name": "Curve"}}, "outputs": {"Curve": {"bl_idname": "SvCurveSocket", "name": "Curve"}}, "bl_idname": "SvExFlipCurveNode"}, "Line": {"attributes": {"location": [3226.629150390625, -81.3824691772461], "color": [0.9200000166893005, 0.9200000166893005, 0.9200000166893005], "use_custom_color": true, "parent": {"type": "NODE", "value": "Frame.007"}}, "properties": {"direction": "OP", "length_mode": "Num", "num": 100, "step": -0.25, "v3_dir": [-2.0, 3.0, 0.0], "v3_origin": [-1.0, 3.0, 0.0]}, "inputs": {"Num": {"bl_idname": "SvStringsSocket", "name": "Num", "properties": {"prop_name": "num"}}, "Steps": {"bl_idname": "SvStringsSocket", "name": "Steps", "properties": {"prop_name": "step"}}, "Size": {"bl_idname": "SvStringsSocket", "name": "Size", "attributes": {"hide": true}, "properties": {"prop_name": "size"}}, "Origin": {"bl_idname": "SvVerticesSocket", "name": "Origin", "properties": {"prop_name": "v3_origin", "expanded": true}}, "Direction": {"bl_idname": "SvVerticesSocket", "name": "Direction", "properties": {"prop_name": "v3_dir", "expanded": true}}}, "outputs": {"Verts": {"bl_idname": "SvVerticesSocket", "name": "Verts"}, "Edges": {"bl_idname": "SvStringsSocket", "name": "Edges"}}, "bl_idname": "SvLineNodeMK4"}, "List First & Last": {"attributes": {"location": [2408.6101684570312, 285.12915420532227], "parent": {"type": "NODE", "value": "Frame.006"}}, "inputs": {"Data": {"bl_idname": "SvStringsSocket", "name": "Data"}}, "outputs": {"First_001": {"bl_idname": "SvVerticesSocket", "name": "First"}, "Last_001": {"bl_idname": "SvVerticesSocket", "name": "Last"}, "Middl_001": {"bl_idname": "SvVerticesSocket", "name": "Middl"}}, "bl_idname": "ListFLNode"}, "List Join": {"attributes": {"location": [1438.6233520507812, 257.314697265625], "parent": {"type": "NODE", "value": "Frame.004"}}, "inputs": {"data": {"bl_idname": "SvStringsSocket", "name": "data"}, "data 1": {"bl_idname": "SvStringsSocket", "name": "data 1"}, "data 2": {"bl_idname": "SvStringsSocket", "name": "data 2"}, "data 3": {"bl_idname": "SvStringsSocket", "name": "data 3"}}, "outputs": {"data_001": {"bl_idname": "SvVerticesSocket", "name": "data"}}, "bl_idname": "ListJoinNode"}, "List Join.001": {"attributes": {"location": [1438.6233520507812, 24.489456176757812], "parent": {"type": "NODE", "value": "Frame.004"}}, "inputs": {"data": {"bl_idname": "SvStringsSocket", "name": "data"}, "data 1": {"bl_idname": "SvStringsSocket", "name": "data 1"}, "data 2": {"bl_idname": "SvStringsSocket", "name": "data 2"}, "data 3": {"bl_idname": "SvStringsSocket", "name": "data 3"}}, "outputs": {"data": {"bl_idname": "SvStringsSocket", "name": "data"}}, "bl_idname": "ListJoinNode"}, "List Mask (out)": {"attributes": {"location": [-1981.2237243652344, -99.94798278808594], "parent": {"type": "NODE", "value": "Frame.008"}}, "inputs": {"data": {"bl_idname": "SvStringsSocket", "name": "data"}, "mask": {"bl_idname": "SvStringsSocket", "name": "mask"}}, "outputs": {"mask": {"bl_idname": "SvStringsSocket", "name": "mask"}, "ind_false": {"bl_idname": "SvStringsSocket", "name": "ind_false"}, "ind_true": {"bl_idname": "SvStringsSocket", "name": "ind_true"}, "dataFalse_001": {"bl_idname": "SvCurveSocket", "name": "dataFalse"}, "dataTrue_001": {"bl_idname": "SvCurveSocket", "name": "dataTrue"}}, "bl_idname": "MaskListNode"}, "List Split": {"attributes": {"location": [2583.5947875976562, 454.85478591918945], "parent": {"type": "NODE", "value": "Frame.006"}}, "inputs": {"Data": {"bl_idname": "SvStringsSocket", "name": "Data"}, "Split": {"bl_idname": "SvStringsSocket", "name": "Split", "properties": {"prop_name": "split"}}}, "outputs": {"Split": {"bl_idname": "SvStringsSocket", "name": "Split"}}, "bl_idname": "SvListSplitNode"}, "Matrix Apply": {"attributes": {"location": [3229.35302734375, 162.49545288085938], "parent": {"type": "NODE", "value": "Frame.007"}}, "properties": {"do_join": false}, "inputs": {"Vertices": {"bl_idname": "SvVerticesSocket", "name": "Vertices"}, "Edges": {"bl_idname": "SvStringsSocket", "name": "Edges"}, "Faces": {"bl_idname": "SvStringsSocket", "name": "Faces"}, "Matrices": {"bl_idname": "SvMatrixSocket", "name": "Matrices"}}, "outputs": {"Vertices": {"bl_idname": "SvVerticesSocket", "name": "Vertices"}, "Edges": {"bl_idname": "SvStringsSocket", "name": "Edges"}, "Faces": {"bl_idname": "SvStringsSocket", "name": "Faces"}}, "bl_idname": "SvMatrixApplyJoinNode"}, "Matrix Deform": {"attributes": {"location": [1923.835693359375, -307.4246826171875], "parent": {"type": "NODE", "value": "Frame.005"}}, "inputs": {"Original": {"bl_idname": "SvMatrixSocket", "name": "Original"}, "Location": {"bl_idname": "SvVerticesSocket", "name": "Location"}, "Scale": {"bl_idname": "SvVerticesSocket", "name": "Scale"}, "Rotation": {"bl_idname": "SvVerticesSocket", "name": "Rotation"}, "Angle": {"bl_idname": "SvStringsSocket", "name": "Angle"}}, "outputs": {"Matrix": {"bl_idname": "SvMatrixSocket", "name": "Matrix"}}, "bl_idname": "MatrixDeformNode"}, "Matrix In": {"attributes": {"location": [1703.835693359375, -367.08636474609375], "parent": {"type": "NODE", "value": "Frame.005"}}, "properties": {"angle": 90.0, "axis": [0.0, 1.0, 0.0]}, "inputs": {"Location": {"bl_idname": "SvVerticesSocket", "name": "Location", "properties": {"prop_name": "location_", "expanded": true}}, "Scale": {"bl_idname": "SvVerticesSocket", "name": "Scale", "properties": {"prop_name": "scale"}}, "Quaternion": {"bl_idname": "SvQuaternionSocket", "name": "Quaternion", "attributes": {"hide": true}, "properties": {"prop_name": "quaternion"}}, "Angle X": {"bl_idname": "SvStringsSocket", "name": "Angle X", "attributes": {"hide": true}, "properties": {"prop_name": "angle_x"}}, "Angle Y": {"bl_idname": "SvStringsSocket", "name": "Angle Y", "attributes": {"hide": true}, "properties": {"prop_name": "angle_y"}}, "Angle Z": {"bl_idname": "SvStringsSocket", "name": "Angle Z", "attributes": {"hide": true}, "properties": {"prop_name": "angle_z"}}, "Axis": {"bl_idname": "SvVerticesSocket", "name": "Axis", "properties": {"prop_name": "axis", "expanded": true}}, "Angle": {"bl_idname": "SvStringsSocket", "name": "Angle", "properties": {"prop_name": "angle"}}}, "outputs": {"Matrices": {"bl_idname": "SvMatrixSocket", "name": "Matrices"}}, "bl_idname": "SvMatrixInNodeMK4"}, "Matrix In.001": {"attributes": {"location": [2408.4541625976562, -164.3349723815918], "parent": {"type": "NODE", "value": "Frame.006"}}, "properties": {"location_": [3.0, 0.0, 0.0]}, "inputs": {"Location": {"bl_idname": "SvVerticesSocket", "name": "Location", "properties": {"prop_name": "location_", "expanded": true}}, "Scale": {"bl_idname": "SvVerticesSocket", "name": "Scale", "properties": {"prop_name": "scale"}}, "Quaternion": {"bl_idname": "SvQuaternionSocket", "name": "Quaternion", "attributes": {"hide": true}, "properties": {"prop_name": "quaternion"}}, "Angle X": {"bl_idname": "SvStringsSocket", "name": "Angle X", "attributes": {"hide": true}, "properties": {"prop_name": "angle_x"}}, "Angle Y": {"bl_idname": "SvStringsSocket", "name": "Angle Y", "attributes": {"hide": true}, "properties": {"prop_name": "angle_y"}}, "Angle Z": {"bl_idname": "SvStringsSocket", "name": "Angle Z", "attributes": {"hide": true}, "properties": {"prop_name": "angle_z"}}, "Axis": {"bl_idname": "SvVerticesSocket", "name": "Axis", "properties": {"prop_name": "axis"}}, "Angle": {"bl_idname": "SvStringsSocket", "name": "Angle", "properties": {"prop_name": "angle"}}}, "outputs": {"Matrices": {"bl_idname": "SvMatrixSocket", "name": "Matrices"}}, "bl_idname": "SvMatrixInNodeMK4"}, "Matrix Math": {"attributes": {"location": [3040.06689453125, -5.948829650878906], "label": "Matrix Invert", "parent": {"type": "NODE", "value": "Frame.007"}}, "properties": {"operation": "INVERT"}, "inputs": {"A": {"bl_idname": "SvMatrixSocket", "name": "A"}}, "outputs": {"C": {"bl_idname": "SvMatrixSocket", "name": "C"}}, "bl_idname": "SvMatrixMathNode"}, "Merge by Distance": {"attributes": {"location": [1884.4851684570312, 196.85275268554688], "parent": {"type": "NODE", "value": "Frame.004"}}, "inputs": {"Vertices": {"bl_idname": "SvVerticesSocket", "name": "Vertices", "properties": {"default_mode": "NONE", "is_mandatory": true}}, "PolyEdge": {"bl_idname": "SvStringsSocket", "name": "PolyEdge", "properties": {"nesting_level": 3}}, "FaceData": {"bl_idname": "SvStringsSocket", "name": "FaceData"}, "Mask": {"bl_idname": "SvStringsSocket", "name": "Mask"}, "Distance": {"bl_idname": "SvStringsSocket", "name": "Distance", "properties": {"prop_name": "distance", "nesting_level": 1, "pre_processing": "ONE_ITEM"}}}, "outputs": {"Vertices": {"bl_idname": "SvVerticesSocket", "name": "Vertices"}, "Edges": {"bl_idname": "SvStringsSocket", "name": "Edges"}, "Polygons": {"bl_idname": "SvStringsSocket", "name": "Polygons"}, "FaceData": {"bl_idname": "SvStringsSocket", "name": "FaceData"}, "Doubles": {"bl_idname": "SvVerticesSocket", "name": "Doubles"}, "Mask": {"bl_idname": "SvStringsSocket", "name": "Mask"}}, "bl_idname": "SvMergeByDistanceNode"}, "Mesh Join.001": {"attributes": {"location": [1647.1758422851562, 162.31610107421875], "parent": {"type": "NODE", "value": "Frame.004"}}, "inputs": {"Vertices": {"bl_idname": "SvVerticesSocket", "name": "Vertices", "properties": {"is_mandatory": true, "default_mode": "NONE"}}, "Edges": {"bl_idname": "SvStringsSocket", "name": "Edges", "properties": {"nesting_level": 3}}, "Polygons": {"bl_idname": "SvStringsSocket", "name": "Polygons", "properties": {"nesting_level": 3}}}, "outputs": {"Vertices": {"bl_idname": "SvVerticesSocket", "name": "Vertices"}, "Edges": {"bl_idname": "SvStringsSocket", "name": "Edges"}, "Polygons": {"bl_idname": "SvStringsSocket", "name": "Polygons"}}, "bl_idname": "SvMeshJoinNodeMk2"}, "Mesh viewer": {"attributes": {"location": [2642.5249633789062, -80.81017684936523], "color": [0.6284880042076111, 0.931007981300354, 1.0], "use_custom_color": true, "parent": {"type": "NODE", "value": "Frame.006"}}, "properties": {"is_merge": true}, "inputs": {"vertices": {"bl_idname": "SvVerticesSocket", "name": "vertices"}, "edges": {"bl_idname": "SvStringsSocket", "name": "edges", "properties": {"custom_draw": "draw_edges_props"}}, "faces": {"bl_idname": "SvStringsSocket", "name": "faces"}, "material_idx": {"bl_idname": "SvStringsSocket", "name": "material_idx"}, "matrix": {"bl_idname": "SvMatrixSocket", "name": "matrix", "properties": {"custom_draw": "draw_matrix_props"}}}, "outputs": {"Objects": {"bl_idname": "SvObjectSocket", "name": "Objects"}}, "bl_idname": "SvMeshViewer"}, "Move": {"attributes": {"location": [-446.1641540527344, -38.382408142089844], "hide": true, "parent": {"type": "NODE", "value": "Frame.002"}}, "properties": {"movement_vectors": [0.0, 0.0, 1.0]}, "inputs": {"Vertices": {"bl_idname": "SvVerticesSocket", "name": "Vertices"}, "Movement Vectors": {"bl_idname": "SvVerticesSocket", "name": "Movement Vectors", "properties": {"prop_name": "movement_vectors", "expanded": true}}, "Strength": {"bl_idname": "SvStringsSocket", "name": "Strength", "properties": {"prop_name": "strength"}}}, "outputs": {"Vertices": {"bl_idname": "SvVerticesSocket", "name": "Vertices"}}, "bl_idname": "SvMoveNodeMk3"}, "Move.001": {"attributes": {"location": [3412.637451171875, -109.12120819091797], "parent": {"type": "NODE", "value": "Frame.007"}}, "properties": {"movement_vectors": [-1.0, 4.0, 0.0]}, "inputs": {"Vertices": {"bl_idname": "SvVerticesSocket", "name": "Vertices"}, "Movement Vectors": {"bl_idname": "SvVerticesSocket", "name": "Movement Vectors", "properties": {"prop_name": "movement_vectors", "expanded": true}}, "Strength": {"bl_idname": "SvStringsSocket", "name": "Strength", "properties": {"prop_name": "strength"}}}, "outputs": {"Vertices": {"bl_idname": "SvVerticesSocket", "name": "Vertices"}}, "bl_idname": "SvMoveNodeMk3"}, "Note": {"attributes": {"location": [-655.3450317382812, 261.693359375], "width": 400.0, "color": [1.0, 0.8993440270423889, 0.9742509722709656], "use_custom_color": true}, "properties": {"n_id": "-7062797074008118892", "show_text": false, "text": "2020 | Nikitron fields+surface+bisect+layout2d"}, "inputs": {"Text In": {"bl_idname": "SvStringsSocket", "name": "Text In"}}, "outputs": {"Text Out": {"bl_idname": "SvStringsSocket", "name": "Text Out"}}, "bl_idname": "NoteNode"}, "Number Range": {"attributes": {"location": [1303.8355712890625, -328.79693603515625], "parent": {"type": "NODE", "value": "Frame.005"}}, "properties": {"count_": 100, "current_mode": "RANGE_COUNT", "range_mode": "RANGE_COUNT", "start_float": -0.800000011920929, "stop_float": 1.600000023841858}, "inputs": {"Start": {"bl_idname": "SvStringsSocket", "name": "Start", "properties": {"prop_name": "start_float"}}, "Step": {"bl_idname": "SvStringsSocket", "name": "Step", "properties": {"prop_name": "stop_float", "label": "stop"}}, "Stop": {"bl_idname": "SvStringsSocket", "name": "Stop", "properties": {"prop_name": "count_", "label": "count"}}}, "outputs": {"Range": {"bl_idname": "SvStringsSocket", "name": "Range"}}, "bl_idname": "SvGenNumberRange"}, "Number Range.001": {"attributes": {"location": [2395.3035278320312, 467.15776443481445], "parent": {"type": "NODE", "value": "Frame.006"}}, "properties": {"current_mode": "RANGE", "number_mode": "int", "start_int": 1, "stop_int": 101}, "inputs": {"Start": {"bl_idname": "SvStringsSocket", "name": "Start", "properties": {"prop_name": "start_int"}}, "Step": {"bl_idname": "SvStringsSocket", "name": "Step", "properties": {"prop_name": "stop_int", "label": "stop"}}, "Stop": {"bl_idname": "SvStringsSocket", "name": "Stop", "properties": {"prop_name": "step_int", "label": "step"}}}, "outputs": {"Range": {"bl_idname": "SvStringsSocket", "name": "Range"}}, "bl_idname": "SvGenNumberRange"}, "Objects in Lite": {"attributes": {"location": [-2569.487274169922, -88.92974853515625], "color": [0.904932975769043, 1.0, 0.883421003818512], "use_custom_color": true, "parent": {"type": "NODE", "value": "Frame.008"}}, "properties": {"currently_storing": true, "obj_name": "Plane"}, "advanced_properties": {"geom": "{\"Vertices\": [-1.0, -1.0, 0.0, 1.5607727766036987, -1.0, 0.0, -0.7221888303756714, 1.496375560760498, 0.0, 1.8916836977005005, 1.496375560760498, 0.0, -0.7395520210266113, 1.3403520584106445, 0.0, -0.7569152116775513, 1.184328556060791, 0.0, -0.7742784023284912, 1.0283050537109375, 0.0, -0.7916415929794312, 0.872281551361084, 0.0, -0.8090047836303711, 0.7162580490112305, 0.0, -0.826367974281311, 0.5602346062660217, 0.0, -0.843731164932251, 0.404211163520813, 0.0, -0.8610943555831909, 0.24818770587444305, 0.0, -0.8784575462341309, 0.09216424822807312, 0.0, -0.8958207368850708, -0.06385922431945801, 0.0, -0.9131839275360107, -0.21988269686698914, 0.0, -0.9305471181869507, -0.37590616941452026, 0.0, -0.9479103088378906, -0.531929612159729, 0.0, -0.9652735590934753, -0.6879531145095825, 0.0, -0.9826368093490601, -0.8439765572547913, 0.0, -0.8399516940116882, -1.0, 0.0, -0.6799033880233765, -1.0, 0.0, -0.5198550820350647, -1.0, 0.0, -0.35980677604675293, -1.0, 0.0, -0.19975847005844116, -1.0, 0.0, -0.03971017897129059, -1.0, 0.0, 0.12033811211585999, -1.0, 0.0, 0.28038641810417175, -1.0, 0.0, 0.44043469429016113, -1.0, 0.0, 0.6004830002784729, -1.0, 0.0, 0.7605313062667847, -1.0, 0.0, 0.9205796122550964, -1.0, 0.0, 1.0806279182434082, -1.0, 0.0, 1.2406761646270752, -1.0, 0.0, 1.4007244110107422, -1.0, 0.0, 1.5814547538757324, -0.8439764976501465, 0.0, 1.6021367311477661, -0.687952995300293, 0.0, 1.6228187084197998, -0.5319294929504395, 0.0, 1.6435006856918335, -0.3759060204029083, 0.0, 1.6641826629638672, -0.2198825478553772, 0.0, 1.6848645210266113, -0.06385909020900726, 0.0, 1.7055463790893555, 0.09216438233852386, 0.0, 1.7262283563613892, 0.2481878399848938, 0.0, 1.7469103336334229, 0.4042113125324249, 0.0, 1.767592191696167, 0.560234785079956, 0.0, 1.7882740497589111, 0.7162582874298096, 0.0, 1.8089560270309448, 0.8722817301750183, 0.0, 1.8296380043029785, 1.028305172920227, 0.0, 1.8503198623657227, 1.1843286752700806, 0.0, 1.8710017204284668, 1.3403520584106445, 0.0, 1.7283166646957397, 1.496375560760498, 0.0, 1.564949631690979, 1.496375560760498, 0.0, 1.4015825986862183, 1.496375560760498, 0.0, 1.2382155656814575, 1.496375560760498, 0.0, 1.0748485326766968, 1.496375560760498, 0.0, 0.911481499671936, 1.496375560760498, 0.0, 0.7481144666671753, 1.496375560760498, 0.0, 0.5847474336624146, 1.496375560760498, 0.0, 0.4213804006576538, 1.496375560760498, 0.0, 0.25801336765289307, 1.496375560760498, 0.0, 0.09464633464813232, 1.496375560760498, 0.0, -0.06872069835662842, 1.496375560760498, 0.0, -0.23208773136138916, 1.496375560760498, 0.0, -0.3954547643661499, 1.496375560760498, 0.0, -0.5588217973709106, 1.496375560760498, 0.0], \"Edges\": [0, 18, 1, 33, 3, 48, 2, 63, 2, 4, 4, 5, 5, 6, 6, 7, 7, 8, 8, 9, 9, 10, 10, 11, 11, 12, 12, 13, 13, 14, 14, 15, 15, 16, 16, 17, 17, 18, 0, 19, 19, 20, 20, 21, 21, 22, 22, 23, 23, 24, 24, 25, 25, 26, 26, 27, 27, 28, 28, 29, 29, 30, 30, 31, 31, 32, 32, 33, 1, 34, 34, 35, 35, 36, 36, 37, 37, 38, 38, 39, 39, 40, 40, 41, 41, 42, 42, 43, 43, 44, 44, 45, 45, 46, 46, 47, 47, 48, 3, 49, 49, 50, 50, 51, 51, 52, 52, 53, 53, 54, 54, 55, 55, 56, 56, 57, 57, 58, 58, 59, 59, 60, 60, 61, 61, 62, 62, 63], \"Polygons\": [], \"MaterialIdx\": [], \"Matrix\": [1.0, 0.0, 0.0, 0.0, 0.0, 1.0, 0.0, 0.0, 0.0, 0.0, 1.0, 0.0, 0.0, 0.0, 0.0, 1.0]}"}, "outputs": {"Vertices": {"bl_idname": "SvVerticesSocket", "name": "Vertices"}, "Edges": {"bl_idname": "SvStringsSocket", "name": "Edges"}, "Polygons": {"bl_idname": "SvStringsSocket", "name": "Polygons"}, "MaterialIdx": {"bl_idname": "SvStringsSocket", "name": "MaterialIdx"}, "Matrix": {"bl_idname": "SvMatrixSocket", "name": "Matrix"}}, "bl_idname": "SvObjInLite"}, "Plane": {"attributes": {"location": [3061.442626953125, -140.63763427734375], "color": [0.9200000166893005, 0.9200000166893005, 0.9200000166893005], "use_custom_color": true, "parent": {"type": "NODE", "value": "Frame.007"}}, "properties": {"dimension_mode": "NUMBER", "numx": 25, "numy": 4, "stepx": 0.25, "stepy": 3.0}, "inputs": {"Size X": {"bl_idname": "SvStringsSocket", "name": "Size X", "attributes": {"hide": true}, "properties": {"prop_name": "sizex", "custom_draw": "draw_prop_socket", "label": "Size X"}}, "Size Y": {"bl_idname": "SvStringsSocket", "name": "Size Y", "attributes": {"hide": true}, "properties": {"prop_name": "sizey", "custom_draw": "draw_prop_socket", "label": "Size Y"}}, "Num X": {"bl_idname": "SvStringsSocket", "name": "Num X", "properties": {"prop_name": "numx", "custom_draw": "draw_prop_socket", "label": "Num X"}}, "Num Y": {"bl_idname": "SvStringsSocket", "name": "Num Y", "properties": {"prop_name": "numy", "custom_draw": "draw_prop_socket", "label": "Num Y"}}, "Step X": {"bl_idname": "SvStringsSocket", "name": "Step X", "properties": {"prop_name": "stepx", "custom_draw": "draw_prop_socket", "label": "Step X"}}, "Step Y": {"bl_idname": "SvStringsSocket", "name": "Step Y", "properties": {"prop_name": "stepy", "custom_draw": "draw_prop_socket", "label": "Step Y"}}, "Matrix": {"bl_idname": "SvMatrixSocket", "name": "Matrix"}}, "outputs": {"Vertices": {"bl_idname": "SvVerticesSocket", "name": "Vertices"}, "Edges": {"bl_idname": "SvStringsSocket", "name": "Edges"}, "Polygons": {"bl_idname": "SvStringsSocket", "name": "Polygons"}}, "bl_idname": "SvPlaneNodeMk3"}, "Polyline": {"attributes": {"location": [-2342.620574951172, -299.46104431152344], "parent": {"type": "NODE", "value": "Frame.008"}}, "properties": {"is_cyclic": true}, "inputs": {"Vertices": {"bl_idname": "SvVerticesSocket", "name": "Vertices"}}, "outputs": {"Curve": {"bl_idname": "SvCurveSocket", "name": "Curve"}}, "bl_idname": "SvExPolylineNode"}, "Reroute": {"attributes": {"location": [-666.6173706054688, -112.61363220214844], "width": 16.0, "parent": {"type": "NODE", "value": "Frame.002"}}, "bl_idname": "NodeReroute"}, "Reroute.001": {"attributes": {"location": [-668.9224853515625, -77.3197250366211], "width": 16.0, "parent": {"type": "NODE", "value": "Frame.002"}}, "bl_idname": "NodeReroute"}, "Reroute.002": {"attributes": {"location": [-667.9779052734375, -93.8462905883789], "width": 16.0, "parent": {"type": "NODE", "value": "Frame.002"}}, "bl_idname": "NodeReroute"}, "Scalar Field Math": {"attributes": {"location": [-1804.1694946289062, 397.68743896484375], "parent": {"type": "NODE", "value": "Frame"}}, "properties": {"operation": "SIN"}, "inputs": {"FieldA": {"bl_idname": "SvScalarFieldSocket", "name": "FieldA"}, "FieldB": {"bl_idname": "SvScalarFieldSocket", "name": "FieldB", "attributes": {"hide": true}}}, "outputs": {"FieldC": {"bl_idname": "SvScalarFieldSocket", "name": "FieldC"}}, "bl_idname": "SvExScalarFieldMathNode"}, "Scalar Field Math.001": {"attributes": {"location": [-1160.9759521484375, 356.11566162109375], "parent": {"type": "NODE", "value": "Frame"}}, "properties": {"operation": "MUL"}, "inputs": {"FieldA": {"bl_idname": "SvScalarFieldSocket", "name": "FieldA"}, "FieldB": {"bl_idname": "SvScalarFieldSocket", "name": "FieldB"}}, "outputs": {"FieldC": {"bl_idname": "SvScalarFieldSocket", "name": "FieldC"}}, "bl_idname": "SvExScalarFieldMathNode"}, "Scalar Field Math.002": {"attributes": {"location": [-1374.837646484375, 279.14892578125], "parent": {"type": "NODE", "value": "Frame"}}, "properties": {"operation": "MUL"}, "inputs": {"FieldA": {"bl_idname": "SvScalarFieldSocket", "name": "FieldA"}, "FieldB": {"bl_idname": "SvScalarFieldSocket", "name": "FieldB"}}, "outputs": {"FieldC": {"bl_idname": "SvScalarFieldSocket", "name": "FieldC"}}, "bl_idname": "SvExScalarFieldMathNode"}, "Scalar Field Math.003": {"attributes": {"location": [-1597.0733032226562, 260.1941833496094], "parent": {"type": "NODE", "value": "Frame"}}, "properties": {"operation": "ACOS"}, "inputs": {"FieldA": {"bl_idname": "SvScalarFieldSocket", "name": "FieldA"}, "FieldB": {"bl_idname": "SvScalarFieldSocket", "name": "FieldB", "attributes": {"hide": true}}}, "outputs": {"FieldC": {"bl_idname": "SvScalarFieldSocket", "name": "FieldC"}}, "bl_idname": "SvExScalarFieldMathNode"}, "Scalar Math": {"attributes": {"location": [2397.9221801757812, 578.3672065734863], "parent": {"type": "NODE", "value": "Frame.006"}}, "properties": {"current_op": "+1"}, "inputs": {"x": {"bl_idname": "SvStringsSocket", "name": "x", "properties": {"prop_name": "x_"}}}, "outputs": {"Out": {"bl_idname": "SvStringsSocket", "name": "Out"}}, "bl_idname": "SvScalarMathNodeMK4"}, "Scalar Math.001": {"attributes": {"location": [3054.412841796875, -438.03515625], "parent": {"type": "NODE", "value": "Frame.007"}}, "properties": {"current_op": "INTDIV", "y_": 4.0}, "inputs": {"x": {"bl_idname": "SvStringsSocket", "name": "x", "properties": {"prop_name": "x_"}}, "y": {"bl_idname": "SvStringsSocket", "name": "y", "properties": {"prop_name": "y_"}}}, "outputs": {"Out": {"bl_idname": "SvStringsSocket", "name": "Out"}}, "bl_idname": "SvScalarMathNodeMK4"}, "Scripted Node Lite": {"attributes": {"location": [463.0879821777344, 48.56747817993164], "color": [0.0, 0.6000000238418579, 0.800000011920929], "use_custom_color": true, "parent": {"type": "NODE", "value": "Frame.003"}}, "properties": {"n_id": "-7025903710277676402", "script_name": "topo_sort_for_profile.py", "script_str": "\"\"\"\nin in_verts v\nin in_edges s\nout vout v\nout eout s\n\"\"\"\n\n\ndef dodo(verts, edges, verts_o,k):\n    for i in edges:\n        if k in i:\n            # this is awesome !!\n            k = i[int(not i.index(k))]\n            verts_o.append(verts[k])\n            return k, i\n    return False, False\n\nif in_verts:\n    for edges, verts in zip(in_edges, in_verts):\n        ed = 1\n        edges_o = []\n        verts_o = []\n        k = 0\n        while True:\n            k, ed = dodo(verts, edges, verts_o,k)\n            if ed:\n                edges.remove(ed)\n            if not ed:\n                break\n        edges_o = [[k,k+1] for k in range(len(verts_o)-1)]\n        edges_o.append([0, len(verts_o)-1])\n        eout.append(edges_o)\n        vout.append(verts_o)\n"}, "inputs": {"in_verts": {"bl_idname": "SvVerticesSocket", "name": "in_verts"}, "in_edges": {"bl_idname": "SvStringsSocket", "name": "in_edges"}}, "outputs": {"vout": {"bl_idname": "SvVerticesSocket", "name": "vout"}, "eout": {"bl_idname": "SvStringsSocket", "name": "eout"}}, "bl_idname": "SvScriptNodeLite"}, "Scripted Node Lite.001": {"attributes": {"location": [-2346.661102294922, -99.88166809082031], "color": [0.0, 0.6000000238418579, 0.800000011920929], "use_custom_color": true, "parent": {"type": "NODE", "value": "Frame.008"}}, "properties": {"n_id": "-7025903710277676503", "script_name": "topo_sort_for_profile.py", "script_str": "\"\"\"\nin in_verts v\nin in_edges s\nout vout v\nout eout s\n\"\"\"\n\n\ndef dodo(verts, edges, verts_o,k):\n    for i in edges:\n        if k in i:\n            # this is awesome !!\n            k = i[int(not i.index(k))]\n            verts_o.append(verts[k])\n            return k, i\n    return False, False\n\nif in_verts:\n    for edges, verts in zip(in_edges, in_verts):\n        ed = 1\n        edges_o = []\n        verts_o = []\n        k = 0\n        while True:\n            k, ed = dodo(verts, edges, verts_o,k)\n            if ed:\n                edges.remove(ed)\n            if not ed:\n                break\n        edges_o = [[k,k+1] for k in range(len(verts_o)-1)]\n        edges_o.append([0, len(verts_o)-1])\n        eout.append(edges_o)\n        vout.append(verts_o)\n"}, "inputs": {"in_verts": {"bl_idname": "SvVerticesSocket", "name": "in_verts"}, "in_edges": {"bl_idname": "SvStringsSocket", "name": "in_edges"}}, "outputs": {"vout": {"bl_idname": "SvVerticesSocket", "name": "vout"}, "eout": {"bl_idname": "SvStringsSocket", "name": "eout"}}, "bl_idname": "SvScriptNodeLite"}, "Segment": {"attributes": {"location": [-2216.1895141601562, 392.96710205078125], "color": [0.9200000166893005, 0.9200000166893005, 0.9200000166893005], "use_custom_color": true, "parent": {"type": "NODE", "value": "Frame"}}, "properties": {"a": [0.20000000298023224, -0.20000000298023224, 0.0], "b": [1.0, 1.0, 0.0]}, "inputs": {"A": {"bl_idname": "SvVerticesSocket", "name": "A", "properties": {"prop_name": "a", "expanded": true}}, "B": {"bl_idname": "SvVerticesSocket", "name": "B", "properties": {"prop_name": "b", "expanded": true}}, "Cuts": {"bl_idname": "SvStringsSocket", "name": "Cuts", "properties": {"prop_name": "cuts_number"}}, "Steps": {"bl_idname": "SvStringsSocket", "name": "Steps", "attributes": {"hide": true}}}, "outputs": {"Verts": {"bl_idname": "SvVerticesSocket", "name": "Verts"}, "Edges": {"bl_idname": "SvStringsSocket", "name": "Edges"}}, "bl_idname": "SvSegmentGenerator"}, "Split Curve": {"attributes": {"location": [-2160.151580810547, -108.17326354980469], "parent": {"type": "NODE", "value": "Frame.008"}}, "properties": {"join": true, "rescale": true, "segments": 2}, "inputs": {"Curve": {"bl_idname": "SvCurveSocket", "name": "Curve"}, "Segments": {"bl_idname": "SvStringsSocket", "name": "Segments", "attributes": {"hide": true}, "properties": {"prop_name": "segments"}}, "Split": {"bl_idname": "SvStringsSocket", "name": "Split", "properties": {"prop_name": "split"}}}, "outputs": {"Curves": {"bl_idname": "SvCurveSocket", "name": "Curves"}}, "bl_idname": "SvSplitCurveNode"}, "Stethoscope MK2.001": {"attributes": {"location": [-1393.06298828125, -310.74072265625], "color": [1.0, 0.8993440270423889, 0.9742509722709656], "use_custom_color": true, "parent": {"type": "NODE", "value": "Frame.001"}}, "properties": {"text_color": [0.949999988079071, 0.949999988079071, 0.949999988079071], "location_theta": 1.0080000162124634, "num_elements": 2}, "inputs": {"Data": {"bl_idname": "SvStringsSocket", "name": "Data"}}, "bl_idname": "SvStethoscopeNodeMK2"}, "Stethoscope MK2.002": {"attributes": {"location": [-2340.372283935547, -427.1597137451172], "color": [1.0, 0.8993440270423889, 0.9742509722709656], "use_custom_color": true, "parent": {"type": "NODE", "value": "Frame.008"}}, "properties": {"text_color": [0.949999988079071, 0.949999988079071, 0.949999988079071], "location_theta": 1.0, "num_elements": 1}, "inputs": {"Data": {"bl_idname": "SvStringsSocket", "name": "Data"}}, "bl_idname": "SvStethoscopeNodeMK2"}, "Surface from Curves": {"attributes": {"location": [-1389.262939453125, -126.90286254882812], "parent": {"type": "NODE", "value": "Frame.001"}}, "inputs": {"Curves": {"bl_idname": "SvCurveSocket", "name": "Curves"}, "Degree": {"bl_idname": "SvStringsSocket", "name": "Degree", "attributes": {"hide": true}, "properties": {"prop_name": "degree"}}, "Epsilon": {"bl_idname": "SvStringsSocket", "name": "Epsilon", "attributes": {"hide": true}, "properties": {"prop_name": "epsilon"}}, "Smooth": {"bl_idname": "SvStringsSocket", "name": "Smooth", "attributes": {"hide": true}, "properties": {"prop_name": "smooth"}}}, "outputs": {"Surface": {"bl_idname": "SvSurfaceSocket", "name": "Surface"}}, "bl_idname": "SvInterpolatingSurfaceNode"}, "UV Connection": {"attributes": {"location": [987.9378967285156, 45.30693435668945], "parent": {"type": "NODE", "value": "Frame.003"}}, "properties": {"cicl_check_V": true, "slice_check": false}, "inputs": {"vertices": {"bl_idname": "SvVerticesSocket", "name": "vertices"}, "vertices 1": {"bl_idname": "SvVerticesSocket", "name": "vertices 1"}, "vertices 2": {"bl_idname": "SvVerticesSocket", "name": "vertices 2"}}, "outputs": {"vertices": {"bl_idname": "SvVerticesSocket", "name": "vertices"}, "data": {"bl_idname": "SvStringsSocket", "name": "data"}}, "bl_idname": "LineConnectNodeMK2"}, "UV Connection.001": {"attributes": {"location": [987.9378967285156, 291.8104362487793], "parent": {"type": "NODE", "value": "Frame.003"}}, "properties": {"cicl_check_V": true}, "inputs": {"vertices": {"bl_idname": "SvVerticesSocket", "name": "vertices"}, "vertices 1": {"bl_idname": "SvVerticesSocket", "name": "vertices 1"}}, "outputs": {"vertices": {"bl_idname": "SvVerticesSocket", "name": "vertices"}, "data": {"bl_idname": "SvStringsSocket", "name": "data"}}, "bl_idname": "LineConnectNodeMK2"}, "Vector in": {"attributes": {"location": [831.4032287597656, 48.63532638549805], "width": 100.0, "parent": {"type": "NODE", "value": "Frame.003"}}, "properties": {"z_": -1.440000057220459}, "inputs": {"X": {"bl_idname": "SvStringsSocket", "name": "X", "properties": {"prop_name": "x_"}}, "Y": {"bl_idname": "SvStringsSocket", "name": "Y", "properties": {"prop_name": "y_"}}, "Z": {"bl_idname": "SvStringsSocket", "name": "Z", "properties": {"prop_name": "z_"}}}, "outputs": {"Vectors": {"bl_idname": "SvVerticesSocket", "name": "Vectors"}}, "bl_idname": "GenVectorsNode"}, "Vector in.001": {"attributes": {"location": [1324.8321533203125, -529.8260498046875], "width": 100.0, "parent": {"type": "NODE", "value": "Frame.005"}}, "properties": {"x_": 1.0}, "inputs": {"X": {"bl_idname": "SvStringsSocket", "name": "X", "properties": {"prop_name": "x_"}}, "Y": {"bl_idname": "SvStringsSocket", "name": "Y", "properties": {"prop_name": "y_"}}, "Z": {"bl_idname": "SvStringsSocket", "name": "Z", "properties": {"prop_name": "z_"}}}, "outputs": {"Vectors": {"bl_idname": "SvVerticesSocket", "name": "Vectors"}}, "bl_idname": "GenVectorsNode"}, "Vector in.002": {"attributes": {"location": [1523.835693359375, -356.0609130859375], "width": 100.0, "parent": {"type": "NODE", "value": "Frame.005"}}, "inputs": {"X": {"bl_idname": "SvStringsSocket", "name": "X", "properties": {"prop_name": "x_"}}, "Y": {"bl_idname": "SvStringsSocket", "name": "Y", "properties": {"prop_name": "y_"}}, "Z": {"bl_idname": "SvStringsSocket", "name": "Z", "properties": {"prop_name": "z_"}}}, "outputs": {"Vectors": {"bl_idname": "SvVerticesSocket", "name": "Vectors"}}, "bl_idname": "GenVectorsNode"}, "Vector out": {"attributes": {"location": [639.6380920410156, 42.76828384399414], "width": 100.0, "parent": {"type": "NODE", "value": "Frame.003"}}, "inputs": {"Vectors": {"bl_idname": "SvVerticesSocket", "name": "Vectors"}}, "outputs": {"X": {"bl_idname": "SvStringsSocket", "name": "X"}, "Y": {"bl_idname": "SvStringsSocket", "name": "Y"}, "Z": {"bl_idname": "SvStringsSocket", "name": "Z"}}, "bl_idname": "VectorsOutNode"}, "Viewer Draw Mk3": {"attributes": {"location": [1197.7682189941406, 31.077220916748047], "color": [0.6284880042076111, 0.931007981300354, 1.0], "use_custom_color": true, "parent": {"type": "NODE", "value": "Frame.003"}}, "properties": {"activate": false, "display_edges": false, "display_verts": false, "selected_draw_mode": "facet"}, "inputs": {"Vertices": {"bl_idname": "SvVerticesSocket", "name": "Vertices", "properties": {"custom_draw": "draw_property_socket"}}, "Edges": {"bl_idname": "SvStringsSocket", "name": "Edges", "properties": {"custom_draw": "draw_property_socket"}}, "Polygons": {"bl_idname": "SvStringsSocket", "name": "Polygons"}, "Matrix": {"bl_idname": "SvMatrixSocket", "name": "Matrix"}, "Vector Color": {"bl_idname": "SvColorSocket", "name": "Vector Color", "properties": {"custom_draw": "draw_color_socket", "prop_name": "vector_color"}}, "Edge Color": {"bl_idname": "SvColorSocket", "name": "Edge Color", "properties": {"custom_draw": "draw_color_socket", "prop_name": "edge_color"}}, "Polygon Color": {"bl_idname": "SvColorSocket", "name": "Polygon Color", "properties": {"custom_draw": "draw_color_socket", "prop_name": "polygon_color"}}, "attrs": {"bl_idname": "SvStringsSocket", "name": "attrs", "attributes": {"hide": true}, "properties": {"quick_link_to_node": "SvVDAttrsNodeMk2"}}}, "bl_idname": "SvViewerDrawMk4"}, "Viewer Draw Mk3.001": {"attributes": {"location": [-262.8062744140625, 84.09198379516602], "color": [0.6284880042076111, 0.931007981300354, 1.0], "use_custom_color": true, "parent": {"type": "NODE", "value": "Frame.002"}}, "properties": {"activate": false, "display_edges": false, "display_verts": false, "selected_draw_mode": "facet"}, "inputs": {"Vertices": {"bl_idname": "SvVerticesSocket", "name": "Vertices", "properties": {"custom_draw": "draw_property_socket"}}, "Edges": {"bl_idname": "SvStringsSocket", "name": "Edges", "properties": {"custom_draw": "draw_property_socket"}}, "Polygons": {"bl_idname": "SvStringsSocket", "name": "Polygons"}, "Matrix": {"bl_idname": "SvMatrixSocket", "name": "Matrix"}, "Vector Color": {"bl_idname": "SvColorSocket", "name": "Vector Color", "properties": {"custom_draw": "draw_color_socket", "prop_name": "vector_color"}}, "Edge Color": {"bl_idname": "SvColorSocket", "name": "Edge Color", "properties": {"custom_draw": "draw_color_socket", "prop_name": "edge_color"}}, "Polygon Color": {"bl_idname": "SvColorSocket", "name": "Polygon Color", "properties": {"custom_draw": "draw_color_socket", "prop_name": "polygon_color"}}, "attrs": {"bl_idname": "SvStringsSocket", "name": "attrs", "attributes": {"hide": true}, "properties": {"quick_link_to_node": "SvVDAttrsNodeMk2"}}}, "bl_idname": "SvViewerDrawMk4"}, "Viewer Draw Mk3.002": {"attributes": {"location": [1197.7682189941406, 277.5806999206543], "color": [0.6284880042076111, 0.931007981300354, 1.0], "use_custom_color": true, "parent": {"type": "NODE", "value": "Frame.003"}}, "properties": {"activate": false, "display_edges": false, "display_verts": false, "selected_draw_mode": "facet"}, "inputs": {"Vertices": {"bl_idname": "SvVerticesSocket", "name": "Vertices", "properties": {"custom_draw": "draw_property_socket"}}, "Edges": {"bl_idname": "SvStringsSocket", "name": "Edges", "properties": {"custom_draw": "draw_property_socket"}}, "Polygons": {"bl_idname": "SvStringsSocket", "name": "Polygons"}, "Matrix": {"bl_idname": "SvMatrixSocket", "name": "Matrix"}, "Vector Color": {"bl_idname": "SvColorSocket", "name": "Vector Color", "properties": {"custom_draw": "draw_color_socket", "prop_name": "vector_color"}}, "Edge Color": {"bl_idname": "SvColorSocket", "name": "Edge Color", "properties": {"custom_draw": "draw_color_socket", "prop_name": "edge_color"}}, "Polygon Color": {"bl_idname": "SvColorSocket", "name": "Polygon Color", "properties": {"custom_draw": "draw_color_socket", "prop_name": "polygon_color"}}, "attrs": {"bl_idname": "SvStringsSocket", "name": "attrs", "attributes": {"hide": true}, "properties": {"quick_link_to_node": "SvVDAttrsNodeMk2"}}}, "bl_idname": "SvViewerDrawMk4"}, "Viewer Draw Mk3.003": {"attributes": {"location": [2081.3296508789062, 160.32252502441406], "color": [0.6284880042076111, 0.931007981300354, 1.0], "use_custom_color": true, "parent": {"type": "NODE", "value": "Frame.004"}}, "properties": {"activate": false, "display_edges": false, "display_verts": false, "selected_draw_mode": "facet"}, "inputs": {"Vertices": {"bl_idname": "SvVerticesSocket", "name": "Vertices", "properties": {"custom_draw": "draw_property_socket"}}, "Edges": {"bl_idname": "SvStringsSocket", "name": "Edges", "properties": {"custom_draw": "draw_property_socket"}}, "Polygons": {"bl_idname": "SvStringsSocket", "name": "Polygons"}, "Matrix": {"bl_idname": "SvMatrixSocket", "name": "Matrix"}, "Vector Color": {"bl_idname": "SvColorSocket", "name": "Vector Color", "properties": {"custom_draw": "draw_color_socket", "prop_name": "vector_color"}}, "Edge Color": {"bl_idname": "SvColorSocket", "name": "Edge Color", "properties": {"custom_draw": "draw_color_socket", "prop_name": "edge_color"}}, "Polygon Color": {"bl_idname": "SvColorSocket", "name": "Polygon Color", "properties": {"custom_draw": "draw_color_socket", "prop_name": "polygon_color"}}, "attrs": {"bl_idname": "SvStringsSocket", "name": "attrs", "attributes": {"hide": true}, "properties": {"quick_link_to_node": "SvVDAttrsNodeMk2"}}}, "bl_idname": "SvViewerDrawMk4"}, "Viewer Draw Mk3.004": {"attributes": {"location": [-1797.3547058105469, -233.52207946777344], "color": [0.6284880042076111, 0.931007981300354, 1.0], "use_custom_color": true, "parent": {"type": "NODE", "value": "Frame.008"}}, "properties": {"activate": false}, "inputs": {"Vertices": {"bl_idname": "SvVerticesSocket", "name": "Vertices", "properties": {"custom_draw": "draw_property_socket"}}, "Edges": {"bl_idname": "SvStringsSocket", "name": "Edges", "properties": {"custom_draw": "draw_property_socket"}}, "Polygons": {"bl_idname": "SvStringsSocket", "name": "Polygons"}, "Matrix": {"bl_idname": "SvMatrixSocket", "name": "Matrix"}, "Vector Color": {"bl_idname": "SvColorSocket", "name": "Vector Color", "properties": {"custom_draw": "draw_color_socket", "prop_name": "vector_color"}}, "Edge Color": {"bl_idname": "SvColorSocket", "name": "Edge Color", "properties": {"custom_draw": "draw_color_socket", "prop_name": "edge_color"}}, "Polygon Color": {"bl_idname": "SvColorSocket", "name": "Polygon Color", "properties": {"custom_draw": "draw_color_socket", "prop_name": "polygon_color"}}, "attrs": {"bl_idname": "SvStringsSocket", "name": "attrs", "attributes": {"hide": true}, "properties": {"quick_link_to_node": "SvVDAttrsNodeMk2"}}}, "bl_idname": "SvViewerDrawMk4"}, "Viewer Draw Mk3.005": {"attributes": {"location": [-1032.8525390625, -104.01318359375], "color": [0.6284880042076111, 0.931007981300354, 1.0], "use_custom_color": true, "parent": {"type": "NODE", "value": "Frame.001"}}, "properties": {"activate": false, "display_verts": false}, "inputs": {"Vertices": {"bl_idname": "SvVerticesSocket", "name": "Vertices", "properties": {"custom_draw": "draw_property_socket"}}, "Edges": {"bl_idname": "SvStringsSocket", "name": "Edges", "properties": {"custom_draw": "draw_property_socket"}}, "Polygons": {"bl_idname": "SvStringsSocket", "name": "Polygons"}, "Matrix": {"bl_idname": "SvMatrixSocket", "name": "Matrix"}, "Vector Color": {"bl_idname": "SvColorSocket", "name": "Vector Color", "properties": {"custom_draw": "draw_color_socket", "prop_name": "vector_color"}}, "Edge Color": {"bl_idname": "SvColorSocket", "name": "Edge Color", "properties": {"custom_draw": "draw_color_socket", "prop_name": "edge_color"}}, "Polygon Color": {"bl_idname": "SvColorSocket", "name": "Polygon Color", "properties": {"custom_draw": "draw_color_socket", "prop_name": "polygon_color"}}, "attrs": {"bl_idname": "SvStringsSocket", "name": "attrs", "attributes": {"hide": true}, "properties": {"quick_link_to_node": "SvVDAttrsNodeMk2"}}}, "bl_idname": "SvViewerDrawMk4"}, "Viewer Draw Mk3.006": {"attributes": {"location": [2107.950439453125, -302.40264892578125], "color": [0.6284880042076111, 0.931007981300354, 1.0], "use_custom_color": true, "parent": {"type": "NODE", "value": "Frame.005"}}, "properties": {"activate": false}, "inputs": {"Vertices": {"bl_idname": "SvVerticesSocket", "name": "Vertices", "properties": {"custom_draw": "draw_property_socket"}}, "Edges": {"bl_idname": "SvStringsSocket", "name": "Edges", "properties": {"custom_draw": "draw_property_socket"}}, "Polygons": {"bl_idname": "SvStringsSocket", "name": "Polygons"}, "Matrix": {"bl_idname": "SvMatrixSocket", "name": "Matrix"}, "Vector Color": {"bl_idname": "SvColorSocket", "name": "Vector Color", "properties": {"custom_draw": "draw_color_socket", "prop_name": "vector_color"}}, "Edge Color": {"bl_idname": "SvColorSocket", "name": "Edge Color", "properties": {"custom_draw": "draw_color_socket", "prop_name": "edge_color"}}, "Polygon Color": {"bl_idname": "SvColorSocket", "name": "Polygon Color", "properties": {"custom_draw": "draw_color_socket", "prop_name": "polygon_color"}}, "attrs": {"bl_idname": "SvStringsSocket", "name": "attrs", "attributes": {"hide": true}, "properties": {"quick_link_to_node": "SvVDAttrsNodeMk2"}}}, "bl_idname": "SvViewerDrawMk4"}, "Viewer Draw Mk3.007": {"attributes": {"location": [2625.5518188476562, 165.93457412719727], "color": [0.6284880042076111, 0.931007981300354, 1.0], "use_custom_color": true, "parent": {"type": "NODE", "value": "Frame.006"}}, "properties": {"display_verts": false}, "inputs": {"Vertices": {"bl_idname": "SvVerticesSocket", "name": "Vertices", "properties": {"custom_draw": "draw_property_socket"}}, "Edges": {"bl_idname": "SvStringsSocket", "name": "Edges", "properties": {"custom_draw": "draw_property_socket"}}, "Polygons": {"bl_idname": "SvStringsSocket", "name": "Polygons"}, "Matrix": {"bl_idname": "SvMatrixSocket", "name": "Matrix"}, "Vector Color": {"bl_idname": "SvColorSocket", "name": "Vector Color", "properties": {"custom_draw": "draw_color_socket", "prop_name": "vector_color"}}, "Edge Color": {"bl_idname": "SvColorSocket", "name": "Edge Color", "properties": {"custom_draw": "draw_color_socket", "prop_name": "edge_color"}}, "Polygon Color": {"bl_idname": "SvColorSocket", "name": "Polygon Color", "properties": {"custom_draw": "draw_color_socket", "prop_name": "polygon_color"}}, "attrs": {"bl_idname": "SvStringsSocket", "name": "attrs", "attributes": {"hide": true}, "properties": {"quick_link_to_node": "SvVDAttrsNodeMk2"}}}, "bl_idname": "SvViewerDrawMk4"}, "Viewer Draw Mk3.008": {"attributes": {"location": [3429.35302734375, 162.49545288085938], "color": [0.6284880042076111, 0.931007981300354, 1.0], "use_custom_color": true, "parent": {"type": "NODE", "value": "Frame.007"}}, "properties": {"display_faces": false, "display_verts": false, "edge_color": [0.17057925462722778, 0.6651744842529297, 1.0, 1.0]}, "inputs": {"Vertices": {"bl_idname": "SvVerticesSocket", "name": "Vertices", "properties": {"custom_draw": "draw_property_socket"}}, "Edges": {"bl_idname": "SvStringsSocket", "name": "Edges", "properties": {"custom_draw": "draw_property_socket"}}, "Polygons": {"bl_idname": "SvStringsSocket", "name": "Polygons"}, "Matrix": {"bl_idname": "SvMatrixSocket", "name": "Matrix"}, "Vector Color": {"bl_idname": "SvColorSocket", "name": "Vector Color", "properties": {"custom_draw": "draw_color_socket", "prop_name": "vector_color"}}, "Edge Color": {"bl_idname": "SvColorSocket", "name": "Edge Color", "properties": {"custom_draw": "draw_color_socket", "prop_name": "edge_color"}}, "Polygon Color": {"bl_idname": "SvColorSocket", "name": "Polygon Color", "properties": {"custom_draw": "draw_color_socket", "prop_name": "polygon_color"}}, "attrs": {"bl_idname": "SvStringsSocket", "name": "attrs", "attributes": {"hide": true}, "properties": {"quick_link_to_node": "SvVDAttrsNodeMk2"}}}, "bl_idname": "SvViewerDrawMk4"}, "Viewer Draw Mk3.009": {"attributes": {"location": [462.0600891113281, 301.1180534362793], "color": [0.6284880042076111, 0.931007981300354, 1.0], "use_custom_color": true, "parent": {"type": "NODE", "value": "Frame.003"}}, "properties": {"activate": false}, "inputs": {"Vertices": {"bl_idname": "SvVerticesSocket", "name": "Vertices", "properties": {"custom_draw": "draw_property_socket"}}, "Edges": {"bl_idname": "SvStringsSocket", "name": "Edges", "properties": {"custom_draw": "draw_property_socket"}}, "Polygons": {"bl_idname": "SvStringsSocket", "name": "Polygons"}, "Matrix": {"bl_idname": "SvMatrixSocket", "name": "Matrix"}, "Vector Color": {"bl_idname": "SvColorSocket", "name": "Vector Color", "properties": {"custom_draw": "draw_color_socket", "prop_name": "vector_color"}}, "Edge Color": {"bl_idname": "SvColorSocket", "name": "Edge Color", "properties": {"custom_draw": "draw_color_socket", "prop_name": "edge_color"}}, "Polygon Color": {"bl_idname": "SvColorSocket", "name": "Polygon Color", "properties": {"custom_draw": "draw_color_socket", "prop_name": "polygon_color"}}, "attrs": {"bl_idname": "SvStringsSocket", "name": "attrs", "attributes": {"hide": true}, "properties": {"quick_link_to_node": "SvVDAttrsNodeMk2"}}}, "bl_idname": "SvViewerDrawMk4"}, "Viewer Index+.001": {"attributes": {"location": [3614.438232421875, 153.97206115722656], "color": [0.800000011920929, 0.0, 0.0], "use_custom_color": true, "parent": {"type": "NODE", "value": "Frame.007"}}, "properties": {"bg_verts_col": [0.02388177067041397, 0.0349343903362751, 0.1999998390674591, 1.0], "draw_bg": true, "numid_verts_col": [0.0892091616988182, 0.8693810701370239, 1.0, 1.0]}, "inputs": {"verts": {"bl_idname": "SvVerticesSocket", "name": "verts"}, "edges": {"bl_idname": "SvStringsSocket", "name": "edges"}, "faces": {"bl_idname": "SvStringsSocket", "name": "faces"}, "matrix": {"bl_idname": "SvMatrixSocket", "name": "matrix"}, "text": {"bl_idname": "SvStringsSocket", "name": "text"}}, "bl_idname": "SvIDXViewer28"}, "List Decompose": {"attributes": {"location": [-1802.0708618164062, 282.64276123046875], "parent": {"type": "NODE", "value": "Frame"}}, "properties": {"count": 2, "level": 2, "multi_socket_type": "SvScalarFieldSocket"}, "inputs": {"data": {"bl_idname": "SvStringsSocket", "name": "data"}}, "outputs": {"data[0]_001": {"bl_idname": "SvScalarFieldSocket", "name": "data[0]"}, "data[1]": {"bl_idname": "SvScalarFieldSocket", "name": "data[1]"}}, "bl_idname": "SvListDecomposeNode"}, "List Mask Join (In)": {"attributes": {"location": [-1620.6425476074219, -99.06690979003906], "parent": {"type": "NODE", "value": "Frame.008"}}, "inputs": {"Mask": {"bl_idname": "SvStringsSocket", "name": "Mask"}, "Data True": {"bl_idname": "SvStringsSocket", "name": "Data True"}, "Data False": {"bl_idname": "SvStringsSocket", "name": "Data False"}}, "outputs": {"Data_001": {"bl_idname": "SvCurveSocket", "name": "Data"}}, "bl_idname": "SvMaskJoinNodeMK2"}, "Viewer Index+": {"attributes": {"location": [2769.5657348632812, 448.5388069152832], "color": [0.800000011920929, 0.0, 0.0], "use_custom_color": true, "parent": {"type": "NODE", "value": "Frame.006"}}, "properties": {"bg_verts_col": [0.008577719330787659, 0.0706770122051239, 0.015115766786038876, 1.0], "draw_bg": true}, "inputs": {"verts": {"bl_idname": "SvVerticesSocket", "name": "verts"}, "edges": {"bl_idname": "SvStringsSocket", "name": "edges"}, "faces": {"bl_idname": "SvStringsSocket", "name": "faces"}, "matrix": {"bl_idname": "SvMatrixSocket", "name": "matrix"}, "text": {"bl_idname": "SvStringsSocket", "name": "text"}}, "bl_idname": "SvIDXViewer28"}, "List Input": {"attributes": {"location": [-2355.582000732422, -654.5628509521484], "width": 260.0, "parent": {"type": "NODE", "value": "Frame.008"}}, "properties": {"int_list_items": [{}, {"elem": 1}, {}, {"elem": 1}], "int_list_counter": 4}, "inputs": {"mask": {"bl_idname": "SvStringsSocket", "name": "mask", "properties": {"label": "Mask", "custom_draw": "draw_mask_in_socket"}}}, "outputs": {"data_output": {"bl_idname": "SvStringsSocket", "name": "data_output", "properties": {"label": "Integers"}}}, "bl_idname": "SvListInputNodeMK2"}, "Reroute.003": {"attributes": {"location": [-2020.2895202636719, -674.5997161865234], "width": 16.0, "parent": {"type": "NODE", "value": "Frame.008"}}, "bl_idname": "NodeReroute"}}, "links": [{"from_node": "Segment", "from_socket": "Verts", "to_node": "Attractor Field", "to_socket": "Center"}, {"from_node": "A Number.005", "from_socket": "Float", "to_node": "Attractor Field", "to_socket": "Amplitude"}, {"from_node": "Merge by Distance", "from_socket": "Vertices", "to_node": "Bisect", "to_socket": "vertices"}, {"from_node": "Merge by Distance", "from_socket": "Polygons", "to_node": "Bisect", "to_socket": "edg_pol"}, {"from_node": "Matrix Deform", "from_socket": "Matrix", "to_node": "Bisect", "to_socket": "cut_matrix"}, {"from_node": "Move", "from_socket": "Vertices", "to_node": "Component Analyzer", "to_socket": "Vertices"}, {"from_node": "Reroute.002", "from_socket": "Output", "to_node": "Component Analyzer", "to_socket": "Edges"}, {"from_node": "Reroute", "from_socket": "Output", "to_node": "Component Analyzer", "to_socket": "Faces"}, {"from_node": "Move", "from_socket": "Vertices", "to_node": "Delete Loose", "to_socket": "Vertices"}, {"from_node": "Component Analyzer", "from_socket": "True Edges", "to_node": "Delete Loose", "to_socket": "PolyEdge"}, {"from_node": "Polyline", "from_socket": "Curve", "to_node": "Evaluate Curve", "to_socket": "Curve"}, {"from_node": "Scalar Field Math.001", "from_socket": "FieldC", "to_node": "Evaluate Scalar Field", "to_socket": "Field"}, {"from_node": "Reroute.001", "from_socket": "Output", "to_node": "Evaluate Scalar Field", "to_socket": "Vertices"}, {"from_node": "Surface from Curves", "from_socket": "Surface", "to_node": "Evaluate Surface", "to_socket": "Surface"}, {"from_node": "A Number.004", "from_socket": "Int", "to_node": "Evaluate Surface", "to_socket": "SamplesU"}, {"from_node": "A Number.004", "from_socket": "Int", "to_node": "Evaluate Surface", "to_socket": "SamplesV"}, {"from_node": "List Mask (out)", "from_socket": "dataFalse_001", "to_node": "Flip Curve", "to_socket": "Curve"}, {"from_node": "Bisect", "from_socket": "vertices", "to_node": "List First & Last", "to_socket": "Data"}, {"from_node": "Move", "from_socket": "Vertices", "to_node": "List Join", "to_socket": "data"}, {"from_node": "UV Connection.001", "from_socket": "vertices", "to_node": "List Join", "to_socket": "data 1"}, {"from_node": "UV Connection", "from_socket": "vertices", "to_node": "List Join", "to_socket": "data 2"}, {"from_node": "Reroute", "from_socket": "Output", "to_node": "List Join.001", "to_socket": "data"}, {"from_node": "UV Connection.001", "from_socket": "data", "to_node": "List Join.001", "to_socket": "data 1"}, {"from_node": "UV Connection", "from_socket": "data", "to_node": "List Join.001", "to_socket": "data 2"}, {"from_node": "Split Curve", "from_socket": "Curves", "to_node": "List Mask (out)", "to_socket": "data"}, {"from_node": "Reroute.003", "from_socket": "Output", "to_node": "List Mask (out)", "to_socket": "mask"}, {"from_node": "Number Range.001", "from_socket": "Range", "to_node": "List Split", "to_socket": "Data"}, {"from_node": "Bisect", "from_socket": "vertices", "to_node": "Matrix Apply", "to_socket": "Vertices"}, {"from_node": "Bisect", "from_socket": "edges", "to_node": "Matrix Apply", "to_socket": "Edges"}, {"from_node": "Bisect", "from_socket": "polygons", "to_node": "Matrix Apply", "to_socket": "Faces"}, {"from_node": "Matrix Math", "from_socket": "C", "to_node": "Matrix Apply", "to_socket": "Matrices"}, {"from_node": "Matrix In", "from_socket": "Matrices", "to_node": "Matrix Deform", "to_socket": "Original"}, {"from_node": "Vector in.001", "from_socket": "Vectors", "to_node": "Matrix Deform", "to_socket": "Rotation"}, {"from_node": "A Number.002", "from_socket": "Float", "to_node": "Matrix Deform", "to_socket": "Angle"}, {"from_node": "Vector in.002", "from_socket": "Vectors", "to_node": "Matrix In", "to_socket": "Location"}, {"from_node": "Matrix Deform", "from_socket": "Matrix", "to_node": "Matrix Math", "to_socket": "A"}, {"from_node": "Mesh Join.001", "from_socket": "Vertices", "to_node": "Merge by Distance", "to_socket": "Vertices"}, {"from_node": "Mesh Join.001", "from_socket": "Polygons", "to_node": "Merge by Distance", "to_socket": "PolyEdge"}, {"from_node": "List Join", "from_socket": "data_001", "to_node": "Mesh Join.001", "to_socket": "Vertices"}, {"from_node": "List Join.001", "from_socket": "data", "to_node": "Mesh Join.001", "to_socket": "Polygons"}, {"from_node": "Bisect", "from_socket": "vertices", "to_node": "Mesh viewer", "to_socket": "vertices"}, {"from_node": "Bisect", "from_socket": "polygons", "to_node": "Mesh viewer", "to_socket": "faces"}, {"from_node": "Matrix In.001", "from_socket": "Matrices", "to_node": "Mesh viewer", "to_socket": "matrix"}, {"from_node": "Reroute.001", "from_socket": "Output", "to_node": "Move", "to_socket": "Vertices"}, {"from_node": "Evaluate Scalar Field", "from_socket": "Value", "to_node": "Move", "to_socket": "Strength"}, {"from_node": "Plane", "from_socket": "Vertices", "to_node": "Move.001", "to_socket": "Vertices"}, {"from_node": "A Number.006", "from_socket": "Float", "to_node": "Number Range", "to_socket": "Start"}, {"from_node": "A Number.007", "from_socket": "Float", "to_node": "Number Range", "to_socket": "Step"}, {"from_node": "A Number.003", "from_socket": "Int", "to_node": "Number Range", "to_socket": "Stop"}, {"from_node": "Scalar Math", "from_socket": "Out", "to_node": "Number Range.001", "to_socket": "Step"}, {"from_node": "Scalar Math.001", "from_socket": "Out", "to_node": "Plane", "to_socket": "Num X"}, {"from_node": "Scripted Node Lite.001", "from_socket": "vout", "to_node": "Polyline", "to_socket": "Vertices"}, {"from_node": "Evaluate Surface", "from_socket": "Faces", "to_node": "Reroute", "to_socket": "Input"}, {"from_node": "Evaluate Surface", "from_socket": "Vertices", "to_node": "Reroute.001", "to_socket": "Input"}, {"from_node": "Evaluate Surface", "from_socket": "Edges", "to_node": "Reroute.002", "to_socket": "Input"}, {"from_node": "Attractor Field", "from_socket": "SField", "to_node": "Scalar Field Math", "to_socket": "FieldA"}, {"from_node": "Scalar Field Math.002", "from_socket": "FieldC", "to_node": "Scalar Field Math.001", "to_socket": "FieldA"}, {"from_node": "A Number", "from_socket": "Float", "to_node": "Scalar Field Math.001", "to_socket": "FieldB"}, {"from_node": "List Decompose", "from_socket": "data[0]_001", "to_node": "Scalar Field Math.002", "to_socket": "FieldA"}, {"from_node": "Scalar Field Math.003", "from_socket": "FieldC", "to_node": "Scalar Field Math.002", "to_socket": "FieldB"}, {"from_node": "List Decompose", "from_socket": "data[1]", "to_node": "Scalar Field Math.003", "to_socket": "FieldA"}, {"from_node": "A Number.003", "from_socket": "Int", "to_node": "Scalar Math", "to_socket": "x"}, {"from_node": "A Number.003", "from_socket": "Int", "to_node": "Scalar Math.001", "to_socket": "x"}, {"from_node": "Delete Loose", "from_socket": "Vertices", "to_node": "Scripted Node Lite", "to_socket": "in_verts"}, {"from_node": "Delete Loose", "from_socket": "PolyEdge", "to_node": "Scripted Node Lite", "to_socket": "in_edges"}, {"from_node": "Objects in Lite", "from_socket": "Vertices", "to_node": "Scripted Node Lite.001", "to_socket": "in_verts"}, {"from_node": "Objects in Lite", "from_socket": "Edges", "to_node": "Scripted Node Lite.001", "to_socket": "in_edges"}, {"from_node": "Polyline", "from_socket": "Curve", "to_node": "Split Curve", "to_socket": "Curve"}, {"from_node": "List Mask Join (In)", "from_socket": "Data_001", "to_node": "Stethoscope MK2.001", "to_socket": "Data"}, {"from_node": "List Mask Join (In)", "from_socket": "Data_001", "to_node": "Surface from Curves", "to_socket": "Curves"}, {"from_node": "Vector in", "from_socket": "Vectors", "to_node": "UV Connection", "to_socket": "vertices"}, {"from_node": "Scripted Node Lite", "from_socket": "vout", "to_node": "UV Connection", "to_socket": "vertices 1"}, {"from_node": "Vector in", "from_socket": "Vectors", "to_node": "UV Connection.001", "to_socket": "vertices"}, {"from_node": "Vector out", "from_socket": "X", "to_node": "Vector in", "to_socket": "X"}, {"from_node": "Vector out", "from_socket": "Y", "to_node": "Vector in", "to_socket": "Y"}, {"from_node": "A Number.001", "from_socket": "Float", "to_node": "Vector in", "to_socket": "Z"}, {"from_node": "Number Range", "from_socket": "Range", "to_node": "Vector in.002", "to_socket": "X"}, {"from_node": "Scripted Node Lite", "from_socket": "vout", "to_node": "Vector out", "to_socket": "Vectors"}, {"from_node": "UV Connection", "from_socket": "vertices", "to_node": "Viewer Draw Mk3", "to_socket": "Vertices"}, {"from_node": "UV Connection", "from_socket": "data", "to_node": "Viewer Draw Mk3", "to_socket": "Polygons"}, {"from_node": "Move", "from_socket": "Vertices", "to_node": "Viewer Draw Mk3.001", "to_socket": "Vertices"}, {"from_node": "Reroute", "from_socket": "Output", "to_node": "Viewer Draw Mk3.001", "to_socket": "Polygons"}, {"from_node": "UV Connection.001", "from_socket": "vertices", "to_node": "Viewer Draw Mk3.002", "to_socket": "Vertices"}, {"from_node": "UV Connection.001", "from_socket": "data", "to_node": "Viewer Draw Mk3.002", "to_socket": "Polygons"}, {"from_node": "Merge by Distance", "from_socket": "Vertices", "to_node": "Viewer Draw Mk3.003", "to_socket": "Vertices"}, {"from_node": "Merge by Distance", "from_socket": "Polygons", "to_node": "Viewer Draw Mk3.003", "to_socket": "Polygons"}, {"from_node": "Evaluate Curve", "from_socket": "Vertices", "to_node": "Viewer Draw Mk3.004", "to_socket": "Vertices"}, {"from_node": "Evaluate Curve", "from_socket": "Edges", "to_node": "Viewer Draw Mk3.004", "to_socket": "Edges"}, {"from_node": "Evaluate Surface", "from_socket": "Vertices", "to_node": "Viewer Draw Mk3.005", "to_socket": "Vertices"}, {"from_node": "Evaluate Surface", "from_socket": "Edges", "to_node": "Viewer Draw Mk3.005", "to_socket": "Edges"}, {"from_node": "Evaluate Surface", "from_socket": "Faces", "to_node": "Viewer Draw Mk3.005", "to_socket": "Polygons"}, {"from_node": "Matrix Deform", "from_socket": "Matrix", "to_node": "Viewer Draw Mk3.006", "to_socket": "Matrix"}, {"from_node": "Bisect", "from_socket": "vertices", "to_node": "Viewer Draw Mk3.007", "to_socket": "Vertices"}, {"from_node": "Bisect", "from_socket": "edges", "to_node": "Viewer Draw Mk3.007", "to_socket": "Edges"}, {"from_node": "Bisect", "from_socket": "polygons", "to_node": "Viewer Draw Mk3.007", "to_socket": "Polygons"}, {"from_node": "Matrix Apply", "from_socket": "Vertices", "to_node": "Viewer Draw Mk3.008", "to_socket": "Vertices"}, {"from_node": "Matrix Apply", "from_socket": "Edges", "to_node": "Viewer Draw Mk3.008", "to_socket": "Edges"}, {"from_node": "Matrix Apply", "from_socket": "Faces", "to_node": "Viewer Draw Mk3.008", "to_socket": "Polygons"}, {"from_node": "Move.001", "from_socket": "Vertices", "to_node": "Viewer Draw Mk3.008", "to_socket": "Matrix"}, {"from_node": "Scripted Node Lite", "from_socket": "vout", "to_node": "Viewer Draw Mk3.009", "to_socket": "Vertices"}, {"from_node": "Scripted Node Lite", "from_socket": "eout", "to_node": "Viewer Draw Mk3.009", "to_socket": "Edges"}, {"from_node": "Move.001", "from_socket": "Vertices", "to_node": "Viewer Index+.001", "to_socket": "verts"}, {"from_node": "Number Range.001", "from_socket": "Range", "to_node": "Viewer Index+.001", "to_socket": "text"}, {"from_node": "Scalar Field Math", "from_socket": "FieldC", "to_node": "List Decompose", "to_socket": "data"}, {"from_node": "Reroute.003", "from_socket": "Output", "to_node": "List Mask Join (In)", "to_socket": "Mask"}, {"from_node": "Flip Curve", "from_socket": "Curve", "to_node": "List Mask Join (In)", "to_socket": "Data True"}, {"from_node": "List Mask (out)", "from_socket": "dataTrue_001", "to_node": "List Mask Join (In)", "to_socket": "Data False"}, {"from_node": "List First & Last", "from_socket": "Middl_001", "to_node": "Viewer Index+", "to_socket": "verts"}, {"from_node": "List Split", "from_socket": "Split", "to_node": "Viewer Index+", "to_socket": "text"}, {"from_node": "List Input", "from_socket": "data_output", "to_node": "Reroute.003", "to_socket": "Input"}]}}