{
  "export_version": "1.0",
  "main_tree": {
    "nodes": {
      "Frame": {
        "attributes": {
          "location": [
            414.88983154296875,
            280.7985534667969
          ],
          "height": 594.0,
          "width": 1137.0
        },
        "bl_idname": "NodeFrame"
      },
      "Frame.002": {
        "attributes": {
          "location": [
            822.6964111328125,
            680.6246337890625
          ],
          "height": 631.0,
          "width": 1149.0
        },
        "bl_idname": "NodeFrame"
      },
      "Frame.001": {
        "attributes": {
          "location": [
            822.6964111328125,
            680.6246337890625
          ],
          "height": 234.0,
          "width": 569.0,
          "parent": {
            "type": "NODE",
            "value": "Frame.002"
          }
        },
        "bl_idname": "NodeFrame"
      },
      "Frame.003": {
        "attributes": {
          "location": [
            718.9549560546875,
            577.9109497070312
          ],
          "height": 332.0,
          "width": 204.0
        },
        "bl_idname": "NodeFrame"
      },
      "Frame.004": {
        "attributes": {
          "location": [
            682.9677124023438,
            305.2475891113281
          ],
          "height": 720.0,
          "width": 795.9999389648438
        },
        "bl_idname": "NodeFrame"
      },
      "Frame.005": {
        "attributes": {
          "location": [
            -418.2127990722656,
            -188.07749938964844
          ],
          "height": 833.0,
          "width": 1201.08837890625
        },
        "bl_idname": "NodeFrame"
      },
      "A Number": {
        "attributes": {
          "location": [
            635.1006469726562,
            537.7420043945312
          ],
          "parent": {
            "type": "NODE",
            "value": "Frame.002"
          }
        },
        "properties": {
          "float_max": 5.0,
          "float_min": -5.0,
          "show_limits": true
        },
        "inputs": {
          "Float": {
            "bl_idname": "SvStringsSocket",
            "name": "Float",
            "properties": {
              "prop_name": "float_"
            }
          }
        },
        "outputs": {
          "Float": {
            "bl_idname": "SvStringsSocket",
            "name": "Float",
            "properties": {
              "custom_draw": "mode_custom_draw"
            }
          }
        },
        "bl_idname": "SvNumberNode"
      },
      "A Number.001": {
        "attributes": {
          "location": [
            635.1006469726562,
            407.1652526855469
          ],
          "label": "b",
          "parent": {
            "type": "NODE",
            "value": "Frame.002"
          }
        },
        "properties": {
          "float_max": 1.0,
          "float_min": -2.0,
          "show_limits": true
        },
        "inputs": {
          "Float": {
            "bl_idname": "SvStringsSocket",
            "name": "Float",
            "properties": {
              "prop_name": "float_"
            }
          }
        },
        "outputs": {
          "Float": {
            "bl_idname": "SvStringsSocket",
            "name": "Float",
            "properties": {
              "custom_draw": "mode_custom_draw"
            }
          }
        },
        "bl_idname": "SvNumberNode"
      },
      "A Number.002": {
        "attributes": {
          "location": [
            -708.79541015625,
            178.85382080078125
          ],
          "parent": {
            "type": "NODE",
            "value": "Frame.003"
          }
        },
        "properties": {
          "int_": 100,
          "selected_mode": "int"
        },
        "inputs": {
          "Int": {
            "bl_idname": "SvStringsSocket",
            "name": "Int",
            "properties": {
              "prop_name": "int_"
            }
          }
        },
        "outputs": {
          "Int": {
            "bl_idname": "SvStringsSocket",
            "name": "Int",
            "properties": {
              "custom_draw": "mode_custom_draw"
            }
          }
        },
        "bl_idname": "SvNumberNode"
      },
      "A Number.003": {
        "attributes": {
          "location": [
            635.1006469726562,
            291.2461853027344
          ],
          "label": "c",
          "parent": {
            "type": "NODE",
            "value": "Frame.002"
          }
        },
        "properties": {
          "float_max": 1.0,
          "float_min": -2.0,
          "show_limits": true
        },
        "inputs": {
          "Float": {
            "bl_idname": "SvStringsSocket",
            "name": "Float",
            "properties": {
              "prop_name": "float_"
            }
          }
        },
        "outputs": {
          "Float": {
            "bl_idname": "SvStringsSocket",
            "name": "Float",
            "properties": {
              "custom_draw": "mode_custom_draw"
            }
          }
        },
        "bl_idname": "SvNumberNode"
      },
      "A Number.004": {
        "attributes": {
          "location": [
            635.1006469726562,
            160.9677734375
          ],
          "label": "d",
          "parent": {
            "type": "NODE",
            "value": "Frame.002"
          }
        },
        "properties": {
          "float_max": 2.0,
          "float_min": -2.0,
          "show_limits": true
        },
        "inputs": {
          "Float": {
            "bl_idname": "SvStringsSocket",
            "name": "Float",
            "properties": {
              "prop_name": "float_"
            }
          }
        },
        "outputs": {
          "Float": {
            "bl_idname": "SvStringsSocket",
            "name": "Float",
            "properties": {
              "custom_draw": "mode_custom_draw"
            }
          }
        },
        "bl_idname": "SvNumberNode"
      },
      "A Number.005": {
        "attributes": {
          "location": [
            -712.8272705078125,
            272.64361572265625
          ],
          "label": "stop",
          "parent": {
            "type": "NODE",
            "value": "Frame.003"
          }
        },
        "properties": {
          "float_": 6.2831854820251465,
          "int_": 8,
          "int_max": 10,
          "int_min": 1,
          "selected_mode": "int"
        },
        "inputs": {
          "Int": {
            "bl_idname": "SvStringsSocket",
            "name": "Int",
            "properties": {
              "prop_name": "int_"
            }
          }
        },
        "outputs": {
          "Int": {
            "bl_idname": "SvStringsSocket",
            "name": "Int",
            "properties": {
              "custom_draw": "mode_custom_draw"
            }
          }
        },
        "bl_idname": "SvNumberNode"
      },
      "A Number.006": {
        "attributes": {
          "location": [
            -709.9915771484375,
            85.75244140625
          ],
          "label": "f",
          "parent": {
            "type": "NODE",
            "value": "Frame.003"
          }
        },
        "properties": {
          "float_": 4.0
        },
        "inputs": {
          "Float": {
            "bl_idname": "SvStringsSocket",
            "name": "Float",
            "properties": {
              "prop_name": "float_"
            }
          }
        },
        "outputs": {
          "Float": {
            "bl_idname": "SvStringsSocket",
            "name": "Float",
            "properties": {
              "custom_draw": "mode_custom_draw"
            }
          }
        },
        "bl_idname": "SvNumberNode"
      },
      "Calculate Mask": {
        "attributes": {
          "location": [
            3138.9363708496094,
            147.66038513183594
          ],
          "parent": {
            "type": "NODE",
            "value": "Frame.005"
          }
        },
        "inputs": {
          "Subset": {
            "bl_idname": "SvStringsSocket",
            "name": "Subset"
          },
          "Set": {
            "bl_idname": "SvStringsSocket",
            "name": "Set"
          }
        },
        "outputs": {
          "Mask": {
            "bl_idname": "SvStringsSocket",
            "name": "Mask"
          }
        },
        "bl_idname": "SvCalcMaskNode"
      },
      "Circle": {
        "attributes": {
          "location": [
            1155.458740234375,
            641.2557373046875
          ],
          "color": [
            0.9200000166893005,
            0.9200000166893005,
            0.9200000166893005
          ],
          "use_custom_color": true,
          "parent": {
            "type": "NODE",
            "value": "Frame.004"
          }
        },
        "properties": {
          "rad_": 50.0
        },
        "inputs": {
          "Radius": {
            "bl_idname": "SvStringsSocket",
            "name": "Radius",
            "properties": {
              "prop_name": "rad_"
            }
          },
          "num Verts": {
            "bl_idname": "SvStringsSocket",
            "name": "num Verts",
            "properties": {
              "prop_name": "vert_"
            }
          },
          "Degrees": {
            "bl_idname": "SvStringsSocket",
            "name": "Degrees",
            "properties": {
              "prop_name": "degr_"
            }
          }
        },
        "outputs": {
          "Vertices": {
            "bl_idname": "SvVerticesSocket",
            "name": "Vertices"
          },
          "Edges": {
            "bl_idname": "SvStringsSocket",
            "name": "Edges"
          },
          "Polygons": {
            "bl_idname": "SvStringsSocket",
            "name": "Polygons"
          }
        },
        "bl_idname": "SvCircleNode"
      },
      "Component Analyzer": {
        "attributes": {
          "location": [
            2266.3912963867188,
            651.7540283203125
          ],
          "parent": {
            "type": "NODE",
            "value": "Frame"
          }
        },
        "properties": {
          "face_mode": "Area"
        },
        "inputs": {
          "Vertices": {
            "bl_idname": "SvVerticesSocket",
            "name": "Vertices",
            "properties": {
              "is_mandatory": true
            }
          },
          "Edges": {
            "bl_idname": "SvStringsSocket",
            "name": "Edges",
            "attributes": {
              "hide": true
            },
            "properties": {
              "nesting_level": 3
            }
          },
          "Faces": {
            "bl_idname": "SvStringsSocket",
            "name": "Faces",
            "properties": {
              "is_mandatory": true,
              "nesting_level": 3
            }
          }
        },
        "outputs": {
          "Area": {
            "bl_idname": "SvStringsSocket",
            "name": "Area"
          },
          "Faces": {
            "bl_idname": "SvVerticesSocket",
            "name": "Faces",
            "attributes": {
              "hide": true
            }
          },
          "Mask": {
            "bl_idname": "SvVerticesSocket",
            "name": "Mask",
            "attributes": {
              "hide": true
            }
          }
        },
        "bl_idname": "SvComponentAnalyzerNode"
      },
      "Exec Node Mod.002": {
        "attributes": {
          "location": [
            3871.7559509277344,
            335.2248077392578
          ],
          "width": 408.0882568359375,
          "parent": {
            "type": "NODE",
            "value": "Frame.005"
          }
        },
        "properties": {
          "dynamic_strings": [
            {
              "line": "for i in V1:"
            },
            {
              "line": "    if not ('EdgeSplit' in i.modifiers):"
            },
            {
              "line": "        i.modifiers.new('EdgeSplit','EDGE_SPLIT')"
            }
          ]
        },
        "inputs": {
          "V1": {
            "bl_idname": "SvStringsSocket",
            "name": "V1"
          },
          "V2": {
            "bl_idname": "SvStringsSocket",
            "name": "V2"
          },
          "V3": {
            "bl_idname": "SvStringsSocket",
            "name": "V3"
          }
        },
        "outputs": {
          "out": {
            "bl_idname": "SvStringsSocket",
            "name": "out"
          }
        },
        "bl_idname": "SvExecNodeMod"
      },
      "Inset Special.001": {
        "attributes": {
          "location": [
            2789.3944702148438,
            510.554931640625
          ],
          "parent": {
            "type": "NODE",
            "value": "Frame"
          }
        },
        "properties": {
          "inset": 0.800000011920929
        },
        "inputs": {
          "Vertices": {
            "bl_idname": "SvVerticesSocket",
            "name": "Vertices",
            "properties": {
              "is_mandatory": true
            }
          },
          "Polygons": {
            "bl_idname": "SvStringsSocket",
            "name": "Polygons",
            "properties": {
              "is_mandatory": true,
              "nesting_level": 3
            }
          },
          "Inset": {
            "bl_idname": "SvStringsSocket",
            "name": "Inset",
            "properties": {
              "prop_name": "inset"
            }
          },
          "Distance": {
            "bl_idname": "SvStringsSocket",
            "name": "Distance",
            "properties": {
              "prop_name": "distance"
            }
          },
          "Ignore": {
            "bl_idname": "SvStringsSocket",
            "name": "Ignore",
            "properties": {
              "prop_name": "ignore"
            }
          },
          "Make Inner": {
            "bl_idname": "SvStringsSocket",
            "name": "Make Inner",
            "properties": {
              "prop_name": "make_inner"
            }
          },
          "Custom normal": {
            "bl_idname": "SvVerticesSocket",
            "name": "Custom normal"
          },
          "Offset Matrix": {
            "bl_idname": "SvMatrixSocket",
            "name": "Offset Matrix",
            "attributes": {
              "hide": true
            },
            "properties": {
              "nesting_level": 2,
              "default_mode": "MATRIX"
            }
          }
        },
        "outputs": {
          "Vertices": {
            "bl_idname": "SvVerticesSocket",
            "name": "Vertices"
          },
          "Polygons": {
            "bl_idname": "SvStringsSocket",
            "name": "Polygons"
          },
          "Ignored": {
            "bl_idname": "SvStringsSocket",
            "name": "Ignored"
          },
          "Inset": {
            "bl_idname": "SvStringsSocket",
            "name": "Inset"
          },
          "Original verts idx": {
            "bl_idname": "SvStringsSocket",
            "name": "Original verts idx"
          },
          "Original face idx": {
            "bl_idname": "SvStringsSocket",
            "name": "Original face idx"
          },
          "Pols group": {
            "bl_idname": "SvStringsSocket",
            "name": "Pols group"
          },
          "New verts mask": {
            "bl_idname": "SvStringsSocket",
            "name": "New verts mask"
          }
        },
        "bl_idname": "SvInsetSpecialMk2"
      },
      "List Mask (out)": {
        "attributes": {
          "location": [
            3332.0726013183594,
            148.83241271972656
          ],
          "parent": {
            "type": "NODE",
            "value": "Frame.005"
          }
        },
        "properties": {
          "Level": 2
        },
        "inputs": {
          "data": {
            "bl_idname": "SvStringsSocket",
            "name": "data"
          },
          "mask": {
            "bl_idname": "SvStringsSocket",
            "name": "mask"
          }
        },
        "outputs": {
          "mask": {
            "bl_idname": "SvStringsSocket",
            "name": "mask"
          },
          "ind_true": {
            "bl_idname": "SvStringsSocket",
            "name": "ind_true"
          },
          "ind_false": {
            "bl_idname": "SvStringsSocket",
            "name": "ind_false"
          },
          "dataTrue": {
            "bl_idname": "SvStringsSocket",
            "name": "dataTrue"
          },
          "dataFalse": {
            "bl_idname": "SvStringsSocket",
            "name": "dataFalse"
          }
        },
        "bl_idname": "MaskListNode"
      },
      "Matrix Apply (verts)": {
        "attributes": {
          "location": [
            1852.0497436523438,
            580.0905151367188
          ],
          "parent": {
            "type": "NODE",
            "value": "Frame"
          }
        },
        "inputs": {
          "Vectors": {
            "bl_idname": "SvVerticesSocket",
            "name": "Vectors"
          },
          "Matrixes": {
            "bl_idname": "SvMatrixSocket",
            "name": "Matrixes"
          }
        },
        "outputs": {
          "Vectors": {
            "bl_idname": "SvVerticesSocket",
            "name": "Vectors"
          }
        },
        "bl_idname": "MatrixApplyNode"
      },
      "Matrix In": {
        "attributes": {
          "location": [
            3481.6656188964844,
            353.4037628173828
          ],
          "label": "Matrix",
          "parent": {
            "type": "NODE",
            "value": "Frame.005"
          }
        },
        "properties": {
          "angle": -22.5
        },
        "inputs": {
          "Location": {
            "bl_idname": "SvVerticesSocket",
            "name": "Location",
            "properties": {
              "prop_name": "location_"
            }
          },
          "Scale": {
            "bl_idname": "SvVerticesSocket",
            "name": "Scale",
            "properties": {
              "prop_name": "scale"
            }
          },
          "Quaternion": {
            "bl_idname": "SvQuaternionSocket",
            "name": "Quaternion",
            "attributes": {
              "hide": true
            },
            "properties": {
              "prop_name": "quaternion"
            }
          },
          "Angle X": {
            "bl_idname": "SvStringsSocket",
            "name": "Angle X",
            "attributes": {
              "hide": true
            },
            "properties": {
              "prop_name": "angle_x"
            }
          },
          "Angle Y": {
            "bl_idname": "SvStringsSocket",
            "name": "Angle Y",
            "attributes": {
              "hide": true
            },
            "properties": {
              "prop_name": "angle_y"
            }
          },
          "Angle Z": {
            "bl_idname": "SvStringsSocket",
            "name": "Angle Z",
            "attributes": {
              "hide": true
            },
            "properties": {
              "prop_name": "angle_z"
            }
          },
          "Axis": {
            "bl_idname": "SvVerticesSocket",
            "name": "Axis",
            "properties": {
              "prop_name": "axis"
            }
          },
          "Angle": {
            "bl_idname": "SvStringsSocket",
            "name": "Angle",
            "properties": {
              "prop_name": "angle"
            }
          }
        },
        "outputs": {
          "Matrices": {
            "bl_idname": "SvMatrixSocket",
            "name": "Matrices"
          }
        },
        "bl_idname": "SvMatrixInNodeMK4"
      },
      "Matrix Track To": {
        "attributes": {
          "location": [
            1350.0777587890625,
            641.2557373046875
          ],
          "parent": {
            "type": "NODE",
            "value": "Frame.004"
          }
        },
        "properties": {
          "tu_mapping": "-A_B",
          "vA": [
            0.0,
            0.0,
            1.0
          ],
          "vB": [
            0.0,
            0.0,
            1.0
          ]
        },
        "inputs": {
          "Location": {
            "bl_idname": "SvVerticesSocket",
            "name": "Location",
            "properties": {
              "prop_name": "origin"
            }
          },
          "Scale": {
            "bl_idname": "SvVerticesSocket",
            "name": "Scale",
            "properties": {
              "prop_name": "scale"
            }
          },
          "A": {
            "bl_idname": "SvVerticesSocket",
            "name": "A",
            "properties": {
              "prop_name": "vA",
              "expanded": true
            }
          },
          "B": {
            "bl_idname": "SvVerticesSocket",
            "name": "B",
            "properties": {
              "prop_name": "vB",
              "expanded": true
            }
          }
        },
        "outputs": {
          "Matrix": {
            "bl_idname": "SvMatrixSocket",
            "name": "Matrix"
          },
          "X": {
            "bl_idname": "SvVerticesSocket",
            "name": "X"
          },
          "Y": {
            "bl_idname": "SvVerticesSocket",
            "name": "Y"
          },
          "Z": {
            "bl_idname": "SvVerticesSocket",
            "name": "Z"
          }
        },
        "bl_idname": "SvMatrixTrackToNode"
      },
      "Mesh viewer": {
        "attributes": {
          "location": [
            3694.9996032714844,
            330.6203155517578
          ],
          "color": [
            0.6284880042076111,
            0.931007981300354,
            1.0
          ],
          "use_custom_color": true,
          "parent": {
            "type": "NODE",
            "value": "Frame.005"
          }
        },
        "properties": {
          "is_smooth_mesh": true
        },
        "inputs": {
          "vertices": {
            "bl_idname": "SvVerticesSocket",
            "name": "vertices"
          },
          "edges": {
            "bl_idname": "SvStringsSocket",
            "name": "edges",
            "properties": {
              "custom_draw": "draw_edges_props"
            }
          },
          "faces": {
            "bl_idname": "SvStringsSocket",
            "name": "faces"
          },
          "material_idx": {
            "bl_idname": "SvStringsSocket",
            "name": "material_idx"
          },
          "matrix": {
            "bl_idname": "SvMatrixSocket",
            "name": "matrix",
            "properties": {
              "custom_draw": "draw_matrix_props"
            }
          }
        },
        "outputs": {
          "Objects": {
            "bl_idname": "SvObjectSocket",
            "name": "Objects"
          }
        },
        "bl_idname": "SvMeshViewer"
      },
      "Mesh viewer.001": {
        "attributes": {
          "location": [
            3694.9996032714844,
            686.3032989501953
          ],
          "color": [
            0.6284880042076111,
            0.931007981300354,
            1.0
          ],
          "use_custom_color": true,
          "parent": {
            "type": "NODE",
            "value": "Frame.005"
          }
        },
        "properties": {
          "base_data_name": "Beta"
        },
        "inputs": {
          "vertices": {
            "bl_idname": "SvVerticesSocket",
            "name": "vertices"
          },
          "edges": {
            "bl_idname": "SvStringsSocket",
            "name": "edges",
            "properties": {
              "custom_draw": "draw_edges_props"
            }
          },
          "faces": {
            "bl_idname": "SvStringsSocket",
            "name": "faces"
          },
          "material_idx": {
            "bl_idname": "SvStringsSocket",
            "name": "material_idx"
          },
          "matrix": {
            "bl_idname": "SvMatrixSocket",
            "name": "matrix",
            "properties": {
              "custom_draw": "draw_matrix_props"
            }
          }
        },
        "outputs": {
          "Objects": {
            "bl_idname": "SvObjectSocket",
            "name": "Objects"
          }
        },
        "bl_idname": "SvMeshViewer"
      },
      "Note": {
        "attributes": {
          "location": [
            -811.765625,
            508.6253967285156
          ],
          "width": 400.0,
          "color": [
            1.0,
            0.8993440270423889,
            0.9742509722709656
          ],
          "use_custom_color": true
        },
        "properties": {
          "n_id": "-9035355129213349951",
          "text": "nikitron 2020 | coliseum"
        },
        "inputs": {
          "Text In": {
            "bl_idname": "SvStringsSocket",
            "name": "Text In"
          }
        },
        "outputs": {
          "Text Out": {
            "bl_idname": "SvStringsSocket",
            "name": "Text Out"
          }
        },
        "bl_idname": "NoteNode"
      },
      "Number Range": {
        "attributes": {
          "location": [
            -92.4332275390625,
            309.2630310058594
          ],
          "parent": {
            "type": "NODE",
            "value": "Frame.001"
          }
        },
        "properties": {
          "current_mode": "RANGE_COUNT",
          "range_mode": "RANGE_COUNT",
          "stop_float": 6.2831854820251465
        },
        "inputs": {
          "Start": {
            "bl_idname": "SvStringsSocket",
            "name": "Start",
            "properties": {
              "prop_name": "start_float"
            }
          },
          "Step": {
            "bl_idname": "SvStringsSocket",
            "name": "Step",
            "properties": {
              "prop_name": "stop_float",
              "label": "stop"
            }
          },
          "Stop": {
            "bl_idname": "SvStringsSocket",
            "name": "Stop",
            "properties": {
              "prop_name": "count_",
              "label": "count"
            }
          }
        },
        "outputs": {
          "Range": {
            "bl_idname": "SvStringsSocket",
            "name": "Range"
          }
        },
        "bl_idname": "SvGenNumberRange"
      },
      "Profile Parametric Mk3": {
        "attributes": {
          "location": [
            1350.0777587890625,
            312.36492919921875
          ],
          "parent": {
            "type": "NODE",
            "value": "Frame.004"
          }
        },
        "properties": {
          "addnodes": true,
          "filename": "Profile Parametric Mk3",
          "precision": 2,
          "y": false
        },
        "advanced_properties": {
          "profile": "# Here is autogenerated values, \n# Please, rename text to avoid data loose.\n# Objects are: \n# \"'BezierCurve\".\n# Object origin should be at 0,0,0. \n# Property panel has precision 2 \n# and curve subdivision 20.\n\n# Spline 0\n\nM {-12.0+a},{0.0} \n#L.1...\nL {-12.0+a},{3.0} {-12.0+a},{3.25} {-11.0+a+b},{3.25} {-11.0+a+b},{5.75} {-12.0+a},{5.75} {-12.0+a},{6.0} {-12.0+a},{6.25} {-11.0+a+c},{6.25} {-11.0+a+c},{8.75} {-12.0+a},{8.75} {-12.0+a},{9.0} {-12.0+a},{12.0+d} {-11.6+a},{12.0+d} {-11.6+a},{11.5+d} {-8.0+a},{12.5+d} {-4.4+a},{11.5+d} {-4.4+a},{12.0+d} {-4.0+a},{12.0+d} {-4.0+a},{0.1} {4.0},{0.1} {4.0},{12.0+f} {4.4},{12.0+f} {4.4},{11.5+f} {8.0},{12.5+f} {11.6},{11.5+f} {11.6},{12.0+f} {12.0},{12.0+f} 12.0,9.0 13.0,9.0 13.0,6.0 14.0,6.0 14.0,3.0 15.0,3.0 15.0,0.0 # expression (#+a) added because \n# you selected knots in curve"
        },
        "inputs": {
          "a": {
            "bl_idname": "SvStringsSocket",
            "name": "a"
          },
          "b": {
            "bl_idname": "SvStringsSocket",
            "name": "b"
          },
          "c": {
            "bl_idname": "SvStringsSocket",
            "name": "c"
          },
          "d": {
            "bl_idname": "SvStringsSocket",
            "name": "d"
          },
          "f": {
            "bl_idname": "SvStringsSocket",
            "name": "f"
          }
        },
        "outputs": {
          "Vertices": {
            "bl_idname": "SvVerticesSocket",
            "name": "Vertices"
          },
          "Edges": {
            "bl_idname": "SvStringsSocket",
            "name": "Edges"
          },
          "Knots": {
            "bl_idname": "SvVerticesSocket",
            "name": "Knots"
          },
          "KnotNames": {
            "bl_idname": "SvStringsSocket",
            "name": "KnotNames"
          },
          "Curve": {
            "bl_idname": "SvCurveSocket",
            "name": "Curve"
          }
        },
        "bl_idname": "SvProfileNodeMK3"
      },
      "Scalar Math": {
        "attributes": {
          "location": [
            -284.3162841796875,
            308.1435546875
          ],
          "parent": {
            "type": "NODE",
            "value": "Frame.001"
          }
        },
        "properties": {
          "y_": 3.1415927410125732
        },
        "inputs": {
          "x": {
            "bl_idname": "SvStringsSocket",
            "name": "x",
            "properties": {
              "prop_name": "x_"
            }
          },
          "y": {
            "bl_idname": "SvStringsSocket",
            "name": "y",
            "properties": {
              "prop_name": "y_"
            }
          }
        },
        "outputs": {
          "Out": {
            "bl_idname": "SvStringsSocket",
            "name": "Out"
          }
        },
        "bl_idname": "SvScalarMathNodeMK4"
      },
      "Scalar Math.001": {
        "attributes": {
          "location": [
            85.10064697265625,
            308.0911865234375
          ],
          "parent": {
            "type": "NODE",
            "value": "Frame.001"
          }
        },
        "properties": {
          "current_op": "SINCOS",
          "y_": 3.1415927410125732
        },
        "inputs": {
          "x": {
            "bl_idname": "SvStringsSocket",
            "name": "x",
            "properties": {
              "prop_name": "x_"
            }
          }
        },
        "outputs": {
          "sin( x )": {
            "bl_idname": "SvStringsSocket",
            "name": "sin( x )"
          },
          "cos( x )": {
            "bl_idname": "SvStringsSocket",
            "name": "cos( x )"
          }
        },
        "bl_idname": "SvScalarMathNodeMK4"
      },
      "Scalar Math.002": {
        "attributes": {
          "location": [
            449.7464294433594,
            94.29962158203125
          ],
          "parent": {
            "type": "NODE",
            "value": "Frame.002"
          }
        },
        "properties": {
          "y_": 2.0
        },
        "inputs": {
          "x": {
            "bl_idname": "SvStringsSocket",
            "name": "x",
            "properties": {
              "prop_name": "x_"
            }
          },
          "y": {
            "bl_idname": "SvStringsSocket",
            "name": "y",
            "properties": {
              "prop_name": "y_"
            }
          }
        },
        "outputs": {
          "Out": {
            "bl_idname": "SvStringsSocket",
            "name": "Out"
          }
        },
        "bl_idname": "SvScalarMathNodeMK4"
      },
      "Scalar Math.003": {
        "attributes": {
          "location": [
            449.7464294433594,
            525.4894409179688
          ],
          "parent": {
            "type": "NODE",
            "value": "Frame.002"
          }
        },
        "properties": {
          "y_": 5.0
        },
        "inputs": {
          "x": {
            "bl_idname": "SvStringsSocket",
            "name": "x",
            "properties": {
              "prop_name": "x_"
            }
          },
          "y": {
            "bl_idname": "SvStringsSocket",
            "name": "y",
            "properties": {
              "prop_name": "y_"
            }
          }
        },
        "outputs": {
          "Out": {
            "bl_idname": "SvStringsSocket",
            "name": "Out"
          }
        },
        "bl_idname": "SvScalarMathNodeMK4"
      },
      "Scalar Math.004": {
        "attributes": {
          "location": [
            969.4014282226562,
            641.2557373046875
          ],
          "parent": {
            "type": "NODE",
            "value": "Frame.004"
          }
        },
        "properties": {
          "current_op": "-1",
          "input_mode_one": "Int",
          "y_": 2.0,
          "yi_": 0
        },
        "inputs": {
          "x": {
            "bl_idname": "SvStringsSocket",
            "name": "x",
            "properties": {
              "prop_name": "xi_"
            }
          }
        },
        "outputs": {
          "Out": {
            "bl_idname": "SvStringsSocket",
            "name": "Out"
          }
        },
        "bl_idname": "SvScalarMathNodeMK4"
      },
      "Scalar Math.005": {
        "attributes": {
          "location": [
            449.7464294433594,
            383.7632751464844
          ],
          "parent": {
            "type": "NODE",
            "value": "Frame.002"
          }
        },
        "properties": {
          "current_op": "ADD",
          "y_": -1.0
        },
        "inputs": {
          "x": {
            "bl_idname": "SvStringsSocket",
            "name": "x",
            "properties": {
              "prop_name": "x_"
            }
          },
          "y": {
            "bl_idname": "SvStringsSocket",
            "name": "y",
            "properties": {
              "prop_name": "y_"
            }
          }
        },
        "outputs": {
          "Out": {
            "bl_idname": "SvStringsSocket",
            "name": "Out"
          }
        },
        "bl_idname": "SvScalarMathNodeMK4"
      },
      "Scalar Math.006": {
        "attributes": {
          "location": [
            449.7464294433594,
            239.71963500976562
          ],
          "parent": {
            "type": "NODE",
            "value": "Frame.002"
          }
        },
        "properties": {
          "current_op": "ADD",
          "y_": -1.0
        },
        "inputs": {
          "x": {
            "bl_idname": "SvStringsSocket",
            "name": "x",
            "properties": {
              "prop_name": "x_"
            }
          },
          "y": {
            "bl_idname": "SvStringsSocket",
            "name": "y",
            "properties": {
              "prop_name": "y_"
            }
          }
        },
        "outputs": {
          "Out": {
            "bl_idname": "SvStringsSocket",
            "name": "Out"
          }
        },
        "bl_idname": "SvScalarMathNodeMK4"
      },
      "Select mesh elements by location": {
        "attributes": {
          "location": [
            2263.5956420898438,
            442.1592102050781
          ],
          "parent": {
            "type": "NODE",
            "value": "Frame"
          }
        },
        "properties": {
          "percent": 49.70000076293945
        },
        "inputs": {
          "Vertices": {
            "bl_idname": "SvVerticesSocket",
            "name": "Vertices",
            "properties": {
              "is_mandatory": true
            }
          },
          "Edges": {
            "bl_idname": "SvStringsSocket",
            "name": "Edges",
            "properties": {
              "nesting_level": 3
            }
          },
          "Polygons": {
            "bl_idname": "SvStringsSocket",
            "name": "Polygons",
            "properties": {
              "nesting_level": 3
            }
          },
          "Direction": {
            "bl_idname": "SvVerticesSocket",
            "name": "Direction",
            "properties": {
              "use_prop": true,
              "prop": [
                0.0,
                0.0,
                1.0
              ]
            }
          },
          "Center": {
            "bl_idname": "SvVerticesSocket",
            "name": "Center",
            "attributes": {
              "hide": true
            },
            "properties": {
              "use_prop": true
            }
          },
          "Percent": {
            "bl_idname": "SvStringsSocket",
            "name": "Percent",
            "properties": {
              "prop_name": "percent"
            }
          },
          "Radius": {
            "bl_idname": "SvStringsSocket",
            "name": "Radius",
            "attributes": {
              "hide": true
            },
            "properties": {
              "prop_name": "radius"
            }
          }
        },
        "outputs": {
          "VerticesMask": {
            "bl_idname": "SvStringsSocket",
            "name": "VerticesMask"
          },
          "EdgesMask": {
            "bl_idname": "SvStringsSocket",
            "name": "EdgesMask"
          },
          "FacesMask": {
            "bl_idname": "SvStringsSocket",
            "name": "FacesMask"
          }
        },
        "bl_idname": "SvMeshSelectNodeMk2"
      },
      "Solidify.001": {
        "attributes": {
          "location": [
            3332.0726013183594,
            707.2828521728516
          ],
          "parent": {
            "type": "NODE",
            "value": "Frame.005"
          }
        },
        "properties": {
          "thickness": 0.19900000095367432
        },
        "inputs": {
          "Vertices": {
            "bl_idname": "SvVerticesSocket",
            "name": "Vertices"
          },
          "Edges": {
            "bl_idname": "SvStringsSocket",
            "name": "Edges"
          },
          "Polygons": {
            "bl_idname": "SvStringsSocket",
            "name": "Polygons"
          },
          "Thickness": {
            "bl_idname": "SvStringsSocket",
            "name": "Thickness",
            "properties": {
              "prop_name": "thickness"
            }
          },
          "Offset": {
            "bl_idname": "SvStringsSocket",
            "name": "Offset",
            "properties": {
              "prop_name": "offset"
            }
          }
        },
        "outputs": {
          "Vertices": {
            "bl_idname": "SvVerticesSocket",
            "name": "Vertices"
          },
          "Edges": {
            "bl_idname": "SvStringsSocket",
            "name": "Edges"
          },
          "Polygons": {
            "bl_idname": "SvStringsSocket",
            "name": "Polygons"
          },
          "New Pols": {
            "bl_idname": "SvStringsSocket",
            "name": "New Pols"
          },
          "Rim Pols": {
            "bl_idname": "SvStringsSocket",
            "name": "Rim Pols"
          },
          "Pols Group": {
            "bl_idname": "SvStringsSocket",
            "name": "Pols Group"
          },
          "New Verts Mask": {
            "bl_idname": "SvStringsSocket",
            "name": "New Verts Mask"
          }
        },
        "bl_idname": "SvSolidifyNodeMk2"
      },
      "UV Connection": {
        "attributes": {
          "location": [
            2030.2401733398438,
            592.4913330078125
          ],
          "parent": {
            "type": "NODE",
            "value": "Frame"
          }
        },
        "properties": {
          "cicl_check_U": true,
          "slice_check": false
        },
        "inputs": {
          "vertices": {
            "bl_idname": "SvVerticesSocket",
            "name": "vertices"
          },
          "vertices 1": {
            "bl_idname": "SvVerticesSocket",
            "name": "vertices 1"
          }
        },
        "outputs": {
          "vertices": {
            "bl_idname": "SvVerticesSocket",
            "name": "vertices"
          },
          "data": {
            "bl_idname": "SvStringsSocket",
            "name": "data"
          }
        },
        "bl_idname": "LineConnectNodeMK2"
      },
      "Viewer Index+": {
        "attributes": {
          "location": [
            1564.967041015625,
            280.6804504394531
          ],
          "color": [
            0.6284880042076111,
            0.931007981300354,
            1.0
          ],
          "use_custom_color": true,
          "parent": {
            "type": "NODE",
            "value": "Frame.004"
          }
        },
        "properties": {
          "activate": false,
          "draw_bg": true
        },
        "inputs": {
          "verts": {
            "bl_idname": "SvVerticesSocket",
            "name": "verts"
          },
          "edges": {
            "bl_idname": "SvStringsSocket",
            "name": "edges"
          },
          "faces": {
            "bl_idname": "SvStringsSocket",
            "name": "faces"
          },
          "matrix": {
            "bl_idname": "SvMatrixSocket",
            "name": "matrix"
          },
          "text": {
            "bl_idname": "SvStringsSocket",
            "name": "text"
          }
        },
        "bl_idname": "SvIDXViewer28"
      },
      "Logic functions.004": {
        "attributes": {
          "location": [
            2435.0656127929688,
            651.7540283203125
          ],
          "parent": {
            "type": "NODE",
            "value": "Frame"
          }
        },
        "properties": {
          "function_name": "BIG"
        },
        "inputs": {
          "A": {
            "bl_idname": "SvStringsSocket",
            "name": "A",
            "properties": {
              "use_prop": true,
              "show_property_type": true,
              "default_int_property": 1,
              "default_float_property": 1.0
            }
          },
          "B": {
            "bl_idname": "SvStringsSocket",
            "name": "B",
            "properties": {
              "use_prop": true,
              "show_property_type": true,
              "default_int_property": 1,
              "default_float_property": 8.869999885559082
            }
          }
        },
        "outputs": {
          "Result": {
            "bl_idname": "SvStringsSocket",
            "name": "Result"
          }
        },
        "bl_idname": "SvLogicNodeMK2"
      },
      "Logic functions.002": {
        "attributes": {
          "location": [
            2612.2433471679688,
            651.7540283203125
          ],
          "parent": {
            "type": "NODE",
            "value": "Frame"
          }
        },
        "inputs": {
          "A": {
            "bl_idname": "SvStringsSocket",
            "name": "A",
            "properties": {
              "use_prop": true,
              "show_property_type": true,
              "default_property_type": "int",
              "default_int_property": 1,
              "default_float_property": 1.0
            }
          },
          "B": {
            "bl_idname": "SvStringsSocket",
            "name": "B",
            "properties": {
              "use_prop": true,
              "show_property_type": true,
              "default_property_type": "int",
              "default_int_property": 1,
              "default_float_property": 1.0
            }
          }
        },
        "outputs": {
          "Result": {
            "bl_idname": "SvStringsSocket",
            "name": "Result"
          }
        },
        "bl_idname": "SvLogicNodeMK2"
      },
      "Logic functions.001": {
        "attributes": {
          "location": [
            2786.0250854492188,
            651.7540283203125
          ],
          "parent": {
            "type": "NODE",
            "value": "Frame"
          }
        },
        "properties": {
          "function_name": "NOT"
        },
        "inputs": {
          "A": {
            "bl_idname": "SvStringsSocket",
            "name": "A",
            "properties": {
              "use_prop": true,
              "show_property_type": true,
              "default_property_type": "int",
              "default_int_property": 1,
              "default_float_property": 1.0
            }
          },
          "B": {
            "bl_idname": "SvStringsSocket",
            "name": "B",
            "properties": {
              "use_prop": true,
              "show_property_type": true,
              "default_property_type": "int",
              "default_int_property": 1,
              "default_float_property": 1.0
            }
          }
        },
        "outputs": {
          "Result": {
            "bl_idname": "SvStringsSocket",
            "name": "Result"
          }
        },
        "bl_idname": "SvLogicNodeMK2"
      },
      "Logic functions.003": {
        "attributes": {
          "location": [
            2435.0656127929688,
            491.28619384765625
          ],
          "parent": {
            "type": "NODE",
            "value": "Frame"
          }
        },
        "properties": {
          "function_name": "NOT"
        },
        "inputs": {
          "A": {
            "bl_idname": "SvStringsSocket",
            "name": "A",
            "properties": {
              "use_prop": true,
              "show_property_type": true,
              "default_property_type": "int",
              "default_int_property": 1,
              "default_float_property": 1.0
            }
          },
          "B": {
            "bl_idname": "SvStringsSocket",
            "name": "B",
            "properties": {
              "use_prop": true,
              "show_property_type": true,
              "default_property_type": "int",
              "default_int_property": 1,
              "default_float_property": 1.0
            }
          }
        },
        "outputs": {
          "Result": {
            "bl_idname": "SvStringsSocket",
            "name": "Result"
          }
        },
        "bl_idname": "SvLogicNodeMK2"
      }
    },
    "links": [
      {
        "from_node": "Scalar Math.003",
        "from_socket": "Out",
        "to_node": "A Number",
        "to_socket": "Float"
      },
      {
        "from_node": "Scalar Math.005",
        "from_socket": "Out",
        "to_node": "A Number.001",
        "to_socket": "Float"
      },
      {
        "from_node": "Scalar Math.006",
        "from_socket": "Out",
        "to_node": "A Number.003",
        "to_socket": "Float"
      },
      {
        "from_node": "Scalar Math.002",
        "from_socket": "Out",
        "to_node": "A Number.004",
        "to_socket": "Float"
      },
      {
        "from_node": "Inset Special.001",
        "from_socket": "Inset",
        "to_node": "Calculate Mask",
        "to_socket": "Subset"
      },
      {
        "from_node": "Inset Special.001",
        "from_socket": "Polygons",
        "to_node": "Calculate Mask",
        "to_socket": "Set"
      },
      {
        "from_node": "Scalar Math.004",
        "from_socket": "Out",
        "to_node": "Circle",
        "to_socket": "num Verts"
      },
      {
        "from_node": "UV Connection",
        "from_socket": "vertices",
        "to_node": "Component Analyzer",
        "to_socket": "Vertices"
      },
      {
        "from_node": "UV Connection",
        "from_socket": "data",
        "to_node": "Component Analyzer",
        "to_socket": "Faces"
      },
      {
        "from_node": "Mesh viewer",
        "from_socket": "Objects",
        "to_node": "Exec Node Mod.002",
        "to_socket": "V1"
      },
      {
        "from_node": "UV Connection",
        "from_socket": "vertices",
        "to_node": "Inset Special.001",
        "to_socket": "Vertices"
      },
      {
        "from_node": "UV Connection",
        "from_socket": "data",
        "to_node": "Inset Special.001",
        "to_socket": "Polygons"
      },
      {
        "from_node": "Logic functions.001",
        "from_socket": "Result",
        "to_node": "Inset Special.001",
        "to_socket": "Ignore"
      },
      {
        "from_node": "Inset Special.001",
        "from_socket": "Polygons",
        "to_node": "List Mask (out)",
        "to_socket": "data"
      },
      {
        "from_node": "Calculate Mask",
        "from_socket": "Mask",
        "to_node": "List Mask (out)",
        "to_socket": "mask"
      },
      {
        "from_node": "Profile Parametric Mk3",
        "from_socket": "Vertices",
        "to_node": "Matrix Apply (verts)",
        "to_socket": "Vectors"
      },
      {
        "from_node": "Matrix Track To",
        "from_socket": "Matrix",
        "to_node": "Matrix Apply (verts)",
        "to_socket": "Matrixes"
      },
      {
        "from_node": "Circle",
        "from_socket": "Vertices",
        "to_node": "Matrix Track To",
        "to_socket": "Location"
      },
      {
        "from_node": "Circle",
        "from_socket": "Vertices",
        "to_node": "Matrix Track To",
        "to_socket": "A"
      },
      {
        "from_node": "Inset Special.001",
        "from_socket": "Vertices",
        "to_node": "Mesh viewer",
        "to_socket": "vertices"
      },
      {
        "from_node": "List Mask (out)",
        "from_socket": "dataFalse",
        "to_node": "Mesh viewer",
        "to_socket": "faces"
      },
      {
        "from_node": "Matrix In",
        "from_socket": "Matrices",
        "to_node": "Mesh viewer",
        "to_socket": "matrix"
      },
      {
        "from_node": "Solidify.001",
        "from_socket": "Vertices",
        "to_node": "Mesh viewer.001",
        "to_socket": "vertices"
      },
      {
        "from_node": "Solidify.001",
        "from_socket": "New Pols",
        "to_node": "Mesh viewer.001",
        "to_socket": "faces"
      },
      {
        "from_node": "Matrix In",
        "from_socket": "Matrices",
        "to_node": "Mesh viewer.001",
        "to_socket": "matrix"
      },
      {
        "from_node": "Scalar Math",
        "from_socket": "Out",
        "to_node": "Number Range",
        "to_socket": "Step"
      },
      {
        "from_node": "A Number.002",
        "from_socket": "Int",
        "to_node": "Number Range",
        "to_socket": "Stop"
      },
      {
        "from_node": "A Number",
        "from_socket": "Float",
        "to_node": "Profile Parametric Mk3",
        "to_socket": "a"
      },
      {
        "from_node": "A Number.001",
        "from_socket": "Float",
        "to_node": "Profile Parametric Mk3",
        "to_socket": "b"
      },
      {
        "from_node": "A Number.003",
        "from_socket": "Float",
        "to_node": "Profile Parametric Mk3",
        "to_socket": "c"
      },
      {
        "from_node": "A Number.004",
        "from_socket": "Float",
        "to_node": "Profile Parametric Mk3",
        "to_socket": "d"
      },
      {
        "from_node": "A Number.006",
        "from_socket": "Float",
        "to_node": "Profile Parametric Mk3",
        "to_socket": "f"
      },
      {
        "from_node": "A Number.005",
        "from_socket": "Int",
        "to_node": "Scalar Math",
        "to_socket": "x"
      },
      {
        "from_node": "Number Range",
        "from_socket": "Range",
        "to_node": "Scalar Math.001",
        "to_socket": "x"
      },
      {
        "from_node": "Scalar Math.001",
        "from_socket": "cos( x )",
        "to_node": "Scalar Math.002",
        "to_socket": "x"
      },
      {
        "from_node": "Scalar Math.001",
        "from_socket": "sin( x )",
        "to_node": "Scalar Math.003",
        "to_socket": "x"
      },
      {
        "from_node": "A Number.002",
        "from_socket": "Int",
        "to_node": "Scalar Math.004",
        "to_socket": "x"
      },
      {
        "from_node": "Scalar Math.001",
        "from_socket": "cos( x )",
        "to_node": "Scalar Math.005",
        "to_socket": "x"
      },
      {
        "from_node": "Scalar Math.001",
        "from_socket": "sin( x )",
        "to_node": "Scalar Math.006",
        "to_socket": "x"
      },
      {
        "from_node": "UV Connection",
        "from_socket": "vertices",
        "to_node": "Select mesh elements by location",
        "to_socket": "Vertices"
      },
      {
        "from_node": "UV Connection",
        "from_socket": "data",
        "to_node": "Select mesh elements by location",
        "to_socket": "Polygons"
      },
      {
        "from_node": "Inset Special.001",
        "from_socket": "Vertices",
        "to_node": "Solidify.001",
        "to_socket": "Vertices"
      },
      {
        "from_node": "Inset Special.001",
        "from_socket": "Inset",
        "to_node": "Solidify.001",
        "to_socket": "Polygons"
      },
      {
        "from_node": "Matrix Apply (verts)",
        "from_socket": "Vectors",
        "to_node": "UV Connection",
        "to_socket": "vertices"
      },
      {
        "from_node": "Profile Parametric Mk3",
        "from_socket": "Knots",
        "to_node": "Viewer Index+",
        "to_socket": "verts"
      },
      {
        "from_node": "Profile Parametric Mk3",
        "from_socket": "KnotNames",
        "to_node": "Viewer Index+",
        "to_socket": "text"
      },
      {
        "from_node": "Component Analyzer",
        "from_socket": "Area",
        "to_node": "Logic functions.004",
        "to_socket": "A"
      },
      {
        "from_node": "Logic functions.004",
        "from_socket": "Result",
        "to_node": "Logic functions.002",
        "to_socket": "A"
      },
      {
        "from_node": "Logic functions.003",
        "from_socket": "Result",
        "to_node": "Logic functions.002",
        "to_socket": "B"
      },
      {
        "from_node": "Logic functions.002",
        "from_socket": "Result",
        "to_node": "Logic functions.001",
        "to_socket": "A"
      },
      {
        "from_node": "Select mesh elements by location",
        "from_socket": "FacesMask",
        "to_node": "Logic functions.003",
        "to_socket": "A"
      }
    ]
  }
}