{"export_version": "1.0", "main_tree": {"nodes": {"Frame": {"attributes": {"location": [-236.18377685546875, -131.94302368164062], "height": 269.0, "width": 585.0, "label": "initial mask per object"}, "bl_idname": "NodeFrame"}, "Frame.002": {"attributes": {"location": [-28.65412139892578, 92.74955749511719], "height": 295.434814453125, "width": 200.0, "label": "dispatch"}, "bl_idname": "NodeFrame"}, "Frame.007": {"attributes": {"location": [170.585693359375, 222.81358337402344], "height": 1453.0, "width": 631.0, "label": "material areas"}, "bl_idname": "NodeFrame"}, "Frame.003": {"attributes": {"location": [197.32647705078125, 319.164794921875], "height": 429.0, "width": 559.0, "label": "green", "color": [0.6079999804496765, 0.6079999804496765, 0.6079999804496765], "use_custom_color": true, "parent": {"type": "NODE", "value": "Frame.007"}}, "bl_idname": "NodeFrame"}, "Frame.004": {"attributes": {"location": [207.7119140625, 195.08885192871094], "height": 448.0, "width": 548.0, "label": "orange", "color": [0.6079999804496765, 0.6079999804496765, 0.6079999804496765], "use_custom_color": true, "parent": {"type": "NODE", "value": "Frame.007"}}, "bl_idname": "NodeFrame"}, "Frame.005": {"attributes": {"location": [190.5484619140625, -81.53831481933594], "height": 438.0, "width": 534.0, "label": "blue", "color": [0.6079999804496765, 0.6079999804496765, 0.6079999804496765], "use_custom_color": true, "parent": {"type": "NODE", "value": "Frame.007"}}, "bl_idname": "NodeFrame"}, "Frame.006": {"attributes": {"location": [-3.906005859375, -153.02589416503906], "height": 215.0, "width": 200.0, "label": "initial object"}, "bl_idname": "NodeFrame"}, "Frame.008": {"attributes": {"location": [-142.6126251220703, 188.7503662109375], "height": 492.0, "width": 203.00001525878906, "label": "sorting"}, "bl_idname": "NodeFrame"}, "Area.004": {"attributes": {"location": [369.5359802246094, -805.2884368896484], "parent": {"type": "NODE", "value": "Frame.005"}}, "properties": {"sum_faces": true}, "inputs": {"Vertices": {"bl_idname": "SvVerticesSocket", "name": "Vertices"}, "Polygons": {"bl_idname": "SvStringsSocket", "name": "Polygons"}}, "outputs": {"Area": {"bl_idname": "SvStringsSocket", "name": "Area"}}, "bl_idname": "SvAreaNodeMK2"}, "Area.005": {"attributes": {"location": [387.4482727050781, -283.54518127441406], "parent": {"type": "NODE", "value": "Frame.004"}}, "properties": {"sum_faces": true}, "inputs": {"Vertices": {"bl_idname": "SvVerticesSocket", "name": "Vertices"}, "Polygons": {"bl_idname": "SvStringsSocket", "name": "Polygons"}}, "outputs": {"Area": {"bl_idname": "SvStringsSocket", "name": "Area"}}, "bl_idname": "SvAreaNodeMK2"}, "Area.006": {"attributes": {"location": [357.32305908203125, 193.22540283203125], "parent": {"type": "NODE", "value": "Frame.003"}}, "properties": {"sum_faces": true}, "inputs": {"Vertices": {"bl_idname": "SvVerticesSocket", "name": "Vertices"}, "Polygons": {"bl_idname": "SvStringsSocket", "name": "Polygons"}}, "outputs": {"Area": {"bl_idname": "SvStringsSocket", "name": "Area"}}, "bl_idname": "SvAreaNodeMK"}, "List Join.002": {"attributes": {"location": [529.0849609375, -630.1589202880859], "parent": {"type": "NODE", "value": "Frame.005"}}, "properties": {"JoinLevel": 2}, "inputs": {"data": {"bl_idname": "SvStringsSocket", "name": "data"}, "data 1": {"bl_idname": "SvStringsSocket", "name": "data 1"}}, "outputs": {"data": {"bl_idname": "SvStringsSocket", "name": "data"}}, "bl_idname": "ListJoinNode"}, "List Join.003": {"attributes": {"location": [545.114501953125, -151.75831604003906], "parent": {"type": "NODE", "value": "Frame.004"}}, "properties": {"JoinLevel": 2}, "inputs": {"data": {"bl_idname": "SvStringsSocket", "name": "data"}, "data 1": {"bl_idname": "SvStringsSocket", "name": "data 1"}}, "outputs": {"data": {"bl_idname": "SvStringsSocket", "name": "data"}}, "bl_idname": "ListJoinNode"}, "List Join.004": {"attributes": {"location": [518.7548828125, 319.35888671875], "parent": {"type": "NODE", "value": "Frame.003"}}, "properties": {"JoinLevel": 2}, "inputs": {"data": {"bl_idname": "SvStringsSocket", "name": "data"}, "data 1": {"bl_idname": "SvStringsSocket", "name": "data 1"}}, "outputs": {"data": {"bl_idname": "SvStringsSocket", "name": "data"}}, "bl_idname": "ListJoinNode"}, "List Length": {"attributes": {"location": [-1033.18359375, -352.22515869140625], "parent": {"type": "NODE", "value": "Frame"}}, "inputs": {"Data": {"bl_idname": "SvStringsSocket", "name": "Data"}}, "outputs": {"Length": {"bl_idname": "SvStringsSocket", "name": "Length"}}, "bl_idname": "ListLengthNode"}, "List Math.002": {"attributes": {"location": [536.67236328125, -822.6989593505859], "parent": {"type": "NODE", "value": "Frame.005"}}, "properties": {"func_": "SUM"}, "inputs": {"Data": {"bl_idname": "SvStringsSocket", "name": "Data"}}, "outputs": {"Function": {"bl_idname": "SvStringsSocket", "name": "Function"}}, "bl_idname": "ListFuncNode"}, "List Math.003": {"attributes": {"location": [543.2877807617188, -351.8365020751953], "parent": {"type": "NODE", "value": "Frame.004"}}, "properties": {"func_": "SUM"}, "inputs": {"Data": {"bl_idname": "SvStringsSocket", "name": "Data"}}, "outputs": {"Function": {"bl_idname": "SvStringsSocket", "name": "Function"}}, "bl_idname": "ListFuncNode"}, "List Math.004": {"attributes": {"location": [518.8109130859375, 130.58750915527344], "parent": {"type": "NODE", "value": "Frame.003"}}, "properties": {"func_": "SUM"}, "inputs": {"Data": {"bl_idname": "SvStringsSocket", "name": "Data"}}, "outputs": {"Function": {"bl_idname": "SvStringsSocket", "name": "Function"}}, "bl_idname": "ListFuncNode"}, "Note": {"attributes": {"location": [-1027.11474609375, 191.1424560546875], "width": 400.0, "color": [1.0, 0.8993440270423889, 0.9742509722709656], "use_custom_color": true}, "properties": {"n_id": "-7274830787456972808", "show_text": false, "text": "Nikitron | 2020 | List_multimask SNL node"}, "inputs": {"Text In": {"bl_idname": "SvStringsSocket", "name": "Text In"}}, "outputs": {"Text Out": {"bl_idname": "SvStringsSocket", "name": "Text Out"}}, "bl_idname": "NoteNode"}, "Random Num Gen": {"attributes": {"location": [-847.7967529296875, -300.2158203125], "parent": {"type": "NODE", "value": "Frame"}}, "properties": {"high_i": 2, "seed": 1}, "inputs": {"Size": {"bl_idname": "SvStringsSocket", "name": "Size", "properties": {"prop_name": "size"}}, "Seed": {"bl_idname": "SvStringsSocket", "name": "Seed", "properties": {"prop_name": "seed"}}, "Low": {"bl_idname": "SvStringsSocket", "name": "Low", "properties": {"prop_name": "low_i"}}, "High": {"bl_idname": "SvStringsSocket", "name": "High", "properties": {"prop_name": "high_i"}}, "Weights": {"bl_idname": "SvStringsSocket", "name": "Weights", "attributes": {"hide": true}}, "Alpha": {"bl_idname": "SvStringsSocket", "name": "Alpha", "attributes": {"hide": true}, "properties": {"prop_name": "alpha"}}, "Beta": {"bl_idname": "SvStringsSocket", "name": "Beta", "attributes": {"hide": true}, "properties": {"prop_name": "beta"}}, "t": {"bl_idname": "SvStringsSocket", "name": "t", "attributes": {"hide": true}, "properties": {"prop_name": "t_in"}}}, "outputs": {"Value": {"bl_idname": "SvStringsSocket", "name": "Value"}}, "bl_idname": "SvRndNumGen"}, "Reroute": {"attributes": {"location": [6.801826477050781, -325.43482971191406], "width": 16.0, "label": "verts", "parent": {"type": "NODE", "value": "Frame.002"}}, "bl_idname": "NodeReroute"}, "Stethoscope MK2": {"attributes": {"location": [-647.7967529296875, -300.2158203125], "color": [1.0, 0.8993440270423889, 0.9742509722709656], "use_custom_color": true, "parent": {"type": "NODE", "value": "Frame"}}, "properties": {"text_color": [0.949999988079071, 0.949999988079071, 0.949999988079071], "compact": true, "location_theta": 1.0080000162124634, "num_elements": 2, "view_by_element": true}, "inputs": {"Data": {"bl_idname": "SvStringsSocket", "name": "Data"}}, "bl_idname": "SvStethoscopeNodeMK2"}, "Stethoscope MK2.001": {"attributes": {"location": [-366.3371276855469, 200.6266326904297], "color": [1.0, 0.8993440270423889, 0.9742509722709656], "use_custom_color": true, "parent": {"type": "NODE", "value": "Frame.008"}}, "properties": {"text_color": [0.949999988079071, 0.949999988079071, 0.949999988079071], "compact": true, "line_width": 47, "location_theta": 1.0080000162124634, "num_elements": 3, "view_by_element": true}, "inputs": {"Data": {"bl_idname": "SvStringsSocket", "name": "Data"}}, "bl_idname": "SvStethoscopeNodeMK2"}, "Stethoscope MK2.004": {"attributes": {"location": [713.205322265625, 335.75531005859375], "hide": true, "color": [1.0, 0.8993440270423889, 0.9742509722709656], "use_custom_color": true, "parent": {"type": "NODE", "value": "Frame.003"}}, "properties": {"text_color": [0.949999988079071, 0.949999988079071, 0.949999988079071], "location_theta": 1.0080000162124634, "num_elements": 1}, "inputs": {"Data": {"bl_idname": "SvStringsSocket", "name": "Data"}}, "bl_idname": "SvStethoscopeNodeMK2"}, "Stethoscope MK2.005": {"attributes": {"location": [714.8256225585938, -128.2092742919922], "hide": true, "color": [1.0, 0.8993440270423889, 0.9742509722709656], "use_custom_color": true, "parent": {"type": "NODE", "value": "Frame.004"}}, "properties": {"text_color": [0.949999988079071, 0.949999988079071, 0.949999988079071], "location_theta": 1.0080000162124634, "num_elements": 1}, "inputs": {"Data": {"bl_idname": "SvStringsSocket", "name": "Data"}}, "bl_idname": "SvStethoscopeNodeMK2"}, "Stethoscope MK2.006": {"attributes": {"location": [700.038330078125, -608.8729095458984], "hide": true, "color": [1.0, 0.8993440270423889, 0.9742509722709656], "use_custom_color": true, "parent": {"type": "NODE", "value": "Frame.005"}}, "properties": {"text_color": [0.949999988079071, 0.949999988079071, 0.949999988079071], "location_theta": 1.0080000162124634, "num_elements": 1}, "inputs": {"Data": {"bl_idname": "SvStringsSocket", "name": "Data"}}, "bl_idname": "SvStethoscopeNodeMK2"}, "Viewer Draw.001": {"attributes": {"location": [711.0341796875, 282.9305419921875], "color": [0.6284880042076111, 0.931007981300354, 1.0], "use_custom_color": true, "parent": {"type": "NODE", "value": "Frame.003"}}, "properties": {"display_edges": false, "display_verts": false, "polygon_color": [0.16457197070121765, 0.8100000619888306, 0.13284258544445038, 1.0], "selected_draw_mode": "facet"}, "inputs": {"Vertices": {"bl_idname": "SvVerticesSocket", "name": "Vertices", "properties": {"custom_draw": "draw_property_socket"}}, "Edges": {"bl_idname": "SvStringsSocket", "name": "Edges", "properties": {"custom_draw": "draw_property_socket"}}, "Polygons": {"bl_idname": "SvStringsSocket", "name": "Polygons"}, "Matrix": {"bl_idname": "SvMatrixSocket", "name": "Matrix"}, "Vector Color": {"bl_idname": "SvColorSocket", "name": "Vector Color", "properties": {"custom_draw": "draw_color_socket", "prop_name": "vector_color"}}, "Edge Color": {"bl_idname": "SvColorSocket", "name": "Edge Color", "properties": {"custom_draw": "draw_color_socket", "prop_name": "edge_color"}}, "Polygon Color": {"bl_idname": "SvColorSocket", "name": "Polygon Color", "properties": {"custom_draw": "draw_color_socket", "prop_name": "polygon_color"}}, "attrs": {"bl_idname": "SvStringsSocket", "name": "attrs", "attributes": {"hide": true}, "properties": {"quick_link_to_node": "SvVDAttrsNodeMk2"}}}, "bl_idname": "SvViewerDrawMk4"}, "Viewer Draw.002": {"attributes": {"location": [725.01708984375, -170.92079162597656], "color": [0.6284880042076111, 0.931007981300354, 1.0], "use_custom_color": true, "parent": {"type": "NODE", "value": "Frame.004"}}, "properties": {"display_edges": false, "display_verts": false, "polygon_color": [0.8100003600120544, 0.1465928852558136, 0.0186094269156456, 1.0], "selected_draw_mode": "facet"}, "inputs": {"Vertices": {"bl_idname": "SvVerticesSocket", "name": "Vertices", "properties": {"custom_draw": "draw_property_socket"}}, "Edges": {"bl_idname": "SvStringsSocket", "name": "Edges", "properties": {"custom_draw": "draw_property_socket"}}, "Polygons": {"bl_idname": "SvStringsSocket", "name": "Polygons"}, "Matrix": {"bl_idname": "SvMatrixSocket", "name": "Matrix"}, "Vector Color": {"bl_idname": "SvColorSocket", "name": "Vector Color", "properties": {"custom_draw": "draw_color_socket", "prop_name": "vector_color"}}, "Edge Color": {"bl_idname": "SvColorSocket", "name": "Edge Color", "properties": {"custom_draw": "draw_color_socket", "prop_name": "edge_color"}}, "Polygon Color": {"bl_idname": "SvColorSocket", "name": "Polygon Color", "properties": {"custom_draw": "draw_color_socket", "prop_name": "polygon_color"}}, "attrs": {"bl_idname": "SvStringsSocket", "name": "attrs", "attributes": {"hide": true}, "properties": {"quick_link_to_node": "SvVDAttrsNodeMk2"}}}, "bl_idname": "SvViewerDrawMk4"}, "Viewer Draw.003": {"attributes": {"location": [704.1548461914062, -657.1360931396484], "color": [0.6284880042076111, 0.931007981300354, 1.0], "use_custom_color": true, "parent": {"type": "NODE", "value": "Frame.005"}}, "properties": {"display_edges": false, "display_verts": false, "polygon_color": [0.09928319603204727, 0.11020801216363907, 0.8100003600120544, 1.0], "selected_draw_mode": "facet"}, "inputs": {"Vertices": {"bl_idname": "SvVerticesSocket", "name": "Vertices", "properties": {"custom_draw": "draw_property_socket"}}, "Edges": {"bl_idname": "SvStringsSocket", "name": "Edges", "properties": {"custom_draw": "draw_property_socket"}}, "Polygons": {"bl_idname": "SvStringsSocket", "name": "Polygons"}, "Matrix": {"bl_idname": "SvMatrixSocket", "name": "Matrix"}, "Vector Color": {"bl_idname": "SvColorSocket", "name": "Vector Color", "properties": {"custom_draw": "draw_color_socket", "prop_name": "vector_color"}}, "Edge Color": {"bl_idname": "SvColorSocket", "name": "Edge Color", "properties": {"custom_draw": "draw_color_socket", "prop_name": "edge_color"}}, "Polygon Color": {"bl_idname": "SvColorSocket", "name": "Polygon Color", "properties": {"custom_draw": "draw_color_socket", "prop_name": "polygon_color"}}, "attrs": {"bl_idname": "SvStringsSocket", "name": "attrs", "attributes": {"hide": true}, "properties": {"quick_link_to_node": "SvVDAttrsNodeMk2"}}}, "bl_idname": "SvViewerDrawMk4"}, "Scripted Node Lite": {"attributes": {"location": [-368.5140075683594, -53.28538513183594], "color": [0.0, 0.6000000238418579, 0.800000011920929], "use_custom_color": true, "parent": {"type": "NODE", "value": "Frame.008"}}, "properties": {"n_id": "-7788089944793720137", "script_name": "exec", "script_str": "'''\nin data s d=[[]] n=0\nin mask s d=[[]] n=0\nin level s d=2 n=2\nout data_out s\n'''\n\nfrom sverchok.nodes.list_struct.flip import flip\n\n\ndef rec(data_in, mask, level):\n    # \u0440\u0435\u043a\u0443\u0440\u0441\u0438\u044f \u043c\u0430\u0441\u043a\u0438\u0440\u043e\u0432\u043a\u0438\n    if level > 1:\n        l = level - 1\n        dic = []\n        for d,m in zip(data_in,mask):\n            dic.append(rec(d,m,l))\n        return dic\n    else:\n        data_out = []\n        dic = {}\n        for d,m in zip(data_in,mask):\n            if not m in dic: \n                dic[m] = []\n            dic[m].append(d)\n        for v in dic.values():\n            data_out.append(v)\n        return data_out\n\ndata_out = flip(rec(data,mask,level),level-2)"}, "inputs": {"data": {"bl_idname": "SvStringsSocket", "name": "data"}, "mask": {"bl_idname": "SvStringsSocket", "name": "mask"}, "level": {"bl_idname": "SvStringsSocket", "name": "level", "properties": {"use_prop": true, "default_property_type": "int", "default_int_property": 2}}}, "outputs": {"data_out": {"bl_idname": "SvStringsSocket", "name": "data_out"}}, "bl_idname": "SvScriptNodeLite"}, "IcoSphere": {"attributes": {"location": [-823.7589111328125, -51.90296936035156], "color": [0.9200000166893005, 0.9200000166893005, 0.9200000166893005], "use_custom_color": true, "parent": {"type": "NODE", "value": "Frame.006"}}, "properties": {"radius": 2.049999952316284}, "inputs": {"Subdivisions": {"bl_idname": "SvStringsSocket", "name": "Subdivisions", "properties": {"prop_name": "subdivisions", "nesting_level": 1, "pre_processing": "ONE_ITEM"}}, "Radius": {"bl_idname": "SvStringsSocket", "name": "Radius", "properties": {"prop_name": "radius", "nesting_level": 1, "pre_processing": "ONE_ITEM"}}}, "outputs": {"Vertices": {"bl_idname": "SvVerticesSocket", "name": "Vertices"}, "Edges": {"bl_idname": "SvStringsSocket", "name": "Edges"}, "Faces": {"bl_idname": "SvStringsSocket", "name": "Faces"}}, "bl_idname": "SvIcosphereNode"}, "List Decompose": {"attributes": {"location": [-63.997432708740234, -108.00852966308594], "parent": {"type": "NODE", "value": "Frame.002"}}, "properties": {"count": 3, "level": 2}, "inputs": {"data": {"bl_idname": "SvStringsSocket", "name": "data"}}, "outputs": {"data[0]": {"bl_idname": "SvStringsSocket", "name": "data[0]"}, "data[1]": {"bl_idname": "SvStringsSocket", "name": "data[1]"}, "data[2]": {"bl_idname": "SvStringsSocket", "name": "data[2]"}}, "bl_idname": "SvListDecomposeNode"}, "List Del Levels.001": {"attributes": {"location": [376.7918701171875, -155.7990264892578], "parent": {"type": "NODE", "value": "Frame.004"}}, "properties": {"Sverch_LisLev": "2,3,4"}, "inputs": {"data": {"bl_idname": "SvStringsSocket", "name": "data"}}, "outputs": {"data": {"bl_idname": "SvStringsSocket", "name": "data"}}, "bl_idname": "ListLevelsNode"}, "List Del Levels.002": {"attributes": {"location": [353.6781005859375, 318.04437255859375], "parent": {"type": "NODE", "value": "Frame.003"}}, "properties": {"Sverch_LisLev": "2,3,4"}, "inputs": {"data": {"bl_idname": "SvStringsSocket", "name": "data"}}, "outputs": {"data": {"bl_idname": "SvStringsSocket", "name": "data"}}, "bl_idname": "ListLevelsNode"}, "List Del Levels": {"attributes": {"location": [372.79034423828125, -674.0377044677734], "parent": {"type": "NODE", "value": "Frame.005"}}, "properties": {"Sverch_LisLev": "2,3,4"}, "inputs": {"data": {"bl_idname": "SvStringsSocket", "name": "data"}}, "outputs": {"data": {"bl_idname": "SvStringsSocket", "name": "data"}}, "bl_idname": "ListLevelsNode"}, "List Input.002": {"attributes": {"location": [-1147.9661865234375, 5.4391937255859375], "width": 260.0}, "properties": {"int_list_items": [{"elem": 2}, {"elem": 1}], "int_list_counter": 2}, "inputs": {"mask": {"bl_idname": "SvStringsSocket", "name": "mask", "properties": {"label": "Mask", "custom_draw": "draw_mask_in_socket"}}}, "outputs": {"data_output": {"bl_idname": "SvStringsSocket", "name": "data_output", "properties": {"label": "Integers"}}}, "bl_idname": "SvListInputNodeMK2"}, "Reroute.001": {"attributes": {"location": [97.0455322265625, -443.9950256347656], "width": 16.0}, "bl_idname": "NodeReroute"}, "List Input": {"attributes": {"location": [-243.71127319335938, -396.5604553222656], "width": 260.0}, "properties": {"int_list_items": [{}, {}], "int_list_counter": 2, "list_items_type": "VECTOR_LIST_MODE", "vector_list_items": [{"COLOR": [0.0, 0.0, 0.0], "DIRECTION": [0.0, 0.0, 0.0]}, {"elem": [0.0, 4.0, 0.0], "NONE": [0.0, 4.0, 0.0], "COLOR": [0.0, 4.0, 0.0], "TRANSLATION": [0.0, 4.0, 0.0], "DIRECTION": [0.0, 4.0, 0.0], "VELOCITY": [0.0, 4.0, 0.0], "ACCELERATION": [0.0, 4.0, 0.0], "EULER": [0.0, 4.0, 0.0], "AXISANGLE": [0.0, 4.0, 0.0], "XYZ": [0.0, 4.0, 0.0], "XYZ_LENGTH": [0.0, 4.0, 0.0], "COLOR_GAMMA": [0.0, 4.0, 0.0], "COORDINATES": [0.0, 4.0, 0.0], "LAYER": [0.0, 4.0, 0.0], "LAYER_MEMBER": [0.0, 4.0, 0.0]}], "vector_list_counter": 2}, "inputs": {"mask": {"bl_idname": "SvStringsSocket", "name": "mask", "properties": {"label": "Mask", "custom_draw": "draw_mask_in_socket"}}}, "outputs": {"data_output_001": {"bl_idname": "SvVerticesSocket", "name": "data_output", "properties": {"label": "Vectors"}}}, "bl_idname": "SvListInputNodeMK2"}}, "links": [{"from_node": "Reroute", "from_socket": "Output", "to_node": "Area.004", "to_socket": "Vertices"}, {"from_node": "List Del Levels", "from_socket": "data", "to_node": "Area.004", "to_socket": "Polygons"}, {"from_node": "Reroute", "from_socket": "Output", "to_node": "Area.005", "to_socket": "Vertices"}, {"from_node": "List Del Levels.001", "from_socket": "data", "to_node": "Area.005", "to_socket": "Polygons"}, {"from_node": "Reroute", "from_socket": "Output", "to_node": "Area.006", "to_socket": "Vertices"}, {"from_node": "List Del Levels.002", "from_socket": "data", "to_node": "Area.006", "to_socket": "Polygons"}, {"from_node": "Area.004", "from_socket": "Area", "to_node": "List Join.002", "to_socket": "data"}, {"from_node": "Area.005", "from_socket": "Area", "to_node": "List Join.003", "to_socket": "data"}, {"from_node": "Area.006", "from_socket": "Area", "to_node": "List Join.004", "to_socket": "data"}, {"from_node": "IcoSphere", "from_socket": "Faces", "to_node": "List Length", "to_socket": "Data"}, {"from_node": "List Join.002", "from_socket": "data", "to_node": "List Math.002", "to_socket": "Data"}, {"from_node": "List Join.003", "from_socket": "data", "to_node": "List Math.003", "to_socket": "Data"}, {"from_node": "List Join.004", "from_socket": "data", "to_node": "List Math.004", "to_socket": "Data"}, {"from_node": "List Length", "from_socket": "Length", "to_node": "Random Num Gen", "to_socket": "Size"}, {"from_node": "IcoSphere", "from_socket": "Vertices", "to_node": "Reroute", "to_socket": "Input"}, {"from_node": "Random Num Gen", "from_socket": "Value", "to_node": "Stethoscope MK2", "to_socket": "Data"}, {"from_node": "Scripted Node Lite", "from_socket": "data_out", "to_node": "Stethoscope MK2.001", "to_socket": "Data"}, {"from_node": "List Math.004", "from_socket": "Function", "to_node": "Stethoscope MK2.004", "to_socket": "Data"}, {"from_node": "List Math.003", "from_socket": "Function", "to_node": "Stethoscope MK2.005", "to_socket": "Data"}, {"from_node": "List Math.002", "from_socket": "Function", "to_node": "Stethoscope MK2.006", "to_socket": "Data"}, {"from_node": "Reroute", "from_socket": "Output", "to_node": "Viewer Draw.001", "to_socket": "Vertices"}, {"from_node": "List Del Levels.002", "from_socket": "data", "to_node": "Viewer Draw.001", "to_socket": "Polygons"}, {"from_node": "Reroute.001", "from_socket": "Output", "to_node": "Viewer Draw.001", "to_socket": "Matrix"}, {"from_node": "Reroute", "from_socket": "Output", "to_node": "Viewer Draw.002", "to_socket": "Vertices"}, {"from_node": "List Del Levels.001", "from_socket": "data", "to_node": "Viewer Draw.002", "to_socket": "Polygons"}, {"from_node": "Reroute.001", "from_socket": "Output", "to_node": "Viewer Draw.002", "to_socket": "Matrix"}, {"from_node": "Reroute", "from_socket": "Output", "to_node": "Viewer Draw.003", "to_socket": "Vertices"}, {"from_node": "List Del Levels", "from_socket": "data", "to_node": "Viewer Draw.003", "to_socket": "Polygons"}, {"from_node": "Reroute.001", "from_socket": "Output", "to_node": "Viewer Draw.003", "to_socket": "Matrix"}, {"from_node": "IcoSphere", "from_socket": "Faces", "to_node": "Scripted Node Lite", "to_socket": "data"}, {"from_node": "Random Num Gen", "from_socket": "Value", "to_node": "Scripted Node Lite", "to_socket": "mask"}, {"from_node": "List Input.002", "from_socket": "data_output", "to_node": "IcoSphere", "to_socket": "Subdivisions"}, {"from_node": "Scripted Node Lite", "from_socket": "data_out", "to_node": "List Decompose", "to_socket": "data"}, {"from_node": "List Decompose", "from_socket": "data[1]", "to_node": "List Del Levels.001", "to_socket": "data"}, {"from_node": "List Decompose", "from_socket": "data[0]", "to_node": "List Del Levels.002", "to_socket": "data"}, {"from_node": "List Decompose", "from_socket": "data[2]", "to_node": "List Del Levels", "to_socket": "data"}, {"from_node": "List Input", "from_socket": "data_output_001", "to_node": "Reroute.001", "to_socket": "Input"}]}}