{
  "export_version": "1.0",
  "main_tree": {
    "nodes": {
      "A Number.001": {
        "attributes": {
          "location": [
            -616.9644775390625,
            -323.5589599609375
          ]
        },
        "properties": {
          "float_": 2.0
        },
        "inputs": {
          "Float": {
            "bl_idname": "SvStringsSocket",
            "name": "Float",
            "properties": {
              "prop_name": "float_"
            }
          }
        },
        "outputs": {
          "Float": {
            "bl_idname": "SvStringsSocket",
            "name": "Float",
            "properties": {
              "custom_draw": "mode_custom_draw"
            }
          }
        },
        "bl_idname": "SvNumberNode"
      },
      "A Number.002": {
        "attributes": {
          "location": [
            -700.0881958007812,
            -563.3015747070312
          ]
        },
        "properties": {
          "float_": 9.639999389648438
        },
        "inputs": {
          "Float": {
            "bl_idname": "SvStringsSocket",
            "name": "Float",
            "properties": {
              "prop_name": "float_"
            }
          }
        },
        "outputs": {
          "Float": {
            "bl_idname": "SvStringsSocket",
            "name": "Float",
            "properties": {
              "custom_draw": "mode_custom_draw"
            }
          }
        },
        "bl_idname": "SvNumberNode"
      },
      "A Number.003": {
        "attributes": {
          "location": [
            -444.0143127441406,
            -9.854941368103027
          ]
        },
        "properties": {
          "float_": 0.7200000286102295
        },
        "inputs": {
          "Float": {
            "bl_idname": "SvStringsSocket",
            "name": "Float",
            "properties": {
              "prop_name": "float_"
            }
          }
        },
        "outputs": {
          "Float": {
            "bl_idname": "SvStringsSocket",
            "name": "Float",
            "properties": {
              "custom_draw": "mode_custom_draw"
            }
          }
        },
        "bl_idname": "SvNumberNode"
      },
      "Move": {
        "attributes": {
          "location": [
            373.3113708496094,
            -340.7271728515625
          ]
        },
        "inputs": {
          "Vertices": {
            "bl_idname": "SvVerticesSocket",
            "name": "Vertices"
          },
          "Movement Vectors": {
            "bl_idname": "SvVerticesSocket",
            "name": "Movement Vectors",
            "properties": {
              "prop_name": "movement_vectors"
            }
          },
          "Strength": {
            "bl_idname": "SvStringsSocket",
            "name": "Strength",
            "properties": {
              "prop_name": "strength"
            }
          }
        },
        "outputs": {
          "Vertices": {
            "bl_idname": "SvVerticesSocket",
            "name": "Vertices"
          }
        },
        "bl_idname": "SvMoveNodeMk3"
      },
      "Move.002": {
        "attributes": {
          "location": [
            379.827392578125,
            -79.8314208984375
          ]
        },
        "inputs": {
          "Vertices": {
            "bl_idname": "SvVerticesSocket",
            "name": "Vertices"
          },
          "Movement Vectors": {
            "bl_idname": "SvVerticesSocket",
            "name": "Movement Vectors",
            "properties": {
              "prop_name": "movement_vectors"
            }
          },
          "Strength": {
            "bl_idname": "SvStringsSocket",
            "name": "Strength",
            "properties": {
              "prop_name": "strength"
            }
          }
        },
        "outputs": {
          "Vertices": {
            "bl_idname": "SvVerticesSocket",
            "name": "Vertices"
          }
        },
        "bl_idname": "SvMoveNodeMk3"
      },
      "Profile Parametric Mk3": {
        "attributes": {
          "location": [
            -178.27545166015625,
            93.1209945678711
          ]
        },
        "properties": {
          "filename": "Text",
          "selected_axis": "Y"
        },
        "advanced_properties": {
          "profile": "default height = 1.0\ndefault width = 4.0\ndefault depress = 0.1\ndefault top_coeff = 0.9\n\nlet depression = {height * depress}\nlet top_width = {width * top_coeff}\nlet depress_r = {(4*depression**2 + top_width**2)/(8*depression)}\nlet dx = {(width - top_width)/2.0}\n\nM {-width/2.0},0\nl dx, height\na depress_r, depress_r 0 0 1\n  top_width,0\nl dx, -height"
        },
        "inputs": {
          "depress": {
            "bl_idname": "SvStringsSocket",
            "name": "depress"
          },
          "height": {
            "bl_idname": "SvStringsSocket",
            "name": "height"
          },
          "top_coeff": {
            "bl_idname": "SvStringsSocket",
            "name": "top_coeff"
          },
          "width": {
            "bl_idname": "SvStringsSocket",
            "name": "width"
          }
        },
        "outputs": {
          "Vertices": {
            "bl_idname": "SvVerticesSocket",
            "name": "Vertices"
          },
          "Edges": {
            "bl_idname": "SvStringsSocket",
            "name": "Edges"
          },
          "Knots": {
            "bl_idname": "SvVerticesSocket",
            "name": "Knots"
          },
          "KnotNames": {
            "bl_idname": "SvStringsSocket",
            "name": "KnotNames"
          },
          "Curve": {
            "bl_idname": "SvCurveSocket",
            "name": "Curve"
          }
        },
        "bl_idname": "SvProfileNodeMK3"
      },
      "Rotate": {
        "attributes": {
          "location": [
            89.76090240478516,
            35.54173278808594
          ]
        },
        "properties": {
          "mode": "EULER",
          "x_": -13.0
        },
        "inputs": {
          "Vertices": {
            "bl_idname": "SvVerticesSocket",
            "name": "Vertices"
          },
          "Centers": {
            "bl_idname": "SvVerticesSocket",
            "name": "Centers",
            "properties": {
              "prop_name": "centers_"
            }
          },
          "X": {
            "bl_idname": "SvStringsSocket",
            "name": "X",
            "properties": {
              "prop_name": "x_"
            }
          },
          "Y": {
            "bl_idname": "SvStringsSocket",
            "name": "Y",
            "properties": {
              "prop_name": "y_"
            }
          },
          "Z": {
            "bl_idname": "SvStringsSocket",
            "name": "Z",
            "properties": {
              "prop_name": "z_"
            }
          }
        },
        "outputs": {
          "Vertices": {
            "bl_idname": "SvVerticesSocket",
            "name": "Vertices"
          }
        },
        "bl_idname": "SvRotationNodeMk3"
      },
      "Rotate.001": {
        "attributes": {
          "location": [
            96.58085632324219,
            -481.4555969238281
          ]
        },
        "properties": {
          "mode": "EULER"
        },
        "inputs": {
          "Vertices": {
            "bl_idname": "SvVerticesSocket",
            "name": "Vertices"
          },
          "Centers": {
            "bl_idname": "SvVerticesSocket",
            "name": "Centers",
            "properties": {
              "prop_name": "centers_"
            }
          },
          "X": {
            "bl_idname": "SvStringsSocket",
            "name": "X",
            "properties": {
              "prop_name": "x_"
            }
          },
          "Y": {
            "bl_idname": "SvStringsSocket",
            "name": "Y",
            "properties": {
              "prop_name": "y_"
            }
          },
          "Z": {
            "bl_idname": "SvStringsSocket",
            "name": "Z",
            "properties": {
              "prop_name": "z_"
            }
          }
        },
        "outputs": {
          "Vertices": {
            "bl_idname": "SvVerticesSocket",
            "name": "Vertices"
          }
        },
        "bl_idname": "SvRotationNodeMk3"
      },
      "Scalar Math": {
        "attributes": {
          "location": [
            -434.0495910644531,
            -583.1076049804688
          ]
        },
        "properties": {
          "current_op": "NEG"
        },
        "inputs": {
          "x": {
            "bl_idname": "SvStringsSocket",
            "name": "x",
            "properties": {
              "prop_name": "x_"
            }
          }
        },
        "outputs": {
          "Out": {
            "bl_idname": "SvStringsSocket",
            "name": "Out"
          }
        },
        "bl_idname": "SvScalarMathNodeMK4"
      },
      "Scalar Math.002": {
        "attributes": {
          "location": [
            -438.2762145996094,
            -230.544921875
          ]
        },
        "properties": {
          "current_op": "NEG"
        },
        "inputs": {
          "x": {
            "bl_idname": "SvStringsSocket",
            "name": "x",
            "properties": {
              "prop_name": "x_"
            }
          }
        },
        "outputs": {
          "Out": {
            "bl_idname": "SvStringsSocket",
            "name": "Out"
          }
        },
        "bl_idname": "SvScalarMathNodeMK4"
      },
      "VD Experimental": {
        "attributes": {
          "location": [
            907.2828369140625,
            84.55482482910156
          ],
          "color": [
            1.0,
            0.30000001192092896,
            0.0
          ],
          "use_custom_color": true
        },
        "properties": {
          "selected_draw_mode": "facet"
        },
        "inputs": {
          "Vertices": {
            "bl_idname": "SvVerticesSocket",
            "name": "Vertices",
            "properties": {
              "custom_draw": "draw_property_socket"
            }
          },
          "Edges": {
            "bl_idname": "SvStringsSocket",
            "name": "Edges",
            "properties": {
              "custom_draw": "draw_property_socket"
            }
          },
          "Polygons": {
            "bl_idname": "SvStringsSocket",
            "name": "Polygons"
          },
          "Matrix": {
            "bl_idname": "SvMatrixSocket",
            "name": "Matrix"
          },
          "Vector Color": {
            "bl_idname": "SvColorSocket",
            "name": "Vector Color",
            "properties": {
              "custom_draw": "draw_color_socket",
              "prop_name": "vector_color"
            }
          },
          "Edge Color": {
            "bl_idname": "SvColorSocket",
            "name": "Edge Color",
            "properties": {
              "custom_draw": "draw_color_socket",
              "prop_name": "edge_color"
            }
          },
          "Polygon Color": {
            "bl_idname": "SvColorSocket",
            "name": "Polygon Color",
            "properties": {
              "custom_draw": "draw_color_socket",
              "prop_name": "polygon_color"
            }
          },
          "attrs": {
            "bl_idname": "SvStringsSocket",
            "name": "attrs",
            "attributes": {
              "hide": true
            },
            "properties": {
              "quick_link_to_node": "SvVDAttrsNodeMk2"
            }
          }
        },
        "bl_idname": "SvViewerDrawMk4"
      },
      "Vector in": {
        "attributes": {
          "location": [
            -253.00404357910156,
            -290.7388916015625
          ],
          "width": 100.0
        },
        "properties": {
          "y_": -2.0
        },
        "inputs": {
          "X": {
            "bl_idname": "SvStringsSocket",
            "name": "X",
            "properties": {
              "prop_name": "x_"
            }
          },
          "Y": {
            "bl_idname": "SvStringsSocket",
            "name": "Y",
            "properties": {
              "prop_name": "y_"
            }
          },
          "Z": {
            "bl_idname": "SvStringsSocket",
            "name": "Z",
            "properties": {
              "prop_name": "z_"
            }
          }
        },
        "outputs": {
          "Vectors": {
            "bl_idname": "SvVerticesSocket",
            "name": "Vectors"
          }
        },
        "bl_idname": "GenVectorsNode"
      },
      "Vector in.001": {
        "attributes": {
          "location": [
            -266.0361022949219,
            -448.5808410644531
          ],
          "width": 100.0
        },
        "properties": {
          "y_": -2.0
        },
        "inputs": {
          "X": {
            "bl_idname": "SvStringsSocket",
            "name": "X",
            "properties": {
              "prop_name": "x_"
            }
          },
          "Y": {
            "bl_idname": "SvStringsSocket",
            "name": "Y",
            "properties": {
              "prop_name": "y_"
            }
          },
          "Z": {
            "bl_idname": "SvStringsSocket",
            "name": "Z",
            "properties": {
              "prop_name": "z_"
            }
          }
        },
        "outputs": {
          "Vectors": {
            "bl_idname": "SvVerticesSocket",
            "name": "Vectors"
          }
        },
        "bl_idname": "GenVectorsNode"
      },
      "UV Connection": {
        "attributes": {
          "location": [
            669.1881713867188,
            -16.67555809020996
          ]
        },
        "properties": {
          "cap_V": true,
          "cicl_check_V": true,
          "slice_check": false
        },
        "inputs": {
          "vertices": {
            "bl_idname": "SvVerticesSocket",
            "name": "vertices"
          },
          "vertices 1": {
            "bl_idname": "SvVerticesSocket",
            "name": "vertices 1"
          },
          "vertices 2": {
            "bl_idname": "SvVerticesSocket",
            "name": "vertices 2"
          }
        },
        "outputs": {
          "vertices": {
            "bl_idname": "SvVerticesSocket",
            "name": "vertices"
          },
          "data": {
            "bl_idname": "SvStringsSocket",
            "name": "data"
          }
        },
        "bl_idname": "LineConnectNodeMK2"
      },
      "A Number": {
        "attributes": {
          "location": [
            -445.3556823730469,
            -92.89151763916016
          ]
        },
        "properties": {
          "float_": 2.049999952316284
        },
        "inputs": {
          "Float": {
            "bl_idname": "SvStringsSocket",
            "name": "Float",
            "properties": {
              "prop_name": "float_"
            }
          }
        },
        "outputs": {
          "Float": {
            "bl_idname": "SvStringsSocket",
            "name": "Float",
            "properties": {
              "custom_draw": "mode_custom_draw"
            }
          }
        },
        "bl_idname": "SvNumberNode"
      }
    },
    "links": [
      {
        "from_node": "Rotate.001",
        "from_socket": "Vertices",
        "to_node": "Move",
        "to_socket": "Vertices"
      },
      {
        "from_node": "Vector in.001",
        "from_socket": "Vectors",
        "to_node": "Move",
        "to_socket": "Movement Vectors"
      },
      {
        "from_node": "Rotate",
        "from_socket": "Vertices",
        "to_node": "Move.002",
        "to_socket": "Vertices"
      },
      {
        "from_node": "Vector in",
        "from_socket": "Vectors",
        "to_node": "Move.002",
        "to_socket": "Movement Vectors"
      },
      {
        "from_node": "A Number",
        "from_socket": "Float",
        "to_node": "Profile Parametric Mk3",
        "to_socket": "height"
      },
      {
        "from_node": "A Number.003",
        "from_socket": "Float",
        "to_node": "Profile Parametric Mk3",
        "to_socket": "top_coeff"
      },
      {
        "from_node": "Profile Parametric Mk3",
        "from_socket": "Vertices",
        "to_node": "Rotate",
        "to_socket": "Vertices"
      },
      {
        "from_node": "Scalar Math",
        "from_socket": "Out",
        "to_node": "Rotate",
        "to_socket": "X"
      },
      {
        "from_node": "Profile Parametric Mk3",
        "from_socket": "Vertices",
        "to_node": "Rotate.001",
        "to_socket": "Vertices"
      },
      {
        "from_node": "A Number.002",
        "from_socket": "Float",
        "to_node": "Rotate.001",
        "to_socket": "X"
      },
      {
        "from_node": "A Number.002",
        "from_socket": "Float",
        "to_node": "Scalar Math",
        "to_socket": "x"
      },
      {
        "from_node": "A Number.001",
        "from_socket": "Float",
        "to_node": "Scalar Math.002",
        "to_socket": "x"
      },
      {
        "from_node": "UV Connection",
        "from_socket": "vertices",
        "to_node": "VD Experimental",
        "to_socket": "Vertices"
      },
      {
        "from_node": "UV Connection",
        "from_socket": "data",
        "to_node": "VD Experimental",
        "to_socket": "Polygons"
      },
      {
        "from_node": "Scalar Math.002",
        "from_socket": "Out",
        "to_node": "Vector in",
        "to_socket": "Y"
      },
      {
        "from_node": "A Number.001",
        "from_socket": "Float",
        "to_node": "Vector in.001",
        "to_socket": "Y"
      },
      {
        "from_node": "Move.002",
        "from_socket": "Vertices",
        "to_node": "UV Connection",
        "to_socket": "vertices"
      },
      {
        "from_node": "Move",
        "from_socket": "Vertices",
        "to_node": "UV Connection",
        "to_socket": "vertices 1"
      }
    ]
  }
}