{
  "export_version": "1.0",
  "main_tree": {
    "nodes": {
      "Frame": {
        "attributes": {
          "location": [
            -580.0,
            -140.0
          ],
          "height": 754.0,
          "width": 1270.0
        },
        "bl_idname": "NodeFrame"
      },
      "Frame.001": {
        "attributes": {
          "location": [
            -260.0,
            -340.0
          ],
          "height": 234.0,
          "width": 560.0
        },
        "bl_idname": "NodeFrame"
      },
      "Frame.002": {
        "attributes": {
          "location": [
            -320.0,
            -100.0
          ],
          "height": 406.0,
          "width": 1308.0
        },
        "bl_idname": "NodeFrame"
      },
      "Frame.003": {
        "attributes": {
          "location": [
            -30.0,
            10.0
          ],
          "height": 436.0,
          "width": 1142.0
        },
        "bl_idname": "NodeFrame"
      },
      "Frame.004": {
        "attributes": {
          "location": [
            -360.0,
            -60.0
          ],
          "height": 452.0,
          "width": 200.0
        },
        "bl_idname": "NodeFrame"
      },
      "A Number": {
        "attributes": {
          "location": [
            -944.436767578125,
            69.13572692871094
          ],
          "parent": {
            "type": "NODE",
            "value": "Frame.003"
          }
        },
        "properties": {
          "int_": 50,
          "selected_mode": "int"
        },
        "inputs": {
          "Int": {
            "bl_idname": "SvStringsSocket",
            "name": "Int",
            "properties": {
              "prop_name": "int_"
            }
          }
        },
        "outputs": {
          "Int": {
            "bl_idname": "SvStringsSocket",
            "name": "Int",
            "properties": {
              "custom_draw": "mode_custom_draw"
            }
          }
        },
        "bl_idname": "SvNumberNode"
      },
      "A Number.001": {
        "attributes": {
          "location": [
            -947.8624267578125,
            -23.79926300048828
          ],
          "parent": {
            "type": "NODE",
            "value": "Frame.003"
          }
        },
        "properties": {
          "int_": 50,
          "selected_mode": "int"
        },
        "inputs": {
          "Int": {
            "bl_idname": "SvStringsSocket",
            "name": "Int",
            "properties": {
              "prop_name": "int_"
            }
          }
        },
        "outputs": {
          "Int": {
            "bl_idname": "SvStringsSocket",
            "name": "Int",
            "properties": {
              "custom_draw": "mode_custom_draw"
            }
          }
        },
        "bl_idname": "SvNumberNode"
      },
      "Cast": {
        "attributes": {
          "location": [
            795.651123046875,
            25.722412109375
          ],
          "parent": {
            "type": "NODE",
            "value": "Frame.002"
          }
        },
        "properties": {
          "scale_out_v": [
            0.8999999761581421,
            0.8999999761581421,
            0.8999999761581421
          ],
          "sphere_axis_scale": [
            1.0600000619888306,
            1.0600000619888306,
            1.0600000619888306
          ]
        },
        "inputs": {
          "Vertices": {
            "bl_idname": "SvVerticesSocket",
            "name": "Vertices"
          },
          "Shape Scale": {
            "bl_idname": "SvVerticesSocket",
            "name": "Shape Scale",
            "properties": {
              "prop_name": "sphere_axis_scale",
              "expanded": true
            }
          },
          "Effect Scale": {
            "bl_idname": "SvVerticesSocket",
            "name": "Effect Scale",
            "properties": {
              "prop_name": "scale_out_v",
              "expanded": true
            }
          },
          "Origin": {
            "bl_idname": "SvVerticesSocket",
            "name": "Origin",
            "attributes": {
              "hide": true
            },
            "properties": {
              "prop_name": "origin",
              "expanded": true
            }
          },
          "Size": {
            "bl_idname": "SvStringsSocket",
            "name": "Size",
            "attributes": {
              "hide": true
            },
            "properties": {
              "prop_name": "size"
            }
          },
          "Strength": {
            "bl_idname": "SvStringsSocket",
            "name": "Strength",
            "properties": {
              "prop_name": "strength"
            }
          },
          "U": {
            "bl_idname": "SvStringsSocket",
            "name": "U",
            "attributes": {
              "hide": true
            },
            "properties": {
              "prop_name": "U_div"
            }
          },
          "V": {
            "bl_idname": "SvStringsSocket",
            "name": "V",
            "attributes": {
              "hide": true
            },
            "properties": {
              "prop_name": "V_div"
            }
          }
        },
        "outputs": {
          "Vertices": {
            "bl_idname": "SvVerticesSocket",
            "name": "Vertices"
          }
        },
        "bl_idname": "SvCastNode"
      },
      "Color In": {
        "attributes": {
          "location": [
            1570.0,
            -350.0
          ],
          "width": 110.0,
          "parent": {
            "type": "NODE",
            "value": "Frame"
          }
        },
        "properties": {
          "b_": 0.5,
          "g_": 0.5,
          "r_": 0.5
        },
        "inputs": {
          "R": {
            "bl_idname": "SvStringsSocket",
            "name": "R",
            "properties": {
              "prop_name": "r_"
            }
          },
          "G": {
            "bl_idname": "SvStringsSocket",
            "name": "G",
            "properties": {
              "prop_name": "g_"
            }
          },
          "B": {
            "bl_idname": "SvStringsSocket",
            "name": "B",
            "properties": {
              "prop_name": "b_"
            }
          },
          "A": {
            "bl_idname": "SvStringsSocket",
            "name": "A",
            "properties": {
              "prop_name": "a_"
            }
          }
        },
        "outputs": {
          "Colors": {
            "bl_idname": "SvColorSocket",
            "name": "Colors"
          }
        },
        "bl_idname": "SvColorsInNodeMK1"
      },
      "Curve Mapper": {
        "attributes": {
          "location": [
            -251.3255615234375,
            56.682403564453125
          ],
          "width": 200.0,
          "parent": {
            "type": "NODE",
            "value": "Frame.003"
          }
        },
        "advanced_properties": {
          "curve_data": "{\"group_name\": \"sverchok_helper_group\", \"bl_idname\": \"ShaderNodeRGBCurve\", \"data\": [[[\"AUTO\", [0.0, 0.0]], [\"AUTO\", [1.0, 1.0]]], [[\"AUTO\", [0.0, 0.0]], [\"AUTO\", [1.0, 1.0]]], [[\"AUTO\", [0.0, 0.0]], [\"AUTO\", [1.0, 1.0]]], [[\"AUTO\", [0.0, 0.0]], [\"AUTO\", [0.3166666328907013, 0.625]], [\"AUTO\", [1.0, 1.0]]]]}"
        },
        "inputs": {
          "Value": {
            "bl_idname": "SvStringsSocket",
            "name": "Value",
            "properties": {
              "prop_name": "value"
            }
          }
        },
        "outputs": {
          "Value": {
            "bl_idname": "SvStringsSocket",
            "name": "Value"
          },
          "Curve": {
            "bl_idname": "SvCurveSocket",
            "name": "Curve"
          },
          "Control Points": {
            "bl_idname": "SvVerticesSocket",
            "name": "Control Points"
          }
        },
        "bl_idname": "SvCurveMapperNode"
      },
      "Curve Mapper.001": {
        "attributes": {
          "location": [
            1437.552978515625,
            -610.2816772460938
          ],
          "width": 200.0,
          "parent": {
            "type": "NODE",
            "value": "Frame"
          }
        },
        "advanced_properties": {
          "curve_data": "{\"group_name\": \"sverchok_helper_group\", \"bl_idname\": \"ShaderNodeRGBCurve\", \"data\": [[[\"AUTO\", [0.0, 0.0]], [\"AUTO\", [1.0, 1.0]]], [[\"AUTO\", [0.0, 0.0]], [\"AUTO\", [1.0, 1.0]]], [[\"AUTO\", [0.0, 0.0]], [\"AUTO\", [1.0, 1.0]]], [[\"AUTO\", [0.01666666753590107, 0.4624999165534973]], [\"AUTO\", [0.5833336114883423, 0.33750009536743164]], [\"AUTO\", [0.8277774453163147, 1.0]]]]}"
        },
        "inputs": {
          "Value": {
            "bl_idname": "SvStringsSocket",
            "name": "Value",
            "properties": {
              "prop_name": "value"
            }
          }
        },
        "outputs": {
          "Value": {
            "bl_idname": "SvStringsSocket",
            "name": "Value"
          },
          "Curve": {
            "bl_idname": "SvCurveSocket",
            "name": "Curve"
          },
          "Control Points": {
            "bl_idname": "SvVerticesSocket",
            "name": "Control Points"
          }
        },
        "bl_idname": "SvCurveMapperNode"
      },
      "Cylinder": {
        "attributes": {
          "location": [
            209.910888671875,
            73.46514892578125
          ],
          "height": 3.1399998664855957,
          "color": [
            0.9200000166893005,
            0.9200000166893005,
            0.9200000166893005
          ],
          "use_custom_color": true,
          "parent": {
            "type": "NODE",
            "value": "Frame.004"
          }
        },
        "properties": {
          "height": 3.1399998664855957,
          "cap_bottom": false,
          "cap_top": false,
          "parallels": 12,
          "radius_t": 0.8999999761581421,
          "twist": 5.0
        },
        "inputs": {
          "RadiusT": {
            "bl_idname": "SvStringsSocket",
            "name": "RadiusT",
            "properties": {
              "prop_name": "radius_t"
            }
          },
          "RadiusB": {
            "bl_idname": "SvStringsSocket",
            "name": "RadiusB",
            "properties": {
              "prop_name": "radius_b"
            }
          },
          "Parallels": {
            "bl_idname": "SvStringsSocket",
            "name": "Parallels",
            "properties": {
              "prop_name": "parallels"
            }
          },
          "Meridians": {
            "bl_idname": "SvStringsSocket",
            "name": "Meridians",
            "properties": {
              "prop_name": "meridians"
            }
          },
          "Height": {
            "bl_idname": "SvStringsSocket",
            "name": "Height",
            "properties": {
              "prop_name": "height"
            }
          },
          "Twist": {
            "bl_idname": "SvStringsSocket",
            "name": "Twist",
            "properties": {
              "prop_name": "twist"
            }
          },
          "Phase": {
            "bl_idname": "SvStringsSocket",
            "name": "Phase",
            "properties": {
              "prop_name": "phase"
            }
          },
          "Scale": {
            "bl_idname": "SvStringsSocket",
            "name": "Scale",
            "properties": {
              "prop_name": "scale"
            }
          },
          "Parallels Profile": {
            "bl_idname": "SvStringsSocket",
            "name": "Parallels Profile"
          },
          "Meridians Profile": {
            "bl_idname": "SvStringsSocket",
            "name": "Meridians Profile"
          }
        },
        "outputs": {
          "Vertices": {
            "bl_idname": "SvVerticesSocket",
            "name": "Vertices"
          },
          "Edges": {
            "bl_idname": "SvStringsSocket",
            "name": "Edges"
          },
          "Polygons": {
            "bl_idname": "SvStringsSocket",
            "name": "Polygons"
          }
        },
        "bl_idname": "SvCylinderNodeMK2"
      },
      "Float to Integer": {
        "attributes": {
          "location": [
            670.0,
            -690.0
          ],
          "parent": {
            "type": "NODE",
            "value": "Frame"
          }
        },
        "inputs": {
          "float": {
            "bl_idname": "SvStringsSocket",
            "name": "float"
          }
        },
        "outputs": {
          "int": {
            "bl_idname": "SvStringsSocket",
            "name": "int"
          }
        },
        "bl_idname": "Float2IntNode"
      },
      "List Length": {
        "attributes": {
          "location": [
            470.0,
            -350.0
          ],
          "parent": {
            "type": "NODE",
            "value": "Frame"
          }
        },
        "inputs": {
          "Data": {
            "bl_idname": "SvStringsSocket",
            "name": "Data"
          }
        },
        "outputs": {
          "Length": {
            "bl_idname": "SvStringsSocket",
            "name": "Length"
          }
        },
        "bl_idname": "ListLengthNode"
      },
      "List Length.001": {
        "attributes": {
          "location": [
            1790.0,
            -170.0
          ],
          "parent": {
            "type": "NODE",
            "value": "Frame.001"
          }
        },
        "inputs": {
          "Data": {
            "bl_idname": "SvStringsSocket",
            "name": "Data"
          }
        },
        "outputs": {
          "Length": {
            "bl_idname": "SvStringsSocket",
            "name": "Length"
          }
        },
        "bl_idname": "ListLengthNode"
      },
      "List Mask (Out)": {
        "attributes": {
          "location": [
            617.7754516601562,
            16.7998046875
          ],
          "parent": {
            "type": "NODE",
            "value": "Frame.002"
          }
        },
        "properties": {
          "Level": 2
        },
        "inputs": {
          "data": {
            "bl_idname": "SvStringsSocket",
            "name": "data"
          },
          "mask": {
            "bl_idname": "SvStringsSocket",
            "name": "mask"
          }
        },
        "outputs": {
          "mask": {
            "bl_idname": "SvStringsSocket",
            "name": "mask"
          },
          "ind_true": {
            "bl_idname": "SvStringsSocket",
            "name": "ind_true"
          },
          "ind_false": {
            "bl_idname": "SvStringsSocket",
            "name": "ind_false"
          },
          "dataTrue": {
            "bl_idname": "SvVerticesSocket",
            "name": "dataTrue"
          },
          "dataFalse": {
            "bl_idname": "SvVerticesSocket",
            "name": "dataFalse"
          }
        },
        "bl_idname": "MaskListNode"
      },
      "List Shift": {
        "attributes": {
          "location": [
            1210.0,
            -510.0
          ],
          "parent": {
            "type": "NODE",
            "value": "Frame"
          }
        },
        "properties": {
          "level": 1
        },
        "inputs": {
          "data": {
            "bl_idname": "SvStringsSocket",
            "name": "data"
          },
          "shift": {
            "bl_idname": "SvStringsSocket",
            "name": "shift",
            "properties": {
              "prop_name": "shift_c"
            }
          }
        },
        "outputs": {
          "data": {
            "bl_idname": "SvStringsSocket",
            "name": "data"
          }
        },
        "bl_idname": "ShiftNodeMK2"
      },
      "List Shift.001": {
        "attributes": {
          "location": [
            1210.0,
            -350.0
          ],
          "parent": {
            "type": "NODE",
            "value": "Frame"
          }
        },
        "properties": {
          "level": 1
        },
        "inputs": {
          "data": {
            "bl_idname": "SvStringsSocket",
            "name": "data"
          },
          "shift": {
            "bl_idname": "SvStringsSocket",
            "name": "shift",
            "properties": {
              "prop_name": "shift_c"
            }
          }
        },
        "outputs": {
          "data": {
            "bl_idname": "SvStringsSocket",
            "name": "data"
          }
        },
        "bl_idname": "ShiftNodeMK2"
      },
      "Matrix In.001": {
        "attributes": {
          "location": [
            1360.1839599609375,
            68.1553955078125
          ],
          "parent": {
            "type": "NODE",
            "value": "Frame.002"
          }
        },
        "properties": {
          "angle": 90.0,
          "axis": [
            0.0,
            1.0,
            -0.10000000149011612
          ]
        },
        "inputs": {
          "Location": {
            "bl_idname": "SvVerticesSocket",
            "name": "Location",
            "properties": {
              "prop_name": "location_"
            }
          },
          "Scale": {
            "bl_idname": "SvVerticesSocket",
            "name": "Scale",
            "properties": {
              "prop_name": "scale"
            }
          },
          "Quaternion": {
            "bl_idname": "SvQuaternionSocket",
            "name": "Quaternion",
            "attributes": {
              "hide": true
            },
            "properties": {
              "prop_name": "quaternion"
            }
          },
          "Angle X": {
            "bl_idname": "SvStringsSocket",
            "name": "Angle X",
            "attributes": {
              "hide": true
            },
            "properties": {
              "prop_name": "angle_x"
            }
          },
          "Angle Y": {
            "bl_idname": "SvStringsSocket",
            "name": "Angle Y",
            "attributes": {
              "hide": true
            },
            "properties": {
              "prop_name": "angle_y"
            }
          },
          "Angle Z": {
            "bl_idname": "SvStringsSocket",
            "name": "Angle Z",
            "attributes": {
              "hide": true
            },
            "properties": {
              "prop_name": "angle_z"
            }
          },
          "Axis": {
            "bl_idname": "SvVerticesSocket",
            "name": "Axis",
            "properties": {
              "prop_name": "axis",
              "expanded": true
            }
          },
          "Angle": {
            "bl_idname": "SvStringsSocket",
            "name": "Angle",
            "properties": {
              "prop_name": "angle"
            }
          }
        },
        "outputs": {
          "Matrices": {
            "bl_idname": "SvMatrixSocket",
            "name": "Matrices"
          }
        },
        "bl_idname": "SvMatrixInNodeMK4"
      },
      "Mesh Viewer": {
        "attributes": {
          "location": [
            1546.9835205078125,
            68.91566467285156
          ],
          "color": [
            0.6284880042076111,
            0.931007981300354,
            1.0
          ],
          "use_custom_color": true,
          "parent": {
            "type": "NODE",
            "value": "Frame.002"
          }
        },
        "properties": {
          "base_data_name": "Beta",
          "draw_3dpanel": true,
          "is_smooth_mesh": true
        },
        "inputs": {
          "vertices": {
            "bl_idname": "SvVerticesSocket",
            "name": "vertices"
          },
          "edges": {
            "bl_idname": "SvStringsSocket",
            "name": "edges",
            "properties": {
              "custom_draw": "draw_edges_props"
            }
          },
          "faces": {
            "bl_idname": "SvStringsSocket",
            "name": "faces"
          },
          "material_idx": {
            "bl_idname": "SvStringsSocket",
            "name": "material_idx"
          },
          "matrix": {
            "bl_idname": "SvMatrixSocket",
            "name": "matrix",
            "properties": {
              "custom_draw": "draw_matrix_props"
            }
          }
        },
        "outputs": {
          "Objects": {
            "bl_idname": "SvObjectSocket",
            "name": "Objects"
          }
        },
        "bl_idname": "SvMeshViewer"
      },
      "Note": {
        "attributes": {
          "location": [
            -963.0725708007812,
            -355.2191162109375
          ],
          "width": 400.0,
          "color": [
            1.0,
            0.8993440270423889,
            0.9742509722709656
          ],
          "use_custom_color": true
        },
        "properties": {
          "n_id": "-7382859279582228466",
          "text": "nikitron 2020 | candy"
        },
        "inputs": {
          "Text In": {
            "bl_idname": "SvStringsSocket",
            "name": "Text In"
          }
        },
        "outputs": {
          "Text Out": {
            "bl_idname": "SvStringsSocket",
            "name": "Text Out"
          }
        },
        "bl_idname": "NoteNode"
      },
      "Number Range": {
        "attributes": {
          "location": [
            -745.6124267578125,
            69.01535034179688
          ],
          "parent": {
            "type": "NODE",
            "value": "Frame.003"
          }
        },
        "properties": {
          "current_mode": "RANGE_COUNT",
          "range_mode": "RANGE_COUNT",
          "start_float": -1.1343951225280762,
          "stop_float": 4.322388648986816
        },
        "inputs": {
          "Start": {
            "bl_idname": "SvStringsSocket",
            "name": "Start",
            "properties": {
              "prop_name": "start_float"
            }
          },
          "Step": {
            "bl_idname": "SvStringsSocket",
            "name": "Step",
            "properties": {
              "prop_name": "stop_float",
              "label": "stop"
            }
          },
          "Stop": {
            "bl_idname": "SvStringsSocket",
            "name": "Stop",
            "properties": {
              "prop_name": "count_",
              "label": "count"
            }
          }
        },
        "outputs": {
          "Range": {
            "bl_idname": "SvStringsSocket",
            "name": "Range"
          }
        },
        "bl_idname": "SvGenNumberRange"
      },
      "Number Range.001": {
        "attributes": {
          "location": [
            -737.5813598632812,
            -126.2098388671875
          ],
          "parent": {
            "type": "NODE",
            "value": "Frame.003"
          }
        },
        "properties": {
          "current_mode": "RANGE_COUNT",
          "range_mode": "RANGE_COUNT",
          "stop_float": 6.2831854820251465
        },
        "inputs": {
          "Start": {
            "bl_idname": "SvStringsSocket",
            "name": "Start",
            "properties": {
              "prop_name": "start_float"
            }
          },
          "Step": {
            "bl_idname": "SvStringsSocket",
            "name": "Step",
            "properties": {
              "prop_name": "stop_float",
              "label": "stop"
            }
          },
          "Stop": {
            "bl_idname": "SvStringsSocket",
            "name": "Stop",
            "properties": {
              "prop_name": "count_",
              "label": "count"
            }
          }
        },
        "outputs": {
          "Range": {
            "bl_idname": "SvStringsSocket",
            "name": "Range"
          }
        },
        "bl_idname": "SvGenNumberRange"
      },
      "Number Range.002": {
        "attributes": {
          "location": [
            670.0,
            -350.0
          ],
          "parent": {
            "type": "NODE",
            "value": "Frame"
          }
        },
        "properties": {
          "current_mode": "RANGE_COUNT",
          "range_mode": "RANGE_COUNT",
          "stop_float": 3.1415927410125732
        },
        "inputs": {
          "Start": {
            "bl_idname": "SvStringsSocket",
            "name": "Start",
            "properties": {
              "prop_name": "start_float"
            }
          },
          "Step": {
            "bl_idname": "SvStringsSocket",
            "name": "Step",
            "properties": {
              "prop_name": "stop_float",
              "label": "stop"
            }
          },
          "Stop": {
            "bl_idname": "SvStringsSocket",
            "name": "Stop",
            "properties": {
              "prop_name": "count_",
              "label": "count"
            }
          }
        },
        "outputs": {
          "Range": {
            "bl_idname": "SvStringsSocket",
            "name": "Range"
          }
        },
        "bl_idname": "SvGenNumberRange"
      },
      "Number Range.003": {
        "attributes": {
          "location": [
            670.0,
            -790.0
          ],
          "parent": {
            "type": "NODE",
            "value": "Frame"
          }
        },
        "properties": {
          "count_": 6,
          "current_mode": "RANGE_COUNT",
          "range_mode": "RANGE_COUNT",
          "start_float": 0.699999988079071,
          "stop_float": 1.0
        },
        "inputs": {
          "Start": {
            "bl_idname": "SvStringsSocket",
            "name": "Start",
            "properties": {
              "prop_name": "start_float"
            }
          },
          "Step": {
            "bl_idname": "SvStringsSocket",
            "name": "Step",
            "properties": {
              "prop_name": "stop_float",
              "label": "stop"
            }
          },
          "Stop": {
            "bl_idname": "SvStringsSocket",
            "name": "Stop",
            "properties": {
              "prop_name": "count_",
              "label": "count"
            }
          }
        },
        "outputs": {
          "Range": {
            "bl_idname": "SvStringsSocket",
            "name": "Range"
          }
        },
        "bl_idname": "SvGenNumberRange"
      },
      "Number Range.004": {
        "attributes": {
          "location": [
            1210.0,
            -670.0
          ],
          "parent": {
            "type": "NODE",
            "value": "Frame"
          }
        },
        "properties": {
          "count_": 5,
          "current_mode": "RANGE_COUNT",
          "range_mode": "RANGE_COUNT",
          "start_float": 0.800000011920929,
          "stop_float": 1.0
        },
        "inputs": {
          "Start": {
            "bl_idname": "SvStringsSocket",
            "name": "Start",
            "properties": {
              "prop_name": "start_float"
            }
          },
          "Step": {
            "bl_idname": "SvStringsSocket",
            "name": "Step",
            "properties": {
              "prop_name": "stop_float",
              "label": "stop"
            }
          },
          "Stop": {
            "bl_idname": "SvStringsSocket",
            "name": "Stop",
            "properties": {
              "prop_name": "count_",
              "label": "count"
            }
          }
        },
        "outputs": {
          "Range": {
            "bl_idname": "SvStringsSocket",
            "name": "Range"
          }
        },
        "bl_idname": "SvGenNumberRange"
      },
      "Number Range.005": {
        "attributes": {
          "location": [
            1210.0,
            -870.0
          ],
          "parent": {
            "type": "NODE",
            "value": "Frame"
          }
        },
        "properties": {
          "count_": 8,
          "current_mode": "RANGE_COUNT",
          "range_mode": "RANGE_COUNT",
          "start_float": 1.0,
          "stop_float": 0.6000000238418579
        },
        "inputs": {
          "Start": {
            "bl_idname": "SvStringsSocket",
            "name": "Start",
            "properties": {
              "prop_name": "start_float"
            }
          },
          "Step": {
            "bl_idname": "SvStringsSocket",
            "name": "Step",
            "properties": {
              "prop_name": "stop_float",
              "label": "stop"
            }
          },
          "Stop": {
            "bl_idname": "SvStringsSocket",
            "name": "Stop",
            "properties": {
              "prop_name": "count_",
              "label": "count"
            }
          }
        },
        "outputs": {
          "Range": {
            "bl_idname": "SvStringsSocket",
            "name": "Range"
          }
        },
        "bl_idname": "SvGenNumberRange"
      },
      "Number Range.006": {
        "attributes": {
          "location": [
            1970.0,
            -170.0
          ],
          "parent": {
            "type": "NODE",
            "value": "Frame.001"
          }
        },
        "properties": {
          "current_mode": "RANGE_STEP",
          "number_mode": "int",
          "range_mode": "RANGE_STEP"
        },
        "inputs": {
          "Start": {
            "bl_idname": "SvStringsSocket",
            "name": "Start",
            "properties": {
              "prop_name": "start_int"
            }
          },
          "Step": {
            "bl_idname": "SvStringsSocket",
            "name": "Step",
            "properties": {
              "prop_name": "step_int",
              "label": "step"
            }
          },
          "Stop": {
            "bl_idname": "SvStringsSocket",
            "name": "Stop",
            "properties": {
              "prop_name": "count_",
              "label": "count"
            }
          }
        },
        "outputs": {
          "Range": {
            "bl_idname": "SvStringsSocket",
            "name": "Range"
          }
        },
        "bl_idname": "SvGenNumberRange"
      },
      "Scalar Math": {
        "attributes": {
          "location": [
            -578.3626708984375,
            68.54046630859375
          ],
          "parent": {
            "type": "NODE",
            "value": "Frame.003"
          }
        },
        "properties": {
          "current_op": "SINE"
        },
        "inputs": {
          "x": {
            "bl_idname": "SvStringsSocket",
            "name": "x",
            "properties": {
              "prop_name": "x_"
            }
          }
        },
        "outputs": {
          "Out": {
            "bl_idname": "SvStringsSocket",
            "name": "Out"
          }
        },
        "bl_idname": "SvScalarMathNodeMK4"
      },
      "Scalar Math.001": {
        "attributes": {
          "location": [
            -415.11376953125,
            66.807861328125
          ],
          "parent": {
            "type": "NODE",
            "value": "Frame.003"
          }
        },
        "properties": {
          "current_op": "ABS"
        },
        "inputs": {
          "x": {
            "bl_idname": "SvStringsSocket",
            "name": "x",
            "properties": {
              "prop_name": "x_"
            }
          }
        },
        "outputs": {
          "Out": {
            "bl_idname": "SvStringsSocket",
            "name": "Out"
          }
        },
        "bl_idname": "SvScalarMathNodeMK4"
      },
      "Scalar Math.002": {
        "attributes": {
          "location": [
            -6.12261962890625,
            65.59207153320312
          ],
          "parent": {
            "type": "NODE",
            "value": "Frame.003"
          }
        },
        "properties": {
          "current_op": "MAX",
          "y_": 0.19300000369548798
        },
        "inputs": {
          "x": {
            "bl_idname": "SvStringsSocket",
            "name": "x",
            "properties": {
              "prop_name": "x_"
            }
          },
          "y": {
            "bl_idname": "SvStringsSocket",
            "name": "y",
            "properties": {
              "prop_name": "y_"
            }
          }
        },
        "outputs": {
          "Out": {
            "bl_idname": "SvStringsSocket",
            "name": "Out"
          }
        },
        "bl_idname": "SvScalarMathNodeMK4"
      },
      "Scalar Math.003": {
        "attributes": {
          "location": [
            -565.1807861328125,
            -118.37713623046875
          ],
          "parent": {
            "type": "NODE",
            "value": "Frame.003"
          }
        },
        "properties": {
          "current_op": "COSINE"
        },
        "inputs": {
          "x": {
            "bl_idname": "SvStringsSocket",
            "name": "x",
            "properties": {
              "prop_name": "x_"
            }
          }
        },
        "outputs": {
          "Out": {
            "bl_idname": "SvStringsSocket",
            "name": "Out"
          }
        },
        "bl_idname": "SvScalarMathNodeMK4"
      },
      "Scalar Math.004": {
        "attributes": {
          "location": [
            -412.1898498535156,
            -119.83074951171875
          ],
          "parent": {
            "type": "NODE",
            "value": "Frame.003"
          }
        },
        "properties": {
          "current_op": "ABS"
        },
        "inputs": {
          "x": {
            "bl_idname": "SvStringsSocket",
            "name": "x",
            "properties": {
              "prop_name": "x_"
            }
          }
        },
        "outputs": {
          "Out": {
            "bl_idname": "SvStringsSocket",
            "name": "Out"
          }
        },
        "bl_idname": "SvScalarMathNodeMK4"
      },
      "Scalar Math.005": {
        "attributes": {
          "location": [
            -12.961395263671875,
            -106.53506469726562
          ],
          "parent": {
            "type": "NODE",
            "value": "Frame.003"
          }
        },
        "properties": {
          "current_op": "MAX",
          "y_": 0.49000000953674316
        },
        "inputs": {
          "x": {
            "bl_idname": "SvStringsSocket",
            "name": "x",
            "properties": {
              "prop_name": "x_"
            }
          },
          "y": {
            "bl_idname": "SvStringsSocket",
            "name": "y",
            "properties": {
              "prop_name": "y_"
            }
          }
        },
        "outputs": {
          "Out": {
            "bl_idname": "SvStringsSocket",
            "name": "Out"
          }
        },
        "bl_idname": "SvScalarMathNodeMK4"
      },
      "Scalar Math.006": {
        "attributes": {
          "location": [
            670.0,
            -550.0
          ],
          "parent": {
            "type": "NODE",
            "value": "Frame"
          }
        },
        "properties": {
          "current_op": "INTDIV",
          "y_": 2.0
        },
        "inputs": {
          "x": {
            "bl_idname": "SvStringsSocket",
            "name": "x",
            "properties": {
              "prop_name": "x_"
            }
          },
          "y": {
            "bl_idname": "SvStringsSocket",
            "name": "y",
            "properties": {
              "prop_name": "y_"
            }
          }
        },
        "outputs": {
          "Out": {
            "bl_idname": "SvStringsSocket",
            "name": "Out"
          }
        },
        "bl_idname": "SvScalarMathNodeMK4"
      },
      "Scalar Math.007": {
        "attributes": {
          "location": [
            850.0,
            -350.0
          ],
          "parent": {
            "type": "NODE",
            "value": "Frame"
          }
        },
        "properties": {
          "current_op": "SINE",
          "y_": 2.0
        },
        "inputs": {
          "x": {
            "bl_idname": "SvStringsSocket",
            "name": "x",
            "properties": {
              "prop_name": "x_"
            }
          }
        },
        "outputs": {
          "Out": {
            "bl_idname": "SvStringsSocket",
            "name": "Out"
          }
        },
        "bl_idname": "SvScalarMathNodeMK4"
      },
      "Scalar Math.008": {
        "attributes": {
          "location": [
            1030.0,
            -350.0
          ],
          "parent": {
            "type": "NODE",
            "value": "Frame"
          }
        },
        "properties": {
          "list_match": "CYCLE"
        },
        "inputs": {
          "x": {
            "bl_idname": "SvStringsSocket",
            "name": "x",
            "properties": {
              "prop_name": "x_"
            }
          },
          "y": {
            "bl_idname": "SvStringsSocket",
            "name": "y",
            "properties": {
              "prop_name": "y_"
            }
          }
        },
        "outputs": {
          "Out": {
            "bl_idname": "SvStringsSocket",
            "name": "Out"
          }
        },
        "bl_idname": "SvScalarMathNodeMK4"
      },
      "Scalar Math.009": {
        "attributes": {
          "location": [
            1390.0,
            -470.0
          ],
          "parent": {
            "type": "NODE",
            "value": "Frame"
          }
        },
        "properties": {
          "list_match": "CYCLE"
        },
        "inputs": {
          "x": {
            "bl_idname": "SvStringsSocket",
            "name": "x",
            "properties": {
              "prop_name": "x_"
            }
          },
          "y": {
            "bl_idname": "SvStringsSocket",
            "name": "y",
            "properties": {
              "prop_name": "y_"
            }
          }
        },
        "outputs": {
          "Out": {
            "bl_idname": "SvStringsSocket",
            "name": "Out"
          }
        },
        "bl_idname": "SvScalarMathNodeMK4"
      },
      "Scalar Math.010": {
        "attributes": {
          "location": [
            1390.0,
            -350.0
          ],
          "parent": {
            "type": "NODE",
            "value": "Frame"
          }
        },
        "properties": {
          "list_match": "CYCLE"
        },
        "inputs": {
          "x": {
            "bl_idname": "SvStringsSocket",
            "name": "x",
            "properties": {
              "prop_name": "x_"
            }
          },
          "y": {
            "bl_idname": "SvStringsSocket",
            "name": "y",
            "properties": {
              "prop_name": "y_"
            }
          }
        },
        "outputs": {
          "Out": {
            "bl_idname": "SvStringsSocket",
            "name": "Out"
          }
        },
        "bl_idname": "SvScalarMathNodeMK4"
      },
      "Select Mesh Elements by Location": {
        "attributes": {
          "location": [
            438.95111083984375,
            30.677490234375
          ],
          "parent": {
            "type": "NODE",
            "value": "Frame.002"
          }
        },
        "properties": {
          "mode": "BySphere",
          "radius": 1.0299999713897705
        },
        "inputs": {
          "Vertices": {
            "bl_idname": "SvVerticesSocket",
            "name": "Vertices",
            "properties": {
              "is_mandatory": true
            }
          },
          "Edges": {
            "bl_idname": "SvStringsSocket",
            "name": "Edges",
            "properties": {
              "nesting_level": 3
            }
          },
          "Polygons": {
            "bl_idname": "SvStringsSocket",
            "name": "Polygons",
            "properties": {
              "nesting_level": 3
            }
          },
          "Direction": {
            "bl_idname": "SvVerticesSocket",
            "name": "Direction",
            "attributes": {
              "hide": true
            },
            "properties": {
              "use_prop": true,
              "prop": [
                0.0,
                0.0,
                1.0
              ]
            }
          },
          "Center": {
            "bl_idname": "SvVerticesSocket",
            "name": "Center",
            "properties": {
              "use_prop": true
            }
          },
          "Percent": {
            "bl_idname": "SvStringsSocket",
            "name": "Percent",
            "attributes": {
              "hide": true
            },
            "properties": {
              "prop_name": "percent"
            }
          },
          "Radius": {
            "bl_idname": "SvStringsSocket",
            "name": "Radius",
            "properties": {
              "prop_name": "radius"
            }
          }
        },
        "outputs": {
          "VerticesMask": {
            "bl_idname": "SvStringsSocket",
            "name": "VerticesMask"
          },
          "EdgesMask": {
            "bl_idname": "SvStringsSocket",
            "name": "EdgesMask"
          },
          "FacesMask": {
            "bl_idname": "SvStringsSocket",
            "name": "FacesMask"
          }
        },
        "bl_idname": "SvMeshSelectNodeMk2"
      },
      "Simple Deformation": {
        "attributes": {
          "location": [
            1148.50732421875,
            29.5880126953125
          ],
          "parent": {
            "type": "NODE",
            "value": "Frame.002"
          }
        },
        "properties": {
          "angle": 8.0,
          "hi_limit": 83.62000274658203,
          "low_limit": 17.1299991607666
        },
        "inputs": {
          "Vertices": {
            "bl_idname": "SvVerticesSocket",
            "name": "Vertices"
          },
          "Origin": {
            "bl_idname": "SvMatrixSocket",
            "name": "Origin"
          },
          "Angle": {
            "bl_idname": "SvStringsSocket",
            "name": "Angle",
            "properties": {
              "prop_name": "angle"
            }
          },
          "Factor": {
            "bl_idname": "SvStringsSocket",
            "name": "Factor",
            "attributes": {
              "hide": true
            },
            "properties": {
              "prop_name": "factor"
            }
          },
          "LowLimit": {
            "bl_idname": "SvStringsSocket",
            "name": "LowLimit",
            "properties": {
              "prop_name": "low_limit"
            }
          },
          "HighLimit": {
            "bl_idname": "SvStringsSocket",
            "name": "HighLimit",
            "properties": {
              "prop_name": "hi_limit"
            }
          }
        },
        "outputs": {
          "Vertices": {
            "bl_idname": "SvVerticesSocket",
            "name": "Vertices"
          }
        },
        "bl_idname": "SvSimpleDeformNode"
      },
      "Vertex Color MK3": {
        "attributes": {
          "location": [
            2150.0,
            -170.0
          ],
          "parent": {
            "type": "NODE",
            "value": "Frame.001"
          }
        },
        "inputs": {
          "Object": {
            "bl_idname": "SvObjectSocket",
            "name": "Object"
          },
          "Index": {
            "bl_idname": "SvStringsSocket",
            "name": "Index"
          },
          "Color": {
            "bl_idname": "SvColorSocket",
            "name": "Color",
            "properties": {
              "prop_name": "unit_color"
            }
          }
        },
        "bl_idname": "SvVertexColorNodeMK3"
      },
      "List Mask Join (In).001": {
        "attributes": {
          "location": [
            980.05126953125,
            28.58160400390625
          ],
          "parent": {
            "type": "NODE",
            "value": "Frame.002"
          }
        },
        "properties": {
          "level": 2
        },
        "inputs": {
          "Mask": {
            "bl_idname": "SvStringsSocket",
            "name": "Mask"
          },
          "Data True": {
            "bl_idname": "SvStringsSocket",
            "name": "Data True"
          },
          "Data False": {
            "bl_idname": "SvStringsSocket",
            "name": "Data False"
          }
        },
        "outputs": {
          "Data": {
            "bl_idname": "SvVerticesSocket",
            "name": "Data"
          }
        },
        "bl_idname": "SvMaskJoinNodeMK2"
      }
    },
    "links": [
      {
        "from_node": "List Mask (Out)",
        "from_socket": "dataTrue",
        "to_node": "Cast",
        "to_socket": "Vertices"
      },
      {
        "from_node": "Curve Mapper.001",
        "from_socket": "Value",
        "to_node": "Color In",
        "to_socket": "R"
      },
      {
        "from_node": "Scalar Math.010",
        "from_socket": "Out",
        "to_node": "Color In",
        "to_socket": "G"
      },
      {
        "from_node": "Scalar Math.009",
        "from_socket": "Out",
        "to_node": "Color In",
        "to_socket": "B"
      },
      {
        "from_node": "Scalar Math.001",
        "from_socket": "Out",
        "to_node": "Curve Mapper",
        "to_socket": "Value"
      },
      {
        "from_node": "Scalar Math.008",
        "from_socket": "Out",
        "to_node": "Curve Mapper.001",
        "to_socket": "Value"
      },
      {
        "from_node": "A Number",
        "from_socket": "Int",
        "to_node": "Cylinder",
        "to_socket": "Parallels"
      },
      {
        "from_node": "A Number.001",
        "from_socket": "Int",
        "to_node": "Cylinder",
        "to_socket": "Meridians"
      },
      {
        "from_node": "Scalar Math.005",
        "from_socket": "Out",
        "to_node": "Cylinder",
        "to_socket": "Parallels Profile"
      },
      {
        "from_node": "Scalar Math.002",
        "from_socket": "Out",
        "to_node": "Cylinder",
        "to_socket": "Meridians Profile"
      },
      {
        "from_node": "Scalar Math.006",
        "from_socket": "Out",
        "to_node": "Float to Integer",
        "to_socket": "float"
      },
      {
        "from_node": "Cylinder",
        "from_socket": "Polygons",
        "to_node": "List Length",
        "to_socket": "Data"
      },
      {
        "from_node": "Simple Deformation",
        "from_socket": "Vertices",
        "to_node": "List Length.001",
        "to_socket": "Data"
      },
      {
        "from_node": "Cylinder",
        "from_socket": "Vertices",
        "to_node": "List Mask (Out)",
        "to_socket": "data"
      },
      {
        "from_node": "Select Mesh Elements by Location",
        "from_socket": "VerticesMask",
        "to_node": "List Mask (Out)",
        "to_socket": "mask"
      },
      {
        "from_node": "Scalar Math.007",
        "from_socket": "Out",
        "to_node": "List Shift",
        "to_socket": "data"
      },
      {
        "from_node": "Float to Integer",
        "from_socket": "int",
        "to_node": "List Shift",
        "to_socket": "shift"
      },
      {
        "from_node": "Scalar Math.007",
        "from_socket": "Out",
        "to_node": "List Shift.001",
        "to_socket": "data"
      },
      {
        "from_node": "Float to Integer",
        "from_socket": "int",
        "to_node": "List Shift.001",
        "to_socket": "shift"
      },
      {
        "from_node": "Simple Deformation",
        "from_socket": "Vertices",
        "to_node": "Mesh Viewer",
        "to_socket": "vertices"
      },
      {
        "from_node": "Cylinder",
        "from_socket": "Edges",
        "to_node": "Mesh Viewer",
        "to_socket": "edges"
      },
      {
        "from_node": "Cylinder",
        "from_socket": "Polygons",
        "to_node": "Mesh Viewer",
        "to_socket": "faces"
      },
      {
        "from_node": "Matrix In.001",
        "from_socket": "Matrices",
        "to_node": "Mesh Viewer",
        "to_socket": "matrix"
      },
      {
        "from_node": "A Number",
        "from_socket": "Int",
        "to_node": "Number Range",
        "to_socket": "Stop"
      },
      {
        "from_node": "A Number.001",
        "from_socket": "Int",
        "to_node": "Number Range.001",
        "to_socket": "Stop"
      },
      {
        "from_node": "List Length",
        "from_socket": "Length",
        "to_node": "Number Range.002",
        "to_socket": "Stop"
      },
      {
        "from_node": "List Length.001",
        "from_socket": "Length",
        "to_node": "Number Range.006",
        "to_socket": "Stop"
      },
      {
        "from_node": "Number Range",
        "from_socket": "Range",
        "to_node": "Scalar Math",
        "to_socket": "x"
      },
      {
        "from_node": "Scalar Math",
        "from_socket": "Out",
        "to_node": "Scalar Math.001",
        "to_socket": "x"
      },
      {
        "from_node": "Curve Mapper",
        "from_socket": "Value",
        "to_node": "Scalar Math.002",
        "to_socket": "x"
      },
      {
        "from_node": "Number Range.001",
        "from_socket": "Range",
        "to_node": "Scalar Math.003",
        "to_socket": "x"
      },
      {
        "from_node": "Scalar Math.003",
        "from_socket": "Out",
        "to_node": "Scalar Math.004",
        "to_socket": "x"
      },
      {
        "from_node": "Scalar Math.004",
        "from_socket": "Out",
        "to_node": "Scalar Math.005",
        "to_socket": "x"
      },
      {
        "from_node": "List Length",
        "from_socket": "Length",
        "to_node": "Scalar Math.006",
        "to_socket": "x"
      },
      {
        "from_node": "Number Range.002",
        "from_socket": "Range",
        "to_node": "Scalar Math.007",
        "to_socket": "x"
      },
      {
        "from_node": "Scalar Math.007",
        "from_socket": "Out",
        "to_node": "Scalar Math.008",
        "to_socket": "x"
      },
      {
        "from_node": "Number Range.003",
        "from_socket": "Range",
        "to_node": "Scalar Math.008",
        "to_socket": "y"
      },
      {
        "from_node": "List Shift",
        "from_socket": "data",
        "to_node": "Scalar Math.009",
        "to_socket": "x"
      },
      {
        "from_node": "Number Range.004",
        "from_socket": "Range",
        "to_node": "Scalar Math.009",
        "to_socket": "y"
      },
      {
        "from_node": "List Shift.001",
        "from_socket": "data",
        "to_node": "Scalar Math.010",
        "to_socket": "x"
      },
      {
        "from_node": "Number Range.005",
        "from_socket": "Range",
        "to_node": "Scalar Math.010",
        "to_socket": "y"
      },
      {
        "from_node": "Cylinder",
        "from_socket": "Vertices",
        "to_node": "Select Mesh Elements by Location",
        "to_socket": "Vertices"
      },
      {
        "from_node": "Cylinder",
        "from_socket": "Edges",
        "to_node": "Select Mesh Elements by Location",
        "to_socket": "Edges"
      },
      {
        "from_node": "Cylinder",
        "from_socket": "Polygons",
        "to_node": "Select Mesh Elements by Location",
        "to_socket": "Polygons"
      },
      {
        "from_node": "List Mask Join (In).001",
        "from_socket": "Data",
        "to_node": "Simple Deformation",
        "to_socket": "Vertices"
      },
      {
        "from_node": "Mesh Viewer",
        "from_socket": "Objects",
        "to_node": "Vertex Color MK3",
        "to_socket": "Object"
      },
      {
        "from_node": "Number Range.006",
        "from_socket": "Range",
        "to_node": "Vertex Color MK3",
        "to_socket": "Index"
      },
      {
        "from_node": "Color In",
        "from_socket": "Colors",
        "to_node": "Vertex Color MK3",
        "to_socket": "Color"
      },
      {
        "from_node": "Select Mesh Elements by Location",
        "from_socket": "VerticesMask",
        "to_node": "List Mask Join (In).001",
        "to_socket": "Mask"
      },
      {
        "from_node": "Cast",
        "from_socket": "Vertices",
        "to_node": "List Mask Join (In).001",
        "to_socket": "Data True"
      },
      {
        "from_node": "List Mask (Out)",
        "from_socket": "dataFalse",
        "to_node": "List Mask Join (In).001",
        "to_socket": "Data False"
      }
    ]
  }
}