{
  "export_version": "1.0",
  "main_tree": {
    "nodes": {
      "Frame": {
        "attributes": {
          "location": [
            -30.240001678466797,
            10.079999923706055
          ],
          "height": 821.0,
          "width": 831.0,
          "label": "Base Ring with holes"
        },
        "bl_idname": "NodeFrame"
      },
      "Frame.001": {
        "attributes": {
          "location": [
            -36.756248474121094,
            -123.00218963623047
          ],
          "height": 560.0,
          "width": 757.0,
          "label": "Select outer rim"
        },
        "bl_idname": "NodeFrame"
      },
      "Frame.002": {
        "attributes": {
          "location": [
            -30.240001678466797,
            10.079999923706055
          ],
          "height": 405.0,
          "width": 413.0,
          "label": "Extrude outer rim"
        },
        "bl_idname": "NodeFrame"
      },
      "A Number": {
        "attributes": {
          "location": [
            -759.931640625,
            -108.62287139892578
          ]
        },
        "properties": {
          "float_": 2.180000066757202
        },
        "inputs": {
          "Float": {
            "bl_idname": "SvStringsSocket",
            "name": "Float",
            "properties": {
              "prop_name": "float_"
            }
          }
        },
        "outputs": {
          "Float": {
            "bl_idname": "SvStringsSocket",
            "name": "Float",
            "properties": {
              "custom_draw": "mode_custom_draw"
            }
          }
        },
        "bl_idname": "SvNumberNode"
      },
      "A Number.001": {
        "attributes": {
          "location": [
            -760.685546875,
            38.979434967041016
          ]
        },
        "properties": {
          "float_": 0.30000001192092896
        },
        "inputs": {
          "Float": {
            "bl_idname": "SvStringsSocket",
            "name": "Float",
            "properties": {
              "prop_name": "float_"
            }
          }
        },
        "outputs": {
          "Float": {
            "bl_idname": "SvStringsSocket",
            "name": "Float",
            "properties": {
              "custom_draw": "mode_custom_draw"
            }
          }
        },
        "bl_idname": "SvNumberNode"
      },
      "Circle": {
        "attributes": {
          "location": [
            -226.71238327026367,
            -229.33854866027832
          ],
          "color": [
            0.0,
            0.5,
            0.5
          ],
          "use_custom_color": true,
          "parent": {
            "type": "NODE",
            "value": "Frame"
          }
        },
        "properties": {
          "rad_": 0.30000001192092896,
          "vert_": 18
        },
        "inputs": {
          "Radius": {
            "bl_idname": "SvStringsSocket",
            "name": "Radius",
            "properties": {
              "prop_name": "rad_"
            }
          },
          "num Verts": {
            "bl_idname": "SvStringsSocket",
            "name": "num Verts",
            "properties": {
              "prop_name": "vert_"
            }
          },
          "Degrees": {
            "bl_idname": "SvStringsSocket",
            "name": "Degrees",
            "properties": {
              "prop_name": "degr_"
            }
          }
        },
        "outputs": {
          "Vertices": {
            "bl_idname": "SvVerticesSocket",
            "name": "Vertices"
          },
          "Edges": {
            "bl_idname": "SvStringsSocket",
            "name": "Edges"
          },
          "Polygons": {
            "bl_idname": "SvStringsSocket",
            "name": "Polygons"
          }
        },
        "bl_idname": "SvCircleNode"
      },
      "Circle.001": {
        "attributes": {
          "location": [
            -218.79864120483398,
            -466.59922981262207
          ],
          "color": [
            0.0,
            0.5,
            0.5
          ],
          "use_custom_color": true,
          "parent": {
            "type": "NODE",
            "value": "Frame"
          }
        },
        "properties": {
          "rad_": 1.9999998807907104,
          "vert_": 12
        },
        "inputs": {
          "Radius": {
            "bl_idname": "SvStringsSocket",
            "name": "Radius",
            "properties": {
              "prop_name": "rad_"
            }
          },
          "num Verts": {
            "bl_idname": "SvStringsSocket",
            "name": "num Verts",
            "properties": {
              "prop_name": "vert_"
            }
          },
          "Degrees": {
            "bl_idname": "SvStringsSocket",
            "name": "Degrees",
            "properties": {
              "prop_name": "degr_"
            }
          }
        },
        "outputs": {
          "Vertices": {
            "bl_idname": "SvVerticesSocket",
            "name": "Vertices"
          },
          "Edges": {
            "bl_idname": "SvStringsSocket",
            "name": "Edges"
          },
          "Polygons": {
            "bl_idname": "SvStringsSocket",
            "name": "Polygons"
          }
        },
        "bl_idname": "SvCircleNode"
      },
      "Crop mesh 2D": {
        "attributes": {
          "location": [
            404.36503982543945,
            33.44805908203125
          ],
          "parent": {
            "type": "NODE",
            "value": "Frame"
          }
        },
        "properties": {
          "mode": "outer"
        },
        "inputs": {
          "Verts": {
            "bl_idname": "SvVerticesSocket",
            "name": "Verts"
          },
          "Faces": {
            "bl_idname": "SvStringsSocket",
            "name": "Faces"
          },
          "Verts Crop": {
            "bl_idname": "SvVerticesSocket",
            "name": "Verts Crop"
          },
          "Faces Crop": {
            "bl_idname": "SvStringsSocket",
            "name": "Faces Crop"
          }
        },
        "outputs": {
          "Verts": {
            "bl_idname": "SvVerticesSocket",
            "name": "Verts"
          },
          "Faces": {
            "bl_idname": "SvStringsSocket",
            "name": "Faces"
          },
          "Face index": {
            "bl_idname": "SvStringsSocket",
            "name": "Face index"
          }
        },
        "bl_idname": "SvCropMesh2D"
      },
      "Inset faces": {
        "attributes": {
          "location": [
            1425.3887825012207,
            151.90373039245605
          ],
          "parent": {
            "type": "NODE",
            "value": "Frame.002"
          }
        },
        "properties": {
          "depth": 0.5699999928474426,
          "inset_type": "region",
          "thickness": 0.009999999776482582
        },
        "inputs": {
          "Verts": {
            "bl_idname": "SvVerticesSocket",
            "name": "Verts"
          },
          "Edges": {
            "bl_idname": "SvStringsSocket",
            "name": "Edges"
          },
          "Faces": {
            "bl_idname": "SvStringsSocket",
            "name": "Faces"
          },
          "Face data": {
            "bl_idname": "SvStringsSocket",
            "name": "Face data"
          },
          "Face mask": {
            "bl_idname": "SvStringsSocket",
            "name": "Face mask"
          },
          "Thickness": {
            "bl_idname": "SvStringsSocket",
            "name": "Thickness",
            "properties": {
              "prop_name": "thickness"
            }
          },
          "Depth": {
            "bl_idname": "SvStringsSocket",
            "name": "Depth",
            "properties": {
              "prop_name": "depth"
            }
          }
        },
        "outputs": {
          "Verts": {
            "bl_idname": "SvVerticesSocket",
            "name": "Verts"
          },
          "Edges": {
            "bl_idname": "SvStringsSocket",
            "name": "Edges"
          },
          "Faces": {
            "bl_idname": "SvStringsSocket",
            "name": "Faces"
          },
          "Face data": {
            "bl_idname": "SvStringsSocket",
            "name": "Face data"
          },
          "Mask": {
            "bl_idname": "SvStringsSocket",
            "name": "Mask",
            "properties": {
              "custom_draw": "draw_mask_socket"
            }
          }
        },
        "bl_idname": "SvInsetFaces"
      },
      "Inset faces.001": {
        "attributes": {
          "location": [
            1638.3527717590332,
            171.621488571167
          ],
          "parent": {
            "type": "NODE",
            "value": "Frame.002"
          }
        },
        "properties": {
          "depth": 0.35999998450279236,
          "inset_type": "region",
          "thickness": 0.0
        },
        "inputs": {
          "Verts": {
            "bl_idname": "SvVerticesSocket",
            "name": "Verts"
          },
          "Edges": {
            "bl_idname": "SvStringsSocket",
            "name": "Edges"
          },
          "Faces": {
            "bl_idname": "SvStringsSocket",
            "name": "Faces"
          },
          "Face data": {
            "bl_idname": "SvStringsSocket",
            "name": "Face data"
          },
          "Face mask": {
            "bl_idname": "SvStringsSocket",
            "name": "Face mask"
          },
          "Thickness": {
            "bl_idname": "SvStringsSocket",
            "name": "Thickness",
            "properties": {
              "prop_name": "thickness"
            }
          },
          "Depth": {
            "bl_idname": "SvStringsSocket",
            "name": "Depth",
            "properties": {
              "prop_name": "depth"
            }
          }
        },
        "outputs": {
          "Verts": {
            "bl_idname": "SvVerticesSocket",
            "name": "Verts"
          },
          "Edges": {
            "bl_idname": "SvStringsSocket",
            "name": "Edges"
          },
          "Faces": {
            "bl_idname": "SvStringsSocket",
            "name": "Faces"
          },
          "Face data": {
            "bl_idname": "SvStringsSocket",
            "name": "Face data"
          },
          "Mask": {
            "bl_idname": "SvStringsSocket",
            "name": "Mask",
            "properties": {
              "custom_draw": "draw_mask_socket"
            }
          }
        },
        "bl_idname": "SvInsetFaces"
      },
      "Matrix Apply": {
        "attributes": {
          "location": [
            203.22316360473633,
            -199.70488166809082
          ],
          "parent": {
            "type": "NODE",
            "value": "Frame"
          }
        },
        "inputs": {
          "Vertices": {
            "bl_idname": "SvVerticesSocket",
            "name": "Vertices"
          },
          "Edges": {
            "bl_idname": "SvStringsSocket",
            "name": "Edges"
          },
          "Faces": {
            "bl_idname": "SvStringsSocket",
            "name": "Faces"
          },
          "Matrices": {
            "bl_idname": "SvMatrixSocket",
            "name": "Matrices"
          }
        },
        "outputs": {
          "Vertices": {
            "bl_idname": "SvVerticesSocket",
            "name": "Vertices"
          },
          "Edges": {
            "bl_idname": "SvStringsSocket",
            "name": "Edges"
          },
          "Faces": {
            "bl_idname": "SvStringsSocket",
            "name": "Faces"
          }
        },
        "bl_idname": "SvMatrixApplyJoinNode"
      },
      "Reroute": {
        "attributes": {
          "location": [
            -317.0646057128906,
            -192.65512084960938
          ],
          "width": 16.0
        },
        "inputs": {
          "Input": {
            "bl_idname": "NodeSocketColor",
            "name": "Input"
          }
        },
        "outputs": {
          "Output": {
            "bl_idname": "NodeSocketColor",
            "name": "Output"
          }
        },
        "bl_idname": "NodeReroute"
      },
      "Ring": {
        "attributes": {
          "location": [
            -205.49734115600586,
            101.21390342712402
          ],
          "width": 170.0,
          "parent": {
            "type": "NODE",
            "value": "Frame"
          }
        },
        "properties": {
          "angle_units": "RAD",
          "ring_a2": 6.2831854820251465,
          "last_angle_units": "RAD",
          "ring_er": 2.5399999618530273,
          "ring_ir": 1.440000057220459,
          "ring_n1": 48,
          "ring_n2": 6,
          "ring_r1": 1.9900000095367432,
          "ring_r2": 0.550000011920929
        },
        "inputs": {
          "R": {
            "bl_idname": "SvStringsSocket",
            "name": "R",
            "properties": {
              "prop_name": "ring_r1"
            }
          },
          "r": {
            "bl_idname": "SvStringsSocket",
            "name": "r",
            "properties": {
              "prop_name": "ring_r2"
            }
          },
          "n1": {
            "bl_idname": "SvStringsSocket",
            "name": "n1",
            "properties": {
              "prop_name": "ring_n1"
            }
          },
          "n2": {
            "bl_idname": "SvStringsSocket",
            "name": "n2",
            "properties": {
              "prop_name": "ring_n2"
            }
          },
          "a1": {
            "bl_idname": "SvStringsSocket",
            "name": "a1",
            "properties": {
              "prop_name": "ring_a1"
            }
          },
          "a2": {
            "bl_idname": "SvStringsSocket",
            "name": "a2",
            "properties": {
              "prop_name": "ring_a2"
            }
          },
          "p": {
            "bl_idname": "SvStringsSocket",
            "name": "p",
            "properties": {
              "prop_name": "ring_p"
            }
          }
        },
        "outputs": {
          "Vertices": {
            "bl_idname": "SvVerticesSocket",
            "name": "Vertices"
          },
          "Edges": {
            "bl_idname": "SvStringsSocket",
            "name": "Edges"
          },
          "Polygons": {
            "bl_idname": "SvStringsSocket",
            "name": "Polygons"
          }
        },
        "bl_idname": "SvRingNodeMK2"
      },
      "Scalar Math": {
        "attributes": {
          "location": [
            807.0434951782227,
            -419.0549545288086
          ],
          "parent": {
            "type": "NODE",
            "value": "Frame.001"
          }
        },
        "properties": {
          "current_op": "ADD",
          "y_": -0.019999999552965164
        },
        "inputs": {
          "x": {
            "bl_idname": "SvStringsSocket",
            "name": "x",
            "properties": {
              "prop_name": "x_"
            }
          },
          "y": {
            "bl_idname": "SvStringsSocket",
            "name": "y",
            "properties": {
              "prop_name": "y_"
            }
          }
        },
        "outputs": {
          "Out": {
            "bl_idname": "SvStringsSocket",
            "name": "Out"
          }
        },
        "bl_idname": "SvScalarMathNodeMK4"
      },
      "Scalar Math.001": {
        "attributes": {
          "location": [
            611.4936904907227,
            -476.34969329833984
          ],
          "parent": {
            "type": "NODE",
            "value": "Frame.001"
          }
        },
        "properties": {
          "current_op": "ADD",
          "y_": 0.009999999776482582
        },
        "inputs": {
          "x": {
            "bl_idname": "SvStringsSocket",
            "name": "x",
            "properties": {
              "prop_name": "x_"
            }
          },
          "y": {
            "bl_idname": "SvStringsSocket",
            "name": "y",
            "properties": {
              "prop_name": "y_"
            }
          }
        },
        "outputs": {
          "Out": {
            "bl_idname": "SvStringsSocket",
            "name": "Out"
          }
        },
        "bl_idname": "SvScalarMathNodeMK4"
      },
      "Scalar Math.002": {
        "attributes": {
          "location": [
            -552.927490234375,
            41.59259796142578
          ],
          "hide": true
        },
        "properties": {
          "current_op": "*2"
        },
        "inputs": {
          "x": {
            "bl_idname": "SvStringsSocket",
            "name": "x",
            "properties": {
              "prop_name": "x_"
            }
          }
        },
        "outputs": {
          "Out": {
            "bl_idname": "SvStringsSocket",
            "name": "Out"
          }
        },
        "bl_idname": "SvScalarMathNodeMK4"
      },
      "Select mesh elements by location": {
        "attributes": {
          "location": [
            1002.6408462524414,
            -103.11019134521484
          ],
          "parent": {
            "type": "NODE",
            "value": "Frame.001"
          }
        },
        "properties": {
          "include_partial": true,
          "mode": "ByCylinder"
        },
        "inputs": {
          "Vertices": {
            "bl_idname": "SvVerticesSocket",
            "name": "Vertices",
            "properties": {
              "is_mandatory": true
            }
          },
          "Edges": {
            "bl_idname": "SvStringsSocket",
            "name": "Edges",
            "properties": {
              "nesting_level": 3
            }
          },
          "Polygons": {
            "bl_idname": "SvStringsSocket",
            "name": "Polygons",
            "properties": {
              "nesting_level": 3
            }
          },
          "Direction": {
            "bl_idname": "SvVerticesSocket",
            "name": "Direction",
            "properties": {
              "use_prop": true,
              "prop": [
                0.0,
                0.0,
                1.0
              ],
              "expanded": true
            }
          },
          "Center": {
            "bl_idname": "SvVerticesSocket",
            "name": "Center",
            "properties": {
              "use_prop": true
            }
          },
          "Percent": {
            "bl_idname": "SvStringsSocket",
            "name": "Percent",
            "attributes": {
              "hide": true
            },
            "properties": {
              "prop_name": "percent"
            }
          },
          "Radius": {
            "bl_idname": "SvStringsSocket",
            "name": "Radius",
            "properties": {
              "prop_name": "radius"
            }
          }
        },
        "outputs": {
          "VerticesMask": {
            "bl_idname": "SvStringsSocket",
            "name": "VerticesMask"
          },
          "EdgesMask": {
            "bl_idname": "SvStringsSocket",
            "name": "EdgesMask"
          },
          "FacesMask": {
            "bl_idname": "SvStringsSocket",
            "name": "FacesMask"
          }
        },
        "bl_idname": "SvMeshSelectNodeMk2"
      },
      "Solidify.001": {
        "attributes": {
          "location": [
            698.0570678710938,
            275.30023193359375
          ]
        },
        "properties": {
          "thickness": 0.6700000762939453
        },
        "inputs": {
          "Vertices": {
            "bl_idname": "SvVerticesSocket",
            "name": "Vertices"
          },
          "Edges": {
            "bl_idname": "SvStringsSocket",
            "name": "Edges"
          },
          "Polygons": {
            "bl_idname": "SvStringsSocket",
            "name": "Polygons"
          },
          "Thickness": {
            "bl_idname": "SvStringsSocket",
            "name": "Thickness",
            "properties": {
              "prop_name": "thickness"
            }
          },
          "Offset": {
            "bl_idname": "SvStringsSocket",
            "name": "Offset",
            "properties": {
              "prop_name": "offset"
            }
          }
        },
        "outputs": {
          "Vertices": {
            "bl_idname": "SvVerticesSocket",
            "name": "Vertices"
          },
          "Edges": {
            "bl_idname": "SvStringsSocket",
            "name": "Edges"
          },
          "Polygons": {
            "bl_idname": "SvStringsSocket",
            "name": "Polygons"
          },
          "New Pols": {
            "bl_idname": "SvStringsSocket",
            "name": "New Pols"
          },
          "Rim Pols": {
            "bl_idname": "SvStringsSocket",
            "name": "Rim Pols"
          },
          "Pols Group": {
            "bl_idname": "SvStringsSocket",
            "name": "Pols Group"
          },
          "New Verts Mask": {
            "bl_idname": "SvStringsSocket",
            "name": "New Verts Mask"
          }
        },
        "bl_idname": "SvSolidifyNodeMk2"
      },
      "Viewer Draw Mk3": {
        "attributes": {
          "location": [
            1870.505126953125,
            135.4547119140625
          ],
          "color": [
            1.0,
            0.30000001192092896,
            0.0
          ],
          "use_custom_color": true
        },
        "properties": {
          "selected_draw_mode": "facet"
        },
        "inputs": {
          "Vertices": {
            "bl_idname": "SvVerticesSocket",
            "name": "Vertices",
            "properties": {
              "custom_draw": "draw_property_socket"
            }
          },
          "Edges": {
            "bl_idname": "SvStringsSocket",
            "name": "Edges",
            "properties": {
              "custom_draw": "draw_property_socket"
            }
          },
          "Polygons": {
            "bl_idname": "SvStringsSocket",
            "name": "Polygons"
          },
          "Matrix": {
            "bl_idname": "SvMatrixSocket",
            "name": "Matrix"
          },
          "Vector Color": {
            "bl_idname": "SvColorSocket",
            "name": "Vector Color",
            "properties": {
              "custom_draw": "draw_color_socket",
              "prop_name": "vector_color"
            }
          },
          "Edge Color": {
            "bl_idname": "SvColorSocket",
            "name": "Edge Color",
            "properties": {
              "custom_draw": "draw_color_socket",
              "prop_name": "edge_color"
            }
          },
          "Polygon Color": {
            "bl_idname": "SvColorSocket",
            "name": "Polygon Color",
            "properties": {
              "custom_draw": "draw_color_socket",
              "prop_name": "polygon_color"
            }
          },
          "attrs": {
            "bl_idname": "SvStringsSocket",
            "name": "attrs",
            "attributes": {
              "hide": true
            },
            "properties": {
              "quick_link_to_node": "SvVDAttrsNodeMk2"
            }
          }
        },
        "bl_idname": "SvViewerDrawMk4"
      },
      "Logic functions.001": {
        "attributes": {
          "location": [
            1167.797706604004,
            -246.79991149902344
          ],
          "hide": true,
          "parent": {
            "type": "NODE",
            "value": "Frame.001"
          }
        },
        "properties": {
          "function_name": "NOT"
        },
        "inputs": {
          "A": {
            "bl_idname": "SvStringsSocket",
            "name": "A",
            "properties": {
              "use_prop": true,
              "show_property_type": true,
              "default_property_type": "int",
              "default_int_property": 1,
              "default_float_property": 1.0
            }
          },
          "B": {
            "bl_idname": "SvStringsSocket",
            "name": "B",
            "properties": {
              "use_prop": true,
              "show_property_type": true,
              "default_property_type": "int",
              "default_int_property": 1,
              "default_float_property": 1.0
            }
          }
        },
        "outputs": {
          "Result": {
            "bl_idname": "SvStringsSocket",
            "name": "Result"
          }
        },
        "bl_idname": "SvLogicNodeMK2"
      }
    },
    "links": [
      {
        "from_node": "Reroute",
        "from_socket": "Output",
        "to_node": "Circle.001",
        "to_socket": "Radius"
      },
      {
        "from_node": "Ring",
        "from_socket": "Vertices",
        "to_node": "Crop mesh 2D",
        "to_socket": "Verts"
      },
      {
        "from_node": "Ring",
        "from_socket": "Polygons",
        "to_node": "Crop mesh 2D",
        "to_socket": "Faces"
      },
      {
        "from_node": "Matrix Apply",
        "from_socket": "Vertices",
        "to_node": "Crop mesh 2D",
        "to_socket": "Verts Crop"
      },
      {
        "from_node": "Matrix Apply",
        "from_socket": "Faces",
        "to_node": "Crop mesh 2D",
        "to_socket": "Faces Crop"
      },
      {
        "from_node": "Solidify.001",
        "from_socket": "Vertices",
        "to_node": "Inset faces",
        "to_socket": "Verts"
      },
      {
        "from_node": "Solidify.001",
        "from_socket": "Polygons",
        "to_node": "Inset faces",
        "to_socket": "Faces"
      },
      {
        "from_node": "Logic functions.001",
        "from_socket": "Result",
        "to_node": "Inset faces",
        "to_socket": "Face mask"
      },
      {
        "from_node": "Inset faces",
        "from_socket": "Verts",
        "to_node": "Inset faces.001",
        "to_socket": "Verts"
      },
      {
        "from_node": "Inset faces",
        "from_socket": "Faces",
        "to_node": "Inset faces.001",
        "to_socket": "Faces"
      },
      {
        "from_node": "Inset faces",
        "from_socket": "Mask",
        "to_node": "Inset faces.001",
        "to_socket": "Face mask"
      },
      {
        "from_node": "Circle",
        "from_socket": "Vertices",
        "to_node": "Matrix Apply",
        "to_socket": "Vertices"
      },
      {
        "from_node": "Circle",
        "from_socket": "Polygons",
        "to_node": "Matrix Apply",
        "to_socket": "Faces"
      },
      {
        "from_node": "Circle.001",
        "from_socket": "Vertices",
        "to_node": "Matrix Apply",
        "to_socket": "Matrices"
      },
      {
        "from_node": "A Number",
        "from_socket": "Float",
        "to_node": "Reroute",
        "to_socket": "Input"
      },
      {
        "from_node": "Reroute",
        "from_socket": "Output",
        "to_node": "Ring",
        "to_socket": "R"
      },
      {
        "from_node": "Scalar Math.002",
        "from_socket": "Out",
        "to_node": "Ring",
        "to_socket": "r"
      },
      {
        "from_node": "Scalar Math.001",
        "from_socket": "Out",
        "to_node": "Scalar Math",
        "to_socket": "x"
      },
      {
        "from_node": "Reroute",
        "from_socket": "Output",
        "to_node": "Scalar Math.001",
        "to_socket": "x"
      },
      {
        "from_node": "Scalar Math.002",
        "from_socket": "Out",
        "to_node": "Scalar Math.001",
        "to_socket": "y"
      },
      {
        "from_node": "A Number.001",
        "from_socket": "Float",
        "to_node": "Scalar Math.002",
        "to_socket": "x"
      },
      {
        "from_node": "Solidify.001",
        "from_socket": "Vertices",
        "to_node": "Select mesh elements by location",
        "to_socket": "Vertices"
      },
      {
        "from_node": "Solidify.001",
        "from_socket": "Polygons",
        "to_node": "Select mesh elements by location",
        "to_socket": "Polygons"
      },
      {
        "from_node": "Scalar Math",
        "from_socket": "Out",
        "to_node": "Select mesh elements by location",
        "to_socket": "Radius"
      },
      {
        "from_node": "Crop mesh 2D",
        "from_socket": "Verts",
        "to_node": "Solidify.001",
        "to_socket": "Vertices"
      },
      {
        "from_node": "Crop mesh 2D",
        "from_socket": "Faces",
        "to_node": "Solidify.001",
        "to_socket": "Polygons"
      },
      {
        "from_node": "Inset faces.001",
        "from_socket": "Verts",
        "to_node": "Viewer Draw Mk3",
        "to_socket": "Vertices"
      },
      {
        "from_node": "Inset faces.001",
        "from_socket": "Faces",
        "to_node": "Viewer Draw Mk3",
        "to_socket": "Polygons"
      },
      {
        "from_node": "Select mesh elements by location",
        "from_socket": "FacesMask",
        "to_node": "Logic functions.001",
        "to_socket": "A"
      }
    ]
  }
}