{
  "export_version": "1.0",
  "main_tree": {
    "nodes": {
      "Bottom Flat": {
        "attributes": {
          "location": [
            -30.240001678466797,
            10.079999923706055
          ],
          "height": 605.8386840820312,
          "width": 599.3994140625,
          "label": "Make Bottom Flat"
        },
        "bl_idname": "NodeFrame"
      },
      "Fractal": {
        "attributes": {
          "location": [
            -26.42351722717285,
            193.4789276123047
          ],
          "height": 428.1192626953125,
          "width": 606.992431640625,
          "label": "Fractal vectors"
        },
        "bl_idname": "NodeFrame"
      },
      "Output": {
        "attributes": {
          "location": [
            -30.240001678466797,
            10.079999923706055
          ],
          "height": 571.9617919921875,
          "width": 483.674072265625,
          "label": "Output"
        },
        "bl_idname": "NodeFrame"
      },
      "Tangent Move": {
        "attributes": {
          "location": [
            -30.240001678466797,
            10.079999923706055
          ],
          "height": 562.873779296875,
          "width": 1703.2313232421875,
          "label": "Move along Tangents"
        },
        "bl_idname": "NodeFrame"
      },
      "Assign Materials List": {
        "attributes": {
          "location": [
            3726.103015899658,
            447.9947032928467
          ],
          "width": 200.0,
          "parent": {
            "type": "NODE",
            "value": "Output"
          }
        },
        "properties": {
          "materials": [
            {
              "material": {
                "type": "MATERIAL",
                "value": "Bottom"
              }
            },
            {
              "material": {
                "type": "MATERIAL",
                "value": "Top"
              }
            }
          ]
        },
        "inputs": {
          "Object": {
            "bl_idname": "SvObjectSocket",
            "name": "Object"
          }
        },
        "outputs": {
          "Object": {
            "bl_idname": "SvObjectSocket",
            "name": "Object"
          }
        },
        "bl_idname": "SvAssignMaterialListNode"
      },
      "Calculate normals": {
        "attributes": {
          "location": [
            574.5914192199707,
            35.43051528930664
          ],
          "parent": {
            "type": "NODE",
            "value": "Tangent Move"
          }
        },
        "inputs": {
          "Vertices": {
            "bl_idname": "SvVerticesSocket",
            "name": "Vertices",
            "properties": {
              "is_mandatory": true
            }
          },
          "Polygons": {
            "bl_idname": "SvStringsSocket",
            "name": "Polygons",
            "properties": {
              "nesting_level": 3
            }
          }
        },
        "outputs": {
          "Face Normals": {
            "bl_idname": "SvVerticesSocket",
            "name": "Face Normals"
          },
          "Vertex Normals": {
            "bl_idname": "SvVerticesSocket",
            "name": "Vertex Normals"
          }
        },
        "bl_idname": "SvGetNormalsNodeMk2"
      },
      "Inset faces": {
        "attributes": {
          "location": [
            2257.6279296875,
            607.4078979492188
          ]
        },
        "properties": {
          "depth": 0.029999995604157448,
          "inset_type": "region",
          "mask_type": [],
          "thickness": 0.0
        },
        "inputs": {
          "Verts": {
            "bl_idname": "SvVerticesSocket",
            "name": "Verts"
          },
          "Edges": {
            "bl_idname": "SvStringsSocket",
            "name": "Edges"
          },
          "Faces": {
            "bl_idname": "SvStringsSocket",
            "name": "Faces"
          },
          "Face data": {
            "bl_idname": "SvStringsSocket",
            "name": "Face data"
          },
          "Face mask": {
            "bl_idname": "SvStringsSocket",
            "name": "Face mask"
          },
          "Thickness": {
            "bl_idname": "SvStringsSocket",
            "name": "Thickness",
            "properties": {
              "prop_name": "thickness"
            }
          },
          "Depth": {
            "bl_idname": "SvStringsSocket",
            "name": "Depth",
            "properties": {
              "prop_name": "depth"
            }
          }
        },
        "outputs": {
          "Verts": {
            "bl_idname": "SvVerticesSocket",
            "name": "Verts"
          },
          "Edges": {
            "bl_idname": "SvStringsSocket",
            "name": "Edges"
          },
          "Faces": {
            "bl_idname": "SvStringsSocket",
            "name": "Faces"
          },
          "Face data": {
            "bl_idname": "SvStringsSocket",
            "name": "Face data"
          },
          "Mask": {
            "bl_idname": "SvStringsSocket",
            "name": "Mask",
            "properties": {
              "custom_draw": "draw_mask_socket"
            }
          }
        },
        "bl_idname": "SvInsetFaces"
      },
      "Matrix In": {
        "attributes": {
          "location": [
            1410.7752571105957,
            108.26798057556152
          ],
          "parent": {
            "type": "NODE",
            "value": "Tangent Move"
          }
        },
        "inputs": {
          "Location": {
            "bl_idname": "SvVerticesSocket",
            "name": "Location",
            "properties": {
              "prop_name": "location_"
            }
          },
          "Scale": {
            "bl_idname": "SvVerticesSocket",
            "name": "Scale",
            "properties": {
              "prop_name": "scale"
            }
          },
          "Quaternion": {
            "bl_idname": "SvQuaternionSocket",
            "name": "Quaternion",
            "attributes": {
              "hide": true
            },
            "properties": {
              "prop_name": "quaternion"
            }
          },
          "Angle X": {
            "bl_idname": "SvStringsSocket",
            "name": "Angle X",
            "attributes": {
              "hide": true
            },
            "properties": {
              "prop_name": "angle_x"
            }
          },
          "Angle Y": {
            "bl_idname": "SvStringsSocket",
            "name": "Angle Y",
            "attributes": {
              "hide": true
            },
            "properties": {
              "prop_name": "angle_y"
            }
          },
          "Angle Z": {
            "bl_idname": "SvStringsSocket",
            "name": "Angle Z",
            "attributes": {
              "hide": true
            },
            "properties": {
              "prop_name": "angle_z"
            }
          },
          "Axis": {
            "bl_idname": "SvVerticesSocket",
            "name": "Axis",
            "properties": {
              "prop_name": "axis"
            }
          },
          "Angle": {
            "bl_idname": "SvStringsSocket",
            "name": "Angle",
            "properties": {
              "prop_name": "angle"
            }
          }
        },
        "outputs": {
          "Matrices": {
            "bl_idname": "SvMatrixSocket",
            "name": "Matrices"
          }
        },
        "bl_idname": "SvMatrixInNodeMK4"
      },
      "Matrix Math": {
        "attributes": {
          "location": [
            1668.8109016418457,
            84.34956932067871
          ],
          "label": "Matrix Multiply",
          "parent": {
            "type": "NODE",
            "value": "Tangent Move"
          }
        },
        "inputs": {
          "A": {
            "bl_idname": "SvMatrixSocket",
            "name": "A"
          },
          "B": {
            "bl_idname": "SvMatrixSocket",
            "name": "B"
          },
          "C": {
            "bl_idname": "SvMatrixSocket",
            "name": "C"
          }
        },
        "outputs": {
          "C": {
            "bl_idname": "SvMatrixSocket",
            "name": "C"
          }
        },
        "bl_idname": "SvMatrixMathNode"
      },
      "Matrix Track To": {
        "attributes": {
          "location": [
            822.0441780090332,
            126.67257499694824
          ],
          "parent": {
            "type": "NODE",
            "value": "Tangent Move"
          }
        },
        "properties": {
          "tu_axes": "X_Z"
        },
        "inputs": {
          "Location": {
            "bl_idname": "SvVerticesSocket",
            "name": "Location",
            "properties": {
              "prop_name": "origin"
            }
          },
          "Scale": {
            "bl_idname": "SvVerticesSocket",
            "name": "Scale",
            "properties": {
              "prop_name": "scale"
            }
          },
          "A": {
            "bl_idname": "SvVerticesSocket",
            "name": "A",
            "properties": {
              "prop_name": "vA"
            }
          },
          "B": {
            "bl_idname": "SvVerticesSocket",
            "name": "B",
            "properties": {
              "prop_name": "vB"
            }
          }
        },
        "outputs": {
          "Matrix": {
            "bl_idname": "SvMatrixSocket",
            "name": "Matrix"
          },
          "X": {
            "bl_idname": "SvVerticesSocket",
            "name": "X"
          },
          "Y": {
            "bl_idname": "SvVerticesSocket",
            "name": "Y"
          },
          "Z": {
            "bl_idname": "SvVerticesSocket",
            "name": "Z"
          }
        },
        "bl_idname": "SvMatrixTrackToNode"
      },
      "Mesh viewer": {
        "attributes": {
          "location": [
            3502.428943634033,
            437.2855052947998
          ],
          "color": [
            1.0,
            0.5889999866485596,
            0.21400000154972076
          ],
          "use_custom_color": true,
          "parent": {
            "type": "NODE",
            "value": "Output"
          }
        },
        "inputs": {
          "vertices": {
            "bl_idname": "SvVerticesSocket",
            "name": "vertices"
          },
          "edges": {
            "bl_idname": "SvStringsSocket",
            "name": "edges",
            "properties": {
              "custom_draw": "draw_edges_props"
            }
          },
          "faces": {
            "bl_idname": "SvStringsSocket",
            "name": "faces"
          },
          "material_idx": {
            "bl_idname": "SvStringsSocket",
            "name": "material_idx"
          },
          "matrix": {
            "bl_idname": "SvMatrixSocket",
            "name": "matrix",
            "properties": {
              "custom_draw": "draw_matrix_props"
            }
          }
        },
        "outputs": {
          "Objects": {
            "bl_idname": "SvObjectSocket",
            "name": "Objects"
          }
        },
        "bl_idname": "SvMeshViewer"
      },
      "Move": {
        "attributes": {
          "location": [
            2974.266345977783,
            914.8750438690186
          ],
          "parent": {
            "type": "NODE",
            "value": "Bottom Flat"
          }
        },
        "inputs": {
          "Vertices": {
            "bl_idname": "SvVerticesSocket",
            "name": "Vertices"
          },
          "Movement Vectors": {
            "bl_idname": "SvVerticesSocket",
            "name": "Movement Vectors",
            "properties": {
              "prop_name": "movement_vectors"
            }
          },
          "Strength": {
            "bl_idname": "SvStringsSocket",
            "name": "Strength",
            "properties": {
              "prop_name": "strength"
            }
          }
        },
        "outputs": {
          "Vertices": {
            "bl_idname": "SvVerticesSocket",
            "name": "Vertices"
          }
        },
        "bl_idname": "SvMoveNodeMk3"
      },
      "Move.002": {
        "attributes": {
          "location": [
            2058.213367462158,
            192.87377738952637
          ],
          "parent": {
            "type": "NODE",
            "value": "Tangent Move"
          }
        },
        "inputs": {
          "Vertices": {
            "bl_idname": "SvVerticesSocket",
            "name": "Vertices"
          },
          "Movement Vectors": {
            "bl_idname": "SvVerticesSocket",
            "name": "Movement Vectors",
            "properties": {
              "prop_name": "movement_vectors"
            }
          },
          "Strength": {
            "bl_idname": "SvStringsSocket",
            "name": "Strength",
            "properties": {
              "prop_name": "strength"
            }
          }
        },
        "outputs": {
          "Vertices": {
            "bl_idname": "SvVerticesSocket",
            "name": "Vertices"
          }
        },
        "bl_idname": "SvMoveNodeMk3"
      },
      "Note": {
        "attributes": {
          "location": [
            107.55976867675781,
            725.6976318359375
          ],
          "width": 333.80859375,
          "color": [
            0.5,
            0.5,
            1.0
          ],
          "use_custom_color": true
        },
        "properties": {
          "n_id": "-8720698396325214450",
          "text": "Select faces that are in the topmost part of the donut"
        },
        "inputs": {
          "Text In": {
            "bl_idname": "SvStringsSocket",
            "name": "Text In"
          }
        },
        "outputs": {
          "Text Out": {
            "bl_idname": "SvStringsSocket",
            "name": "Text Out"
          }
        },
        "bl_idname": "NoteNode"
      },
      "Note.001": {
        "attributes": {
          "location": [
            554.9820442199707,
            -129.8543872833252
          ],
          "width": 400.0,
          "color": [
            0.5,
            0.5,
            1.0
          ],
          "use_custom_color": true,
          "parent": {
            "type": "NODE",
            "value": "Tangent Move"
          }
        },
        "properties": {
          "n_id": "-8720698396325214264",
          "text": "For each donut vertex, make a matrix, Z axis of which looks along vertex's normal"
        },
        "inputs": {
          "Text In": {
            "bl_idname": "SvStringsSocket",
            "name": "Text In"
          }
        },
        "outputs": {
          "Text Out": {
            "bl_idname": "SvStringsSocket",
            "name": "Text Out"
          }
        },
        "bl_idname": "NoteNode"
      },
      "Note.002": {
        "attributes": {
          "location": [
            -340.3111572265625,
            484.1577453613281
          ],
          "width": 166.8858642578125,
          "color": [
            0.5,
            0.5,
            1.0
          ],
          "use_custom_color": true
        },
        "properties": {
          "n_id": "-8720698396362193251",
          "text": "Make the donut itself"
        },
        "inputs": {
          "Text In": {
            "bl_idname": "SvStringsSocket",
            "name": "Text In"
          }
        },
        "outputs": {
          "Text Out": {
            "bl_idname": "SvStringsSocket",
            "name": "Text Out"
          }
        },
        "bl_idname": "NoteNode"
      },
      "Note.003": {
        "attributes": {
          "location": [
            714.2959041595459,
            665.8267059326172
          ],
          "width": 400.0,
          "color": [
            0.5,
            0.5,
            1.0
          ],
          "use_custom_color": true,
          "parent": {
            "type": "NODE",
            "value": "Fractal"
          }
        },
        "properties": {
          "n_id": "-8720698396325429967",
          "text": "For each donut vertex, make a random vector by some fractal pattern"
        },
        "inputs": {
          "Text In": {
            "bl_idname": "SvStringsSocket",
            "name": "Text In"
          }
        },
        "outputs": {
          "Text Out": {
            "bl_idname": "SvStringsSocket",
            "name": "Text Out"
          }
        },
        "bl_idname": "NoteNode"
      },
      "Note.004": {
        "attributes": {
          "location": [
            1205.4913330078125,
            890.351318359375
          ],
          "width": 261.65216064453125,
          "color": [
            0.5,
            0.5,
            1.0
          ],
          "use_custom_color": true
        },
        "properties": {
          "n_id": "-8720698396325429998",
          "text": "Zero the Z axis of those random vectors: we are not going to move vertices along normals."
        },
        "inputs": {
          "Text In": {
            "bl_idname": "SvStringsSocket",
            "name": "Text In"
          }
        },
        "outputs": {
          "Text Out": {
            "bl_idname": "SvStringsSocket",
            "name": "Text Out"
          }
        },
        "bl_idname": "NoteNode"
      },
      "Note.005": {
        "attributes": {
          "location": [
            1427.1605110168457,
            -138.70433235168457
          ],
          "width": 659.2490234375,
          "color": [
            0.5,
            0.5,
            1.0
          ],
          "use_custom_color": true,
          "parent": {
            "type": "NODE",
            "value": "Tangent Move"
          }
        },
        "properties": {
          "n_id": "-8720698396325430215",
          "text": "Use matrix multiplication to make random vectors in the plane orthogonal to the vertex normals (i.e. in the tangent plane); move faces along such vectors."
        },
        "inputs": {
          "Text In": {
            "bl_idname": "SvStringsSocket",
            "name": "Text In"
          }
        },
        "outputs": {
          "Text Out": {
            "bl_idname": "SvStringsSocket",
            "name": "Text Out"
          }
        },
        "bl_idname": "NoteNode"
      },
      "Note.006": {
        "attributes": {
          "location": [
            2019.5107421875,
            784.1973876953125
          ],
          "width": 400.0,
          "color": [
            0.5,
            0.5,
            1.0
          ],
          "use_custom_color": true
        },
        "properties": {
          "n_id": "-8720698396325429773",
          "text": "Inset the selected (topmost) faces of the donut; note the passing of selected faces mask to the \"Face data\" socket - we will use this mask to assign materials"
        },
        "inputs": {
          "Text In": {
            "bl_idname": "SvStringsSocket",
            "name": "Text In"
          }
        },
        "outputs": {
          "Text Out": {
            "bl_idname": "SvStringsSocket",
            "name": "Text Out"
          }
        },
        "bl_idname": "NoteNode"
      },
      "Note.007": {
        "attributes": {
          "location": [
            3511.581775665283,
            620.9617748260498
          ],
          "width": 400.0,
          "color": [
            0.5,
            0.5,
            1.0
          ],
          "use_custom_color": true,
          "parent": {
            "type": "NODE",
            "value": "Output"
          }
        },
        "properties": {
          "n_id": "-8720698396325429796",
          "text": "Output the data and assign correct materials"
        },
        "inputs": {
          "Text In": {
            "bl_idname": "SvStringsSocket",
            "name": "Text In"
          }
        },
        "outputs": {
          "Text Out": {
            "bl_idname": "SvStringsSocket",
            "name": "Text Out"
          }
        },
        "bl_idname": "NoteNode"
      },
      "Note.008": {
        "attributes": {
          "location": [
            2580.707752227783,
            1168.8386669158936
          ],
          "width": 525.0174560546875,
          "color": [
            0.5,
            0.5,
            1.0
          ],
          "use_custom_color": true,
          "parent": {
            "type": "NODE",
            "value": "Bottom Flat"
          }
        },
        "properties": {
          "n_id": "-8720698396325429579",
          "text": "Select the faces at the bottom of donut, and move them up a bit (using proportional editing falloff), to make bottom part of the donut look more flat."
        },
        "inputs": {
          "Text In": {
            "bl_idname": "SvStringsSocket",
            "name": "Text In"
          }
        },
        "outputs": {
          "Text Out": {
            "bl_idname": "SvStringsSocket",
            "name": "Text Out"
          }
        },
        "bl_idname": "NoteNode"
      },
      "Proportional Edit Falloff": {
        "attributes": {
          "location": [
            2783.307605743408,
            772.2088451385498
          ],
          "parent": {
            "type": "NODE",
            "value": "Bottom Flat"
          }
        },
        "properties": {
          "radius": 0.6699999570846558
        },
        "inputs": {
          "Vertices": {
            "bl_idname": "SvVerticesSocket",
            "name": "Vertices"
          },
          "Mask": {
            "bl_idname": "SvStringsSocket",
            "name": "Mask"
          },
          "Radius": {
            "bl_idname": "SvStringsSocket",
            "name": "Radius",
            "properties": {
              "prop_name": "radius"
            }
          }
        },
        "outputs": {
          "Coeffs": {
            "bl_idname": "SvStringsSocket",
            "name": "Coeffs"
          }
        },
        "bl_idname": "SvProportionalEditNode"
      },
      "Reroute": {
        "attributes": {
          "location": [
            392.5534973144531,
            320.7036437988281
          ],
          "width": 16.0
        },
        "inputs": {
          "Input": {
            "bl_idname": "NodeSocketColor",
            "name": "Input"
          }
        },
        "outputs": {
          "Output": {
            "bl_idname": "NodeSocketColor",
            "name": "Output"
          }
        },
        "bl_idname": "NodeReroute"
      },
      "Reroute.001": {
        "attributes": {
          "location": [
            431.3055114746094,
            265.5438232421875
          ],
          "width": 16.0
        },
        "inputs": {
          "Input": {
            "bl_idname": "NodeSocketColor",
            "name": "Input"
          }
        },
        "outputs": {
          "Output": {
            "bl_idname": "NodeSocketColor",
            "name": "Output"
          }
        },
        "bl_idname": "NodeReroute"
      },
      "Reroute.002": {
        "attributes": {
          "location": [
            431.3055114746094,
            298.1610412597656
          ],
          "width": 16.0
        },
        "inputs": {
          "Input": {
            "bl_idname": "NodeSocketColor",
            "name": "Input"
          }
        },
        "outputs": {
          "Output": {
            "bl_idname": "NodeSocketColor",
            "name": "Output"
          }
        },
        "bl_idname": "NodeReroute"
      },
      "Reroute.003": {
        "attributes": {
          "location": [
            3172.057861328125,
            311.5125732421875
          ],
          "width": 16.0
        },
        "inputs": {
          "Input": {
            "bl_idname": "NodeSocketColor",
            "name": "Input"
          }
        },
        "outputs": {
          "Output": {
            "bl_idname": "NodeSocketColor",
            "name": "Output"
          }
        },
        "bl_idname": "NodeReroute"
      },
      "Reroute.004": {
        "attributes": {
          "location": [
            3171.353515625,
            262.1449279785156
          ],
          "width": 16.0
        },
        "inputs": {
          "Input": {
            "bl_idname": "NodeSocketColor",
            "name": "Input"
          }
        },
        "outputs": {
          "Output": {
            "bl_idname": "NodeSocketColor",
            "name": "Output"
          }
        },
        "bl_idname": "NodeReroute"
      },
      "Scale": {
        "attributes": {
          "location": [
            975.0332698822021,
            832.4366912841797
          ],
          "parent": {
            "type": "NODE",
            "value": "Fractal"
          }
        },
        "properties": {
          "multiplier": 0.1600000262260437
        },
        "inputs": {
          "Vertices": {
            "bl_idname": "SvVerticesSocket",
            "name": "Vertices"
          },
          "Centers": {
            "bl_idname": "SvVerticesSocket",
            "name": "Centers",
            "properties": {
              "prop_name": "centers"
            }
          },
          "Scale": {
            "bl_idname": "SvVerticesSocket",
            "name": "Scale",
            "properties": {
              "prop_name": "scale"
            }
          },
          "Strength": {
            "bl_idname": "SvStringsSocket",
            "name": "Strength",
            "properties": {
              "prop_name": "multiplier"
            }
          }
        },
        "outputs": {
          "Vertices": {
            "bl_idname": "SvVerticesSocket",
            "name": "Vertices"
          }
        },
        "bl_idname": "SvScaleNodeMk3"
      },
      "Scale.002": {
        "attributes": {
          "location": [
            568.0407161712646,
            797.7181854248047
          ],
          "parent": {
            "type": "NODE",
            "value": "Fractal"
          }
        },
        "properties": {
          "multiplier": 1.0899999141693115
        },
        "inputs": {
          "Vertices": {
            "bl_idname": "SvVerticesSocket",
            "name": "Vertices"
          },
          "Centers": {
            "bl_idname": "SvVerticesSocket",
            "name": "Centers",
            "properties": {
              "prop_name": "centers"
            }
          },
          "Scale": {
            "bl_idname": "SvVerticesSocket",
            "name": "Scale",
            "properties": {
              "prop_name": "scale"
            }
          },
          "Strength": {
            "bl_idname": "SvStringsSocket",
            "name": "Strength",
            "properties": {
              "prop_name": "multiplier"
            }
          }
        },
        "outputs": {
          "Vertices": {
            "bl_idname": "SvVerticesSocket",
            "name": "Vertices"
          }
        },
        "bl_idname": "SvScaleNodeMk3"
      },
      "Select mesh elements by location": {
        "attributes": {
          "location": [
            187.866943359375,
            593.8512573242188
          ]
        },
        "properties": {
          "percent": 21.489999771118164
        },
        "inputs": {
          "Vertices": {
            "bl_idname": "SvVerticesSocket",
            "name": "Vertices",
            "properties": {
              "is_mandatory": true
            }
          },
          "Edges": {
            "bl_idname": "SvStringsSocket",
            "name": "Edges",
            "properties": {
              "nesting_level": 3
            }
          },
          "Polygons": {
            "bl_idname": "SvStringsSocket",
            "name": "Polygons",
            "properties": {
              "nesting_level": 3
            }
          },
          "Direction": {
            "bl_idname": "SvVerticesSocket",
            "name": "Direction",
            "properties": {
              "use_prop": true,
              "prop": [
                0.0,
                0.0,
                1.0
              ]
            }
          },
          "Center": {
            "bl_idname": "SvVerticesSocket",
            "name": "Center",
            "attributes": {
              "hide": true
            },
            "properties": {
              "use_prop": true
            }
          },
          "Percent": {
            "bl_idname": "SvStringsSocket",
            "name": "Percent",
            "properties": {
              "prop_name": "percent"
            }
          },
          "Radius": {
            "bl_idname": "SvStringsSocket",
            "name": "Radius",
            "attributes": {
              "hide": true
            },
            "properties": {
              "prop_name": "radius"
            }
          }
        },
        "outputs": {
          "VerticesMask": {
            "bl_idname": "SvStringsSocket",
            "name": "VerticesMask"
          },
          "EdgesMask": {
            "bl_idname": "SvStringsSocket",
            "name": "EdgesMask"
          },
          "FacesMask": {
            "bl_idname": "SvStringsSocket",
            "name": "FacesMask"
          }
        },
        "bl_idname": "SvMeshSelectNodeMk2"
      },
      "Select mesh elements by location.001": {
        "attributes": {
          "location": [
            2574.866931915283,
            950.448896408081
          ],
          "parent": {
            "type": "NODE",
            "value": "Bottom Flat"
          }
        },
        "inputs": {
          "Vertices": {
            "bl_idname": "SvVerticesSocket",
            "name": "Vertices",
            "properties": {
              "is_mandatory": true
            }
          },
          "Edges": {
            "bl_idname": "SvStringsSocket",
            "name": "Edges",
            "properties": {
              "nesting_level": 3
            }
          },
          "Polygons": {
            "bl_idname": "SvStringsSocket",
            "name": "Polygons",
            "properties": {
              "nesting_level": 3
            }
          },
          "Direction": {
            "bl_idname": "SvVerticesSocket",
            "name": "Direction",
            "properties": {
              "use_prop": true,
              "prop": [
                0.0,
                0.0,
                -1.0
              ],
              "expanded": true
            }
          },
          "Center": {
            "bl_idname": "SvVerticesSocket",
            "name": "Center",
            "attributes": {
              "hide": true
            },
            "properties": {
              "use_prop": true
            }
          },
          "Percent": {
            "bl_idname": "SvStringsSocket",
            "name": "Percent",
            "properties": {
              "prop_name": "percent"
            }
          },
          "Radius": {
            "bl_idname": "SvStringsSocket",
            "name": "Radius",
            "attributes": {
              "hide": true
            },
            "properties": {
              "prop_name": "radius"
            }
          }
        },
        "outputs": {
          "VerticesMask": {
            "bl_idname": "SvStringsSocket",
            "name": "VerticesMask"
          },
          "EdgesMask": {
            "bl_idname": "SvStringsSocket",
            "name": "EdgesMask"
          },
          "FacesMask": {
            "bl_idname": "SvStringsSocket",
            "name": "FacesMask"
          }
        },
        "bl_idname": "SvMeshSelectNodeMk2"
      },
      "Torus": {
        "attributes": {
          "location": [
            -325.4545593261719,
            349.8829345703125
          ],
          "color": [
            0.0,
            0.5,
            0.5
          ],
          "use_custom_color": true
        },
        "properties": {
          "torus_eR": 1.4600000381469727,
          "torus_iR": 0.5400000214576721,
          "torus_n1": 48,
          "torus_n2": 36,
          "torus_r": 0.4599999785423279
        },
        "inputs": {
          "R": {
            "bl_idname": "SvStringsSocket",
            "name": "R",
            "properties": {
              "prop_name": "torus_R"
            }
          },
          "r": {
            "bl_idname": "SvStringsSocket",
            "name": "r",
            "properties": {
              "prop_name": "torus_r"
            }
          },
          "n1": {
            "bl_idname": "SvStringsSocket",
            "name": "n1",
            "properties": {
              "prop_name": "torus_n1"
            }
          },
          "n2": {
            "bl_idname": "SvStringsSocket",
            "name": "n2",
            "properties": {
              "prop_name": "torus_n2"
            }
          },
          "rP": {
            "bl_idname": "SvStringsSocket",
            "name": "rP",
            "properties": {
              "prop_name": "torus_rP"
            }
          },
          "sP": {
            "bl_idname": "SvStringsSocket",
            "name": "sP",
            "properties": {
              "prop_name": "torus_sP"
            }
          },
          "rE": {
            "bl_idname": "SvStringsSocket",
            "name": "rE",
            "properties": {
              "prop_name": "torus_rE"
            }
          },
          "sE": {
            "bl_idname": "SvStringsSocket",
            "name": "sE",
            "properties": {
              "prop_name": "torus_sE"
            }
          },
          "sT": {
            "bl_idname": "SvStringsSocket",
            "name": "sT",
            "properties": {
              "prop_name": "torus_sT"
            }
          }
        },
        "outputs": {
          "Vertices": {
            "bl_idname": "SvVerticesSocket",
            "name": "Vertices"
          },
          "Edges": {
            "bl_idname": "SvStringsSocket",
            "name": "Edges"
          },
          "Polygons": {
            "bl_idname": "SvStringsSocket",
            "name": "Polygons"
          },
          "Normals": {
            "bl_idname": "SvVerticesSocket",
            "name": "Normals"
          }
        },
        "bl_idname": "SvTorusNodeMK2"
      },
      "Vector Noise": {
        "attributes": {
          "location": [
            774.6314754486084,
            861.1192474365234
          ],
          "parent": {
            "type": "NODE",
            "value": "Fractal"
          }
        },
        "inputs": {
          "Vertices": {
            "bl_idname": "SvVerticesSocket",
            "name": "Vertices"
          },
          "Seed": {
            "bl_idname": "SvStringsSocket",
            "name": "Seed",
            "properties": {
              "prop_name": "seed"
            }
          },
          "Noise Matrix": {
            "bl_idname": "SvMatrixSocket",
            "name": "Noise Matrix"
          }
        },
        "outputs": {
          "Noise V": {
            "bl_idname": "SvVerticesSocket",
            "name": "Noise V"
          }
        },
        "bl_idname": "SvNoiseNodeMK3"
      },
      "Vector Rewire": {
        "attributes": {
          "location": [
            1221.310302734375,
            711.1376342773438
          ]
        },
        "properties": {
          "selected_mode_from": "Scalar"
        },
        "inputs": {
          "Vectors": {
            "bl_idname": "SvVerticesSocket",
            "name": "Vectors"
          },
          "Scalar": {
            "bl_idname": "SvStringsSocket",
            "name": "Scalar",
            "properties": {
              "prop_name": "scalar"
            }
          }
        },
        "outputs": {
          "Vectors": {
            "bl_idname": "SvVerticesSocket",
            "name": "Vectors"
          }
        },
        "bl_idname": "SvVectorRewire"
      },
      "Vector in": {
        "attributes": {
          "location": [
            2767.631336212158,
            1003.186689376831
          ],
          "width": 100.0,
          "parent": {
            "type": "NODE",
            "value": "Bottom Flat"
          }
        },
        "properties": {
          "z_": 0.2199999988079071
        },
        "inputs": {
          "X": {
            "bl_idname": "SvStringsSocket",
            "name": "X",
            "properties": {
              "prop_name": "x_"
            }
          },
          "Y": {
            "bl_idname": "SvStringsSocket",
            "name": "Y",
            "properties": {
              "prop_name": "y_"
            }
          },
          "Z": {
            "bl_idname": "SvStringsSocket",
            "name": "Z",
            "properties": {
              "prop_name": "z_"
            }
          }
        },
        "outputs": {
          "Vectors": {
            "bl_idname": "SvVerticesSocket",
            "name": "Vectors"
          }
        },
        "bl_idname": "GenVectorsNode"
      }
    },
    "links": [
      {
        "from_node": "Mesh viewer",
        "from_socket": "Objects",
        "to_node": "Assign Materials List",
        "to_socket": "Object"
      },
      {
        "from_node": "Reroute",
        "from_socket": "Output",
        "to_node": "Calculate normals",
        "to_socket": "Vertices"
      },
      {
        "from_node": "Reroute.001",
        "from_socket": "Output",
        "to_node": "Calculate normals",
        "to_socket": "Polygons"
      },
      {
        "from_node": "Move.002",
        "from_socket": "Vertices",
        "to_node": "Inset faces",
        "to_socket": "Verts"
      },
      {
        "from_node": "Reroute.002",
        "from_socket": "Output",
        "to_node": "Inset faces",
        "to_socket": "Edges"
      },
      {
        "from_node": "Reroute.001",
        "from_socket": "Output",
        "to_node": "Inset faces",
        "to_socket": "Faces"
      },
      {
        "from_node": "Select mesh elements by location",
        "from_socket": "FacesMask",
        "to_node": "Inset faces",
        "to_socket": "Face data"
      },
      {
        "from_node": "Select mesh elements by location",
        "from_socket": "FacesMask",
        "to_node": "Inset faces",
        "to_socket": "Face mask"
      },
      {
        "from_node": "Vector Rewire",
        "from_socket": "Vectors",
        "to_node": "Matrix In",
        "to_socket": "Location"
      },
      {
        "from_node": "Matrix Track To",
        "from_socket": "Matrix",
        "to_node": "Matrix Math",
        "to_socket": "A"
      },
      {
        "from_node": "Matrix In",
        "from_socket": "Matrices",
        "to_node": "Matrix Math",
        "to_socket": "B"
      },
      {
        "from_node": "Calculate normals",
        "from_socket": "Vertex Normals",
        "to_node": "Matrix Track To",
        "to_socket": "B"
      },
      {
        "from_node": "Reroute.003",
        "from_socket": "Output",
        "to_node": "Mesh viewer",
        "to_socket": "vertices"
      },
      {
        "from_node": "Reroute.004",
        "from_socket": "Output",
        "to_node": "Mesh viewer",
        "to_socket": "faces"
      },
      {
        "from_node": "Inset faces",
        "from_socket": "Face data",
        "to_node": "Mesh viewer",
        "to_socket": "material_idx"
      },
      {
        "from_node": "Inset faces",
        "from_socket": "Verts",
        "to_node": "Move",
        "to_socket": "Vertices"
      },
      {
        "from_node": "Vector in",
        "from_socket": "Vectors",
        "to_node": "Move",
        "to_socket": "Movement Vectors"
      },
      {
        "from_node": "Proportional Edit Falloff",
        "from_socket": "Coeffs",
        "to_node": "Move",
        "to_socket": "Strength"
      },
      {
        "from_node": "Reroute",
        "from_socket": "Output",
        "to_node": "Move.002",
        "to_socket": "Vertices"
      },
      {
        "from_node": "Matrix Math",
        "from_socket": "C",
        "to_node": "Move.002",
        "to_socket": "Movement Vectors"
      },
      {
        "from_node": "Inset faces",
        "from_socket": "Verts",
        "to_node": "Proportional Edit Falloff",
        "to_socket": "Vertices"
      },
      {
        "from_node": "Select mesh elements by location.001",
        "from_socket": "VerticesMask",
        "to_node": "Proportional Edit Falloff",
        "to_socket": "Mask"
      },
      {
        "from_node": "Torus",
        "from_socket": "Vertices",
        "to_node": "Reroute",
        "to_socket": "Input"
      },
      {
        "from_node": "Torus",
        "from_socket": "Polygons",
        "to_node": "Reroute.001",
        "to_socket": "Input"
      },
      {
        "from_node": "Torus",
        "from_socket": "Edges",
        "to_node": "Reroute.002",
        "to_socket": "Input"
      },
      {
        "from_node": "Move",
        "from_socket": "Vertices",
        "to_node": "Reroute.003",
        "to_socket": "Input"
      },
      {
        "from_node": "Inset faces",
        "from_socket": "Faces",
        "to_node": "Reroute.004",
        "to_socket": "Input"
      },
      {
        "from_node": "Vector Noise",
        "from_socket": "Noise V",
        "to_node": "Scale",
        "to_socket": "Vertices"
      },
      {
        "from_node": "Reroute",
        "from_socket": "Output",
        "to_node": "Scale.002",
        "to_socket": "Vertices"
      },
      {
        "from_node": "Torus",
        "from_socket": "Vertices",
        "to_node": "Select mesh elements by location",
        "to_socket": "Vertices"
      },
      {
        "from_node": "Torus",
        "from_socket": "Edges",
        "to_node": "Select mesh elements by location",
        "to_socket": "Edges"
      },
      {
        "from_node": "Torus",
        "from_socket": "Polygons",
        "to_node": "Select mesh elements by location",
        "to_socket": "Polygons"
      },
      {
        "from_node": "Inset faces",
        "from_socket": "Verts",
        "to_node": "Select mesh elements by location.001",
        "to_socket": "Vertices"
      },
      {
        "from_node": "Inset faces",
        "from_socket": "Faces",
        "to_node": "Select mesh elements by location.001",
        "to_socket": "Polygons"
      },
      {
        "from_node": "Scale.002",
        "from_socket": "Vertices",
        "to_node": "Vector Noise",
        "to_socket": "Vertices"
      },
      {
        "from_node": "Scale",
        "from_socket": "Vertices",
        "to_node": "Vector Rewire",
        "to_socket": "Vectors"
      }
    ]
  },
  "MATERIAL": {
    "Top": {},
    "Bottom": {}
  }
}