{
  "export_version": "1.0",
  "main_tree": {
    "nodes": {
      "A Number": {
        "attributes": {
          "location": [
            489.46380615234375,
            -591.1533203125
          ]
        },
        "properties": {
          "float_": 4.440000057220459
        },
        "inputs": {
          "Float": {
            "bl_idname": "SvStringsSocket",
            "name": "Float",
            "properties": {
              "prop_name": "float_"
            }
          }
        },
        "outputs": {
          "Float": {
            "bl_idname": "SvStringsSocket",
            "name": "Float",
            "properties": {
              "custom_draw": "mode_custom_draw"
            }
          }
        },
        "bl_idname": "SvNumberNode"
      },
      "A Number.001": {
        "attributes": {
          "location": [
            246.02316284179688,
            -1182.43359375
          ]
        },
        "properties": {
          "float_": 3.0300002098083496
        },
        "inputs": {
          "Float": {
            "bl_idname": "SvStringsSocket",
            "name": "Float",
            "properties": {
              "prop_name": "float_"
            }
          }
        },
        "outputs": {
          "Float": {
            "bl_idname": "SvStringsSocket",
            "name": "Float",
            "properties": {
              "custom_draw": "mode_custom_draw"
            }
          }
        },
        "bl_idname": "SvNumberNode"
      },
      "A Number.002": {
        "attributes": {
          "location": [
            248.07925415039062,
            -1289.43408203125
          ]
        },
        "properties": {
          "float_": -1.5899996757507324
        },
        "inputs": {
          "Float": {
            "bl_idname": "SvStringsSocket",
            "name": "Float",
            "properties": {
              "prop_name": "float_"
            }
          }
        },
        "outputs": {
          "Float": {
            "bl_idname": "SvStringsSocket",
            "name": "Float",
            "properties": {
              "custom_draw": "mode_custom_draw"
            }
          }
        },
        "bl_idname": "SvNumberNode"
      },
      "Inset faces": {
        "attributes": {
          "location": [
            1675.3548583984375,
            -932.8839721679688
          ]
        },
        "inputs": {
          "Verts": {
            "bl_idname": "SvVerticesSocket",
            "name": "Verts"
          },
          "Edges": {
            "bl_idname": "SvStringsSocket",
            "name": "Edges"
          },
          "Faces": {
            "bl_idname": "SvStringsSocket",
            "name": "Faces"
          },
          "Face data": {
            "bl_idname": "SvStringsSocket",
            "name": "Face data"
          },
          "Face mask": {
            "bl_idname": "SvStringsSocket",
            "name": "Face mask"
          },
          "Thickness": {
            "bl_idname": "SvStringsSocket",
            "name": "Thickness",
            "properties": {
              "prop_name": "thickness"
            }
          },
          "Depth": {
            "bl_idname": "SvStringsSocket",
            "name": "Depth",
            "properties": {
              "prop_name": "depth"
            }
          }
        },
        "outputs": {
          "Verts": {
            "bl_idname": "SvVerticesSocket",
            "name": "Verts"
          },
          "Edges": {
            "bl_idname": "SvStringsSocket",
            "name": "Edges"
          },
          "Faces": {
            "bl_idname": "SvStringsSocket",
            "name": "Faces"
          },
          "Face data": {
            "bl_idname": "SvStringsSocket",
            "name": "Face data"
          },
          "Mask": {
            "bl_idname": "SvStringsSocket",
            "name": "Mask",
            "properties": {
              "custom_draw": "draw_mask_socket"
            }
          }
        },
        "bl_idname": "SvInsetFaces"
      },
      "Polygon Grid": {
        "attributes": {
          "location": [
            224.87342834472656,
            -846.8458251953125
          ],
          "width": 170.0
        },
        "properties": {
          "numx": 28,
          "numy": 22,
          "radius": 0.6100000143051147
        },
        "inputs": {
          "Radius": {
            "bl_idname": "SvStringsSocket",
            "name": "Radius",
            "properties": {
              "prop_name": "radius"
            }
          },
          "Scale": {
            "bl_idname": "SvStringsSocket",
            "name": "Scale",
            "properties": {
              "prop_name": "scale"
            }
          },
          "Angle": {
            "bl_idname": "SvStringsSocket",
            "name": "Angle",
            "properties": {
              "prop_name": "angle"
            }
          },
          "NumX": {
            "bl_idname": "SvStringsSocket",
            "name": "NumX",
            "properties": {
              "prop_name": "numx"
            }
          },
          "NumY": {
            "bl_idname": "SvStringsSocket",
            "name": "NumY",
            "properties": {
              "prop_name": "numy"
            }
          }
        },
        "outputs": {
          "Centers": {
            "bl_idname": "SvVerticesSocket",
            "name": "Centers"
          },
          "Vertices": {
            "bl_idname": "SvVerticesSocket",
            "name": "Vertices"
          },
          "Edges": {
            "bl_idname": "SvStringsSocket",
            "name": "Edges"
          },
          "Polygons": {
            "bl_idname": "SvStringsSocket",
            "name": "Polygons"
          }
        },
        "bl_idname": "SvPolygonGridNode"
      },
      "Scalar Math.001": {
        "attributes": {
          "location": [
            1019.5240478515625,
            -1146.2474365234375
          ]
        },
        "inputs": {
          "x": {
            "bl_idname": "SvStringsSocket",
            "name": "x",
            "properties": {
              "prop_name": "x_"
            }
          },
          "y": {
            "bl_idname": "SvStringsSocket",
            "name": "y",
            "properties": {
              "prop_name": "y_"
            }
          }
        },
        "outputs": {
          "Out": {
            "bl_idname": "SvStringsSocket",
            "name": "Out"
          }
        },
        "bl_idname": "SvScalarMathNodeMK4"
      },
      "VD Experimental": {
        "attributes": {
          "location": [
            1678.3182373046875,
            -661.5119018554688
          ],
          "color": [
            1.0,
            0.30000001192092896,
            0.0
          ],
          "use_custom_color": true
        },
        "properties": {
          "activate": false
        },
        "inputs": {
          "Vertices": {
            "bl_idname": "SvVerticesSocket",
            "name": "Vertices",
            "properties": {
              "custom_draw": "draw_property_socket"
            }
          },
          "Edges": {
            "bl_idname": "SvStringsSocket",
            "name": "Edges",
            "properties": {
              "custom_draw": "draw_property_socket"
            }
          },
          "Polygons": {
            "bl_idname": "SvStringsSocket",
            "name": "Polygons"
          },
          "Matrix": {
            "bl_idname": "SvMatrixSocket",
            "name": "Matrix"
          },
          "Vector Color": {
            "bl_idname": "SvColorSocket",
            "name": "Vector Color",
            "properties": {
              "custom_draw": "draw_color_socket",
              "prop_name": "vector_color"
            }
          },
          "Edge Color": {
            "bl_idname": "SvColorSocket",
            "name": "Edge Color",
            "properties": {
              "custom_draw": "draw_color_socket",
              "prop_name": "edge_color"
            }
          },
          "Polygon Color": {
            "bl_idname": "SvColorSocket",
            "name": "Polygon Color",
            "properties": {
              "custom_draw": "draw_color_socket",
              "prop_name": "polygon_color"
            }
          },
          "attrs": {
            "bl_idname": "SvStringsSocket",
            "name": "attrs",
            "attributes": {
              "hide": true
            },
            "properties": {
              "quick_link_to_node": "SvVDAttrsNodeMk2"
            }
          }
        },
        "bl_idname": "SvViewerDrawMk4"
      },
      "VD Experimental.001": {
        "attributes": {
          "location": [
            1947.4835205078125,
            -844.85302734375
          ],
          "color": [
            1.0,
            0.30000001192092896,
            0.0
          ],
          "use_custom_color": true
        },
        "properties": {
          "display_edges": false,
          "display_verts": false,
          "selected_draw_mode": "facet"
        },
        "inputs": {
          "Vertices": {
            "bl_idname": "SvVerticesSocket",
            "name": "Vertices",
            "properties": {
              "custom_draw": "draw_property_socket"
            }
          },
          "Edges": {
            "bl_idname": "SvStringsSocket",
            "name": "Edges",
            "properties": {
              "custom_draw": "draw_property_socket"
            }
          },
          "Polygons": {
            "bl_idname": "SvStringsSocket",
            "name": "Polygons"
          },
          "Matrix": {
            "bl_idname": "SvMatrixSocket",
            "name": "Matrix"
          },
          "Vector Color": {
            "bl_idname": "SvColorSocket",
            "name": "Vector Color",
            "properties": {
              "custom_draw": "draw_color_socket",
              "prop_name": "vector_color"
            }
          },
          "Edge Color": {
            "bl_idname": "SvColorSocket",
            "name": "Edge Color",
            "properties": {
              "custom_draw": "draw_color_socket",
              "prop_name": "edge_color"
            }
          },
          "Polygon Color": {
            "bl_idname": "SvColorSocket",
            "name": "Polygon Color",
            "properties": {
              "custom_draw": "draw_color_socket",
              "prop_name": "polygon_color"
            }
          },
          "attrs": {
            "bl_idname": "SvStringsSocket",
            "name": "attrs",
            "attributes": {
              "hide": true
            },
            "properties": {
              "quick_link_to_node": "SvVDAttrsNodeMk2"
            }
          }
        },
        "bl_idname": "SvViewerDrawMk4"
      },
      "Vector Math": {
        "attributes": {
          "location": [
            520.8399047851562,
            -1057.9136962890625
          ]
        },
        "properties": {
          "current_op": "SCALAR",
          "socket_info": "vs v"
        },
        "inputs": {
          "A": {
            "bl_idname": "SvVerticesSocket",
            "name": "A",
            "properties": {
              "prop_name": "v3_input_0"
            }
          },
          "B": {
            "bl_idname": "SvStringsSocket",
            "name": "B",
            "properties": {
              "prop_name": "amount"
            }
          }
        },
        "outputs": {
          "Out": {
            "bl_idname": "SvVerticesSocket",
            "name": "Out"
          }
        },
        "bl_idname": "SvVectorMathNodeMK3"
      },
      "Vector Math.005": {
        "attributes": {
          "location": [
            459.6634826660156,
            -693.7763061523438
          ]
        },
        "properties": {
          "current_op": "ADD"
        },
        "inputs": {
          "A": {
            "bl_idname": "SvVerticesSocket",
            "name": "A",
            "properties": {
              "prop_name": "v3_input_0"
            }
          },
          "B": {
            "bl_idname": "SvVerticesSocket",
            "name": "B",
            "properties": {
              "prop_name": "v3_input_1"
            }
          }
        },
        "outputs": {
          "Out": {
            "bl_idname": "SvVerticesSocket",
            "name": "Out"
          }
        },
        "bl_idname": "SvVectorMathNodeMK3"
      },
      "Vector Math.006": {
        "attributes": {
          "location": [
            690.88037109375,
            -470.23944091796875
          ]
        },
        "properties": {
          "current_op": "SCALAR",
          "socket_info": "vs v"
        },
        "inputs": {
          "A": {
            "bl_idname": "SvVerticesSocket",
            "name": "A",
            "properties": {
              "prop_name": "v3_input_0"
            }
          },
          "B": {
            "bl_idname": "SvStringsSocket",
            "name": "B",
            "properties": {
              "prop_name": "amount"
            }
          }
        },
        "outputs": {
          "Out": {
            "bl_idname": "SvVerticesSocket",
            "name": "Out"
          }
        },
        "bl_idname": "SvVectorMathNodeMK3"
      },
      "Vector Math.007": {
        "attributes": {
          "location": [
            1062.4161376953125,
            -438.431884765625
          ]
        },
        "properties": {
          "current_op": "1/SCALAR",
          "socket_info": "vs v"
        },
        "inputs": {
          "A": {
            "bl_idname": "SvVerticesSocket",
            "name": "A",
            "properties": {
              "prop_name": "v3_input_0"
            }
          },
          "B": {
            "bl_idname": "SvStringsSocket",
            "name": "B",
            "properties": {
              "prop_name": "amount"
            }
          }
        },
        "outputs": {
          "Out": {
            "bl_idname": "SvVerticesSocket",
            "name": "Out"
          }
        },
        "bl_idname": "SvVectorMathNodeMK3"
      },
      "Vector Math.008": {
        "attributes": {
          "location": [
            1254.8031005859375,
            -424.2951354980469
          ]
        },
        "properties": {
          "current_op": "ADD"
        },
        "inputs": {
          "A": {
            "bl_idname": "SvVerticesSocket",
            "name": "A",
            "properties": {
              "prop_name": "v3_input_0"
            }
          },
          "B": {
            "bl_idname": "SvVerticesSocket",
            "name": "B",
            "properties": {
              "prop_name": "v3_input_1"
            }
          }
        },
        "outputs": {
          "Out": {
            "bl_idname": "SvVerticesSocket",
            "name": "Out"
          }
        },
        "bl_idname": "SvVectorMathNodeMK3"
      },
      "Vector Noise MK2": {
        "attributes": {
          "location": [
            877.7910766601562,
            -470.7660217285156
          ]
        },
        "properties": {
          "seed": 37
        },
        "inputs": {
          "Vertices": {
            "bl_idname": "SvVerticesSocket",
            "name": "Vertices"
          },
          "Seed": {
            "bl_idname": "SvStringsSocket",
            "name": "Seed",
            "properties": {
              "prop_name": "seed"
            }
          },
          "Noise Matrix": {
            "bl_idname": "SvMatrixSocket",
            "name": "Noise Matrix"
          }
        },
        "outputs": {
          "Noise V": {
            "bl_idname": "SvVerticesSocket",
            "name": "Noise V"
          }
        },
        "bl_idname": "SvNoiseNodeMK3"
      },
      "Vector Noise MK2.001": {
        "attributes": {
          "location": [
            773.1876831054688,
            -1096.975830078125
          ]
        },
        "properties": {
          "out_mode": "SCALAR",
          "seed": 37
        },
        "inputs": {
          "Vertices": {
            "bl_idname": "SvVerticesSocket",
            "name": "Vertices"
          },
          "Seed": {
            "bl_idname": "SvStringsSocket",
            "name": "Seed",
            "properties": {
              "prop_name": "seed"
            }
          },
          "Noise Matrix": {
            "bl_idname": "SvMatrixSocket",
            "name": "Noise Matrix"
          }
        },
        "outputs": {
          "Noise S": {
            "bl_idname": "SvStringsSocket",
            "name": "Noise S"
          }
        },
        "bl_idname": "SvNoiseNodeMK3"
      },
      "Vector Rewire": {
        "attributes": {
          "location": [
            1463.31884765625,
            -573.4544067382812
          ]
        },
        "properties": {
          "selected_mode_from": "Scalar"
        },
        "inputs": {
          "Vectors": {
            "bl_idname": "SvVerticesSocket",
            "name": "Vectors"
          },
          "Scalar": {
            "bl_idname": "SvStringsSocket",
            "name": "Scalar",
            "properties": {
              "prop_name": "scalar"
            }
          }
        },
        "outputs": {
          "Vectors": {
            "bl_idname": "SvVerticesSocket",
            "name": "Vectors"
          }
        },
        "bl_idname": "SvVectorRewire"
      },
      "Vector in": {
        "attributes": {
          "location": [
            261.9931945800781,
            -687.5100708007812
          ],
          "width": 100.0
        },
        "properties": {
          "x_": 5.069999694824219
        },
        "inputs": {
          "X": {
            "bl_idname": "SvStringsSocket",
            "name": "X",
            "properties": {
              "prop_name": "x_"
            }
          },
          "Y": {
            "bl_idname": "SvStringsSocket",
            "name": "Y",
            "properties": {
              "prop_name": "y_"
            }
          },
          "Z": {
            "bl_idname": "SvStringsSocket",
            "name": "Z",
            "properties": {
              "prop_name": "z_"
            }
          }
        },
        "outputs": {
          "Vectors": {
            "bl_idname": "SvVerticesSocket",
            "name": "Vectors"
          }
        },
        "bl_idname": "GenVectorsNode"
      }
    },
    "links": [
      {
        "from_node": "Vector Rewire",
        "from_socket": "Vectors",
        "to_node": "Inset faces",
        "to_socket": "Verts"
      },
      {
        "from_node": "Polygon Grid",
        "from_socket": "Polygons",
        "to_node": "Inset faces",
        "to_socket": "Faces"
      },
      {
        "from_node": "Scalar Math.001",
        "from_socket": "Out",
        "to_node": "Inset faces",
        "to_socket": "Depth"
      },
      {
        "from_node": "Vector Noise MK2.001",
        "from_socket": "Noise S",
        "to_node": "Scalar Math.001",
        "to_socket": "x"
      },
      {
        "from_node": "A Number.002",
        "from_socket": "Float",
        "to_node": "Scalar Math.001",
        "to_socket": "y"
      },
      {
        "from_node": "Vector Rewire",
        "from_socket": "Vectors",
        "to_node": "VD Experimental",
        "to_socket": "Vertices"
      },
      {
        "from_node": "Polygon Grid",
        "from_socket": "Edges",
        "to_node": "VD Experimental",
        "to_socket": "Edges"
      },
      {
        "from_node": "Inset faces",
        "from_socket": "Verts",
        "to_node": "VD Experimental.001",
        "to_socket": "Vertices"
      },
      {
        "from_node": "Inset faces",
        "from_socket": "Faces",
        "to_node": "VD Experimental.001",
        "to_socket": "Polygons"
      },
      {
        "from_node": "Polygon Grid",
        "from_socket": "Centers",
        "to_node": "Vector Math",
        "to_socket": "A"
      },
      {
        "from_node": "A Number.001",
        "from_socket": "Float",
        "to_node": "Vector Math",
        "to_socket": "B"
      },
      {
        "from_node": "Polygon Grid",
        "from_socket": "Vertices",
        "to_node": "Vector Math.005",
        "to_socket": "A"
      },
      {
        "from_node": "Vector in",
        "from_socket": "Vectors",
        "to_node": "Vector Math.005",
        "to_socket": "B"
      },
      {
        "from_node": "Vector Math.005",
        "from_socket": "Out",
        "to_node": "Vector Math.006",
        "to_socket": "A"
      },
      {
        "from_node": "A Number",
        "from_socket": "Float",
        "to_node": "Vector Math.006",
        "to_socket": "B"
      },
      {
        "from_node": "Vector Noise MK2",
        "from_socket": "Noise V",
        "to_node": "Vector Math.007",
        "to_socket": "A"
      },
      {
        "from_node": "A Number",
        "from_socket": "Float",
        "to_node": "Vector Math.007",
        "to_socket": "B"
      },
      {
        "from_node": "Vector Math.007",
        "from_socket": "Out",
        "to_node": "Vector Math.008",
        "to_socket": "A"
      },
      {
        "from_node": "Polygon Grid",
        "from_socket": "Vertices",
        "to_node": "Vector Math.008",
        "to_socket": "B"
      },
      {
        "from_node": "Vector Math.006",
        "from_socket": "Out",
        "to_node": "Vector Noise MK2",
        "to_socket": "Vertices"
      },
      {
        "from_node": "Vector Math",
        "from_socket": "Out",
        "to_node": "Vector Noise MK2.001",
        "to_socket": "Vertices"
      },
      {
        "from_node": "Vector Math.008",
        "from_socket": "Out",
        "to_node": "Vector Rewire",
        "to_socket": "Vectors"
      }
    ]
  }
}