{"export_version": "1.0", "main_tree": {"nodes": {"Loop In": {"attributes": {"location": [-215.4609375, 173.47378540039062]}, "properties": {"linked_to_loop_out": true, "iterations": 8, "max_iterations": 50}, "inputs": {"Iterations": {"bl_idname": "SvStringsSocket", "name": "Iterations", "properties": {"prop_name": "iterations"}}, "Data 0": {"bl_idname": "SvStringsSocket", "name": "Data 0", "properties": {"label": "Verts"}}, "Data 1": {"bl_idname": "SvStringsSocket", "name": "Data 1"}}, "outputs": {"Loop Out": {"bl_idname": "SvLoopControlSocket", "name": "Loop Out"}, "Loop Number": {"bl_idname": "SvStringsSocket", "name": "Loop Number"}, "Total Loops": {"bl_idname": "SvStringsSocket", "name": "Total Loops"}, "Data 0": {"bl_idname": "SvVerticesSocket", "name": "Data 0", "properties": {"label": "Verts"}}}, "bl_idname": "SvLoopInNode"}, "Voronoi 2D": {"attributes": {"location": [16.556787490844727, 119.22097778320312]}, "properties": {"clip": 0.05999999865889549, "make_faces": true, "max_sides": 18}, "inputs": {"Vertices": {"bl_idname": "SvVerticesSocket", "name": "Vertices"}, "MaxSides": {"bl_idname": "SvStringsSocket", "name": "MaxSides", "properties": {"prop_name": "max_sides"}}}, "outputs": {"Vertices": {"bl_idname": "SvVerticesSocket", "name": "Vertices"}, "Edges": {"bl_idname": "SvStringsSocket", "name": "Edges"}, "Faces": {"bl_idname": "SvStringsSocket", "name": "Faces"}}, "bl_idname": "Voronoi2DNode"}, "Plane": {"attributes": {"location": [-602.143310546875, 82.27959442138672], "color": [0.0, 0.5, 0.5], "use_custom_color": true}, "properties": {"dimension_mode": "NUMBER", "center": true, "stepx": 2.0}, "inputs": {"Size X": {"bl_idname": "SvStringsSocket", "name": "Size X", "attributes": {"hide": true}, "properties": {"prop_name": "sizex", "custom_draw": "draw_prop_socket", "label": "Size X"}}, "Size Y": {"bl_idname": "SvStringsSocket", "name": "Size Y", "attributes": {"hide": true}, "properties": {"prop_name": "sizey", "custom_draw": "draw_prop_socket", "label": "Size Y"}}, "Num X": {"bl_idname": "SvStringsSocket", "name": "Num X", "properties": {"prop_name": "numx", "custom_draw": "draw_prop_socket", "label": "Num X"}}, "Num Y": {"bl_idname": "SvStringsSocket", "name": "Num Y", "properties": {"prop_name": "numy", "custom_draw": "draw_prop_socket", "label": "Num Y"}}, "Step X": {"bl_idname": "SvStringsSocket", "name": "Step X", "properties": {"prop_name": "stepx", "custom_draw": "draw_prop_socket", "label": "Step X"}}, "Step Y": {"bl_idname": "SvStringsSocket", "name": "Step Y", "properties": {"prop_name": "stepy", "custom_draw": "draw_prop_socket", "label": "Step Y"}}, "Matrix": {"bl_idname": "SvMatrixSocket", "name": "Matrix"}}, "outputs": {"Vertices": {"bl_idname": "SvVerticesSocket", "name": "Vertices"}, "Edges": {"bl_idname": "SvStringsSocket", "name": "Edges"}, "Polygons": {"bl_idname": "SvStringsSocket", "name": "Polygons"}}, "bl_idname": "SvPlaneNodeMk3"}, "Random points on mesh": {"attributes": {"location": [-407.7725524902344, 80.9272232055664]}, "properties": {"points_number": 30}, "inputs": {"Verts": {"bl_idname": "SvVerticesSocket", "name": "Verts"}, "Faces": {"bl_idname": "SvStringsSocket", "name": "Faces"}, "Face weight": {"bl_idname": "SvStringsSocket", "name": "Face weight"}, "Number": {"bl_idname": "SvStringsSocket", "name": "Number", "properties": {"prop_name": "points_number"}}, "Seed": {"bl_idname": "SvStringsSocket", "name": "Seed", "properties": {"prop_name": "seed"}}}, "outputs": {"Verts": {"bl_idname": "SvVerticesSocket", "name": "Verts"}, "Face index": {"bl_idname": "SvStringsSocket", "name": "Face index"}}, "bl_idname": "SvRandomPointsOnMesh"}, "Origins": {"attributes": {"location": [246.98733520507812, 121.22311401367188]}, "properties": {"mode": "Faces"}, "inputs": {"Verts": {"bl_idname": "SvVerticesSocket", "name": "Verts"}, "Edges": {"bl_idname": "SvStringsSocket", "name": "Edges"}, "Faces": {"bl_idname": "SvStringsSocket", "name": "Faces"}}, "outputs": {"Origin": {"bl_idname": "SvVerticesSocket", "name": "Origin"}, "Normal": {"bl_idname": "SvVerticesSocket", "name": "Normal"}, "Tangent": {"bl_idname": "SvVerticesSocket", "name": "Tangent"}, "Matrix": {"bl_idname": "SvMatrixSocket", "name": "Matrix"}}, "bl_idname": "SvOrigins"}, "Loop Out": {"attributes": {"location": [457.3205871582031, 196.87425231933594]}, "inputs": {"Loop In": {"bl_idname": "SvLoopControlSocket", "name": "Loop In"}, "Break": {"bl_idname": "SvStringsSocket", "name": "Break", "properties": {"label": "Break"}}, "Data 0": {"bl_idname": "SvVerticesSocket", "name": "Data 0", "properties": {"label": "Verts"}}}, "outputs": {"Data 0": {"bl_idname": "SvVerticesSocket", "name": "Data 0", "properties": {"label": "Verts"}}}, "bl_idname": "SvLoopOutNode"}, "Viewer Draw": {"attributes": {"location": [665.3878173828125, 244.80825805664062], "color": [1.0, 0.5889999866485596, 0.21400000154972076], "use_custom_color": true}, "inputs": {"Vertices": {"bl_idname": "SvVerticesSocket", "name": "Vertices", "properties": {"custom_draw": "draw_property_socket"}}, "Edges": {"bl_idname": "SvStringsSocket", "name": "Edges", "properties": {"custom_draw": "draw_property_socket"}}, "Polygons": {"bl_idname": "SvStringsSocket", "name": "Polygons"}, "Matrix": {"bl_idname": "SvMatrixSocket", "name": "Matrix"}, "Vector Color": {"bl_idname": "SvColorSocket", "name": "Vector Color", "properties": {"custom_draw": "draw_color_socket", "prop_name": "vector_color"}}, "Edge Color": {"bl_idname": "SvColorSocket", "name": "Edge Color", "properties": {"custom_draw": "draw_color_socket", "prop_name": "edge_color"}}, "Polygon Color": {"bl_idname": "SvColorSocket", "name": "Polygon Color", "properties": {"custom_draw": "draw_color_socket", "prop_name": "polygon_color"}}, "attrs": {"bl_idname": "SvStringsSocket", "name": "attrs", "attributes": {"hide": true}, "properties": {"quick_link_to_node": "SvVDAttrsNodeMk2"}}}, "bl_idname": "SvViewerDrawMk4"}}, "links": [{"from_node": "Random points on mesh", "from_socket": "Verts", "to_node": "Loop In", "to_socket": "Data 0"}, {"from_node": "Loop In", "from_socket": "Data 0", "to_node": "Voronoi 2D", "to_socket": "Vertices"}, {"from_node": "Plane", "from_socket": "Vertices", "to_node": "Random points on mesh", "to_socket": "Verts"}, {"from_node": "Plane", "from_socket": "Polygons", "to_node": "Random points on mesh", "to_socket": "Faces"}, {"from_node": "Voronoi 2D", "from_socket": "Vertices", "to_node": "Origins", "to_socket": "Verts"}, {"from_node": "Voronoi 2D", "from_socket": "Faces", "to_node": "Origins", "to_socket": "Faces"}, {"from_node": "Loop In", "from_socket": "Loop Out", "to_node": "Loop Out", "to_socket": "Loop In"}, {"from_node": "Origins", "from_socket": "Origin", "to_node": "Loop Out", "to_socket": "Data 0"}, {"from_node": "Loop Out", "from_socket": "Data 0", "to_node": "Viewer Draw", "to_socket": "Vertices"}]}}