{
  "export_version": "1.0",
  "main_tree": {
    "nodes": {
      "Frame": {
        "attributes": {
          "location": [
            1600.9453125,
            422.55010986328125
          ],
          "height": 570.160400390625,
          "width": 561.1376953125
        },
        "bl_idname": "NodeFrame"
      },
      "A Number": {
        "attributes": {
          "location": [
            -398.7955322265625,
            -322.9222412109375
          ]
        },
        "properties": {
          "float_": 7.0
        },
        "inputs": {
          "Float": {
            "bl_idname": "SvStringsSocket",
            "name": "Float",
            "properties": {
              "prop_name": "float_"
            }
          }
        },
        "outputs": {
          "Float": {
            "bl_idname": "SvStringsSocket",
            "name": "Float",
            "properties": {
              "custom_draw": "mode_custom_draw"
            }
          }
        },
        "bl_idname": "SvNumberNode"
      },
      "Formula": {
        "attributes": {
          "location": [
            -119.38566589355469,
            -72.75924682617188
          ],
          "width": 160.3349609375
        },
        "properties": {
          "formula1": "sin(x)*x/2"
        },
        "inputs": {
          "x": {
            "bl_idname": "SvFormulaSocket",
            "name": "x"
          }
        },
        "outputs": {
          "Result": {
            "bl_idname": "SvStringsSocket",
            "name": "Result"
          }
        },
        "bl_idname": "SvFormulaNodeMk5"
      },
      "Formula.002": {
        "attributes": {
          "location": [
            -119.38566589355469,
            64.25051879882812
          ],
          "width": 159.13876342773438
        },
        "properties": {
          "formula1": "cos(x)*x/2"
        },
        "inputs": {
          "x": {
            "bl_idname": "SvFormulaSocket",
            "name": "x"
          }
        },
        "outputs": {
          "Result": {
            "bl_idname": "SvStringsSocket",
            "name": "Result"
          }
        },
        "bl_idname": "SvFormulaNodeMk5"
      },
      "Formula.003": {
        "attributes": {
          "location": [
            -119.38566589355469,
            -227.47671508789062
          ],
          "width": 154.35409545898438
        },
        "properties": {
          "formula1": "tuple(Vector(x)*n0)"
        },
        "inputs": {
          "n0": {
            "bl_idname": "SvFormulaSocket",
            "name": "n0"
          },
          "x": {
            "bl_idname": "SvFormulaSocket",
            "name": "x",
            "properties": {
              "depth": 2
            }
          }
        },
        "outputs": {
          "Result": {
            "bl_idname": "SvStringsSocket",
            "name": "Result"
          }
        },
        "bl_idname": "SvFormulaNodeMk5"
      },
      "List Join": {
        "attributes": {
          "location": [
            328.55596923828125,
            174.20065307617188
          ]
        },
        "properties": {
          "JoinLevel": 2
        },
        "inputs": {
          "data": {
            "bl_idname": "SvStringsSocket",
            "name": "data"
          },
          "data 1": {
            "bl_idname": "SvStringsSocket",
            "name": "data 1"
          },
          "data 2": {
            "bl_idname": "SvStringsSocket",
            "name": "data 2"
          }
        },
        "outputs": {
          "data": {
            "bl_idname": "SvStringsSocket",
            "name": "data"
          }
        },
        "bl_idname": "ListJoinNode"
      },
      "Note": {
        "attributes": {
          "location": [
            -314.17523193359375,
            303.664794921875
          ],
          "width": 320.0,
          "color": [
            0.5,
            0.5,
            1.0
          ],
          "use_custom_color": true
        },
        "properties": {
          "n_id": "-7927488201404177430",
          "text": "Nikitron 2014 petri cap series | spiral"
        },
        "inputs": {
          "Text In": {
            "bl_idname": "SvStringsSocket",
            "name": "Text In"
          }
        },
        "outputs": {
          "Text Out": {
            "bl_idname": "SvStringsSocket",
            "name": "Text Out"
          }
        },
        "bl_idname": "NoteNode"
      },
      "Number Range": {
        "attributes": {
          "location": [
            -332.5755310058594,
            -0.4100341796875
          ]
        },
        "properties": {
          "current_mode": "RANGE",
          "start_float": 0.10000000149011612,
          "step_float": 0.029999999329447746,
          "stop_float": 20.0
        },
        "inputs": {
          "Start": {
            "bl_idname": "SvStringsSocket",
            "name": "Start",
            "properties": {
              "prop_name": "start_float"
            }
          },
          "Step": {
            "bl_idname": "SvStringsSocket",
            "name": "Step",
            "properties": {
              "prop_name": "stop_float",
              "label": "stop"
            }
          },
          "Stop": {
            "bl_idname": "SvStringsSocket",
            "name": "Stop",
            "properties": {
              "prop_name": "step_float",
              "label": "step"
            }
          }
        },
        "outputs": {
          "Range": {
            "bl_idname": "SvStringsSocket",
            "name": "Range"
          }
        },
        "bl_idname": "SvGenNumberRange"
      },
      "Random Vector": {
        "attributes": {
          "location": [
            -311.66302490234375,
            -183.65676879882812
          ],
          "color": [
            0.0,
            0.5,
            0.5
          ],
          "use_custom_color": true
        },
        "properties": {
          "count_inner": 100
        },
        "inputs": {
          "Count": {
            "bl_idname": "SvStringsSocket",
            "name": "Count",
            "properties": {
              "prop_name": "count_inner"
            }
          },
          "Seed": {
            "bl_idname": "SvStringsSocket",
            "name": "Seed",
            "properties": {
              "prop_name": "seed"
            }
          },
          "Scale": {
            "bl_idname": "SvStringsSocket",
            "name": "Scale",
            "properties": {
              "prop_name": "scale"
            }
          }
        },
        "outputs": {
          "Random": {
            "bl_idname": "SvVerticesSocket",
            "name": "Random"
          }
        },
        "bl_idname": "RandomVectorNodeMK3"
      },
      "UV Connect": {
        "attributes": {
          "location": [
            623.0308837890625,
            -148.77288818359375
          ],
          "parent": {
            "type": "NODE",
            "value": "Frame"
          }
        },
        "properties": {
          "polygons": "Edges",
          "slice_check": false
        },
        "inputs": {
          "vertices": {
            "bl_idname": "SvVerticesSocket",
            "name": "vertices"
          },
          "vertices 1": {
            "bl_idname": "SvVerticesSocket",
            "name": "vertices 1"
          }
        },
        "outputs": {
          "vertices": {
            "bl_idname": "SvVerticesSocket",
            "name": "vertices"
          },
          "data": {
            "bl_idname": "SvStringsSocket",
            "name": "data"
          }
        },
        "bl_idname": "LineConnectNodeMK2"
      },
      "Vectors in": {
        "attributes": {
          "location": [
            128.75160217285156,
            16.49582290649414
          ],
          "width": 100.0
        },
        "inputs": {
          "X": {
            "bl_idname": "SvStringsSocket",
            "name": "X",
            "properties": {
              "prop_name": "x_"
            }
          },
          "Y": {
            "bl_idname": "SvStringsSocket",
            "name": "Y",
            "properties": {
              "prop_name": "y_"
            }
          },
          "Z": {
            "bl_idname": "SvStringsSocket",
            "name": "Z",
            "properties": {
              "prop_name": "z_"
            }
          }
        },
        "outputs": {
          "Vectors": {
            "bl_idname": "SvVerticesSocket",
            "name": "Vectors"
          }
        },
        "bl_idname": "GenVectorsNode"
      },
      "Vectors in.001": {
        "attributes": {
          "location": [
            779.66162109375,
            -431.31573486328125
          ],
          "width": 100.0,
          "hide": true,
          "parent": {
            "type": "NODE",
            "value": "Frame"
          }
        },
        "inputs": {
          "X": {
            "bl_idname": "SvStringsSocket",
            "name": "X",
            "properties": {
              "prop_name": "x_"
            }
          },
          "Y": {
            "bl_idname": "SvStringsSocket",
            "name": "Y",
            "properties": {
              "prop_name": "y_"
            }
          },
          "Z": {
            "bl_idname": "SvStringsSocket",
            "name": "Z",
            "properties": {
              "prop_name": "z_"
            }
          }
        },
        "outputs": {
          "Vectors": {
            "bl_idname": "SvVerticesSocket",
            "name": "Vectors"
          }
        },
        "bl_idname": "GenVectorsNode"
      },
      "Vectors out": {
        "attributes": {
          "location": [
            580.087890625,
            -430.1993408203125
          ],
          "hide": true,
          "parent": {
            "type": "NODE",
            "value": "Frame"
          }
        },
        "inputs": {
          "Vectors": {
            "bl_idname": "SvVerticesSocket",
            "name": "Vectors"
          }
        },
        "outputs": {
          "X": {
            "bl_idname": "SvStringsSocket",
            "name": "X"
          },
          "Y": {
            "bl_idname": "SvStringsSocket",
            "name": "Y"
          },
          "Z": {
            "bl_idname": "SvStringsSocket",
            "name": "Z"
          }
        },
        "bl_idname": "VectorsOutNode"
      },
      "Viewer Draw Mk3": {
        "attributes": {
          "location": [
            941.2255859375,
            -184.49627685546875
          ],
          "color": [
            1.0,
            0.30000001192092896,
            0.0
          ],
          "use_custom_color": true,
          "parent": {
            "type": "NODE",
            "value": "Frame"
          }
        },
        "properties": {
          "activate": false
        },
        "inputs": {
          "Vertices": {
            "bl_idname": "SvVerticesSocket",
            "name": "Vertices",
            "properties": {
              "custom_draw": "draw_property_socket"
            }
          },
          "Edges": {
            "bl_idname": "SvStringsSocket",
            "name": "Edges",
            "properties": {
              "custom_draw": "draw_property_socket"
            }
          },
          "Polygons": {
            "bl_idname": "SvStringsSocket",
            "name": "Polygons"
          },
          "Matrix": {
            "bl_idname": "SvMatrixSocket",
            "name": "Matrix"
          },
          "Vector Color": {
            "bl_idname": "SvColorSocket",
            "name": "Vector Color",
            "properties": {
              "custom_draw": "draw_color_socket",
              "prop_name": "vector_color"
            }
          },
          "Edge Color": {
            "bl_idname": "SvColorSocket",
            "name": "Edge Color",
            "properties": {
              "custom_draw": "draw_color_socket",
              "prop_name": "edge_color"
            }
          },
          "Polygon Color": {
            "bl_idname": "SvColorSocket",
            "name": "Polygon Color",
            "properties": {
              "custom_draw": "draw_color_socket",
              "prop_name": "polygon_color"
            }
          },
          "attrs": {
            "bl_idname": "SvStringsSocket",
            "name": "attrs",
            "attributes": {
              "hide": true
            },
            "properties": {
              "quick_link_to_node": "SvVDAttrsNodeMk2"
            }
          }
        },
        "bl_idname": "SvViewerDrawMk4"
      },
      "Viewer Draw Mk3.001": {
        "attributes": {
          "location": [
            939.66162109375,
            -431.31573486328125
          ],
          "color": [
            1.0,
            0.30000001192092896,
            0.0
          ],
          "use_custom_color": true,
          "parent": {
            "type": "NODE",
            "value": "Frame"
          }
        },
        "properties": {
          "activate": false
        },
        "inputs": {
          "Vertices": {
            "bl_idname": "SvVerticesSocket",
            "name": "Vertices",
            "properties": {
              "custom_draw": "draw_property_socket"
            }
          },
          "Edges": {
            "bl_idname": "SvStringsSocket",
            "name": "Edges",
            "properties": {
              "custom_draw": "draw_property_socket"
            }
          },
          "Polygons": {
            "bl_idname": "SvStringsSocket",
            "name": "Polygons"
          },
          "Matrix": {
            "bl_idname": "SvMatrixSocket",
            "name": "Matrix"
          },
          "Vector Color": {
            "bl_idname": "SvColorSocket",
            "name": "Vector Color",
            "properties": {
              "custom_draw": "draw_color_socket",
              "prop_name": "vector_color"
            }
          },
          "Edge Color": {
            "bl_idname": "SvColorSocket",
            "name": "Edge Color",
            "properties": {
              "custom_draw": "draw_color_socket",
              "prop_name": "edge_color"
            }
          },
          "Polygon Color": {
            "bl_idname": "SvColorSocket",
            "name": "Polygon Color",
            "properties": {
              "custom_draw": "draw_color_socket",
              "prop_name": "polygon_color"
            }
          },
          "attrs": {
            "bl_idname": "SvStringsSocket",
            "name": "attrs",
            "attributes": {
              "hide": true
            },
            "properties": {
              "quick_link_to_node": "SvVDAttrsNodeMk2"
            }
          }
        },
        "bl_idname": "SvViewerDrawMk4"
      },
      "Viewer Draw Mk3.003": {
        "attributes": {
          "location": [
            986.0245361328125,
            221.61676025390625
          ],
          "color": [
            1.0,
            0.30000001192092896,
            0.0
          ],
          "use_custom_color": true
        },
        "properties": {
          "polygon_color": [
            0.8100000619888306,
            0.45176514983177185,
            0.3069685399532318,
            1.0
          ],
          "selected_draw_mode": "facet"
        },
        "inputs": {
          "Vertices": {
            "bl_idname": "SvVerticesSocket",
            "name": "Vertices",
            "properties": {
              "custom_draw": "draw_property_socket"
            }
          },
          "Edges": {
            "bl_idname": "SvStringsSocket",
            "name": "Edges",
            "properties": {
              "custom_draw": "draw_property_socket"
            }
          },
          "Polygons": {
            "bl_idname": "SvStringsSocket",
            "name": "Polygons"
          },
          "Matrix": {
            "bl_idname": "SvMatrixSocket",
            "name": "Matrix"
          },
          "Vector Color": {
            "bl_idname": "SvColorSocket",
            "name": "Vector Color",
            "properties": {
              "custom_draw": "draw_color_socket",
              "prop_name": "vector_color"
            }
          },
          "Edge Color": {
            "bl_idname": "SvColorSocket",
            "name": "Edge Color",
            "properties": {
              "custom_draw": "draw_color_socket",
              "prop_name": "edge_color"
            }
          },
          "Polygon Color": {
            "bl_idname": "SvColorSocket",
            "name": "Polygon Color",
            "properties": {
              "custom_draw": "draw_color_socket",
              "prop_name": "polygon_color"
            }
          },
          "attrs": {
            "bl_idname": "SvStringsSocket",
            "name": "attrs",
            "attributes": {
              "hide": true
            },
            "properties": {
              "quick_link_to_node": "SvVDAttrsNodeMk2"
            }
          }
        },
        "bl_idname": "SvViewerDrawMk4"
      },
      "Voronoi": {
        "attributes": {
          "location": [
            551.878662109375,
            192.26123046875
          ]
        },
        "properties": {
          "clip": 0.0,
          "draw_bounds": false,
          "draw_hangs": false
        },
        "inputs": {
          "Vertices": {
            "bl_idname": "SvVerticesSocket",
            "name": "Vertices"
          },
          "MaxSides": {
            "bl_idname": "SvStringsSocket",
            "name": "MaxSides",
            "attributes": {
              "hide": true
            },
            "properties": {
              "prop_name": "max_sides"
            }
          }
        },
        "outputs": {
          "Vertices": {
            "bl_idname": "SvVerticesSocket",
            "name": "Vertices"
          },
          "Edges": {
            "bl_idname": "SvStringsSocket",
            "name": "Edges"
          },
          "Faces": {
            "bl_idname": "SvStringsSocket",
            "name": "Faces",
            "attributes": {
              "hide": true
            }
          }
        },
        "bl_idname": "Voronoi2DNode"
      },
      "Fill Holes": {
        "attributes": {
          "location": [
            781.2543334960938,
            198.69227600097656
          ]
        },
        "properties": {
          "sides": 10
        },
        "inputs": {
          "vertices": {
            "bl_idname": "SvVerticesSocket",
            "name": "vertices"
          },
          "edges": {
            "bl_idname": "SvStringsSocket",
            "name": "edges"
          },
          "Sides": {
            "bl_idname": "SvStringsSocket",
            "name": "Sides",
            "properties": {
              "prop_name": "sides"
            }
          }
        },
        "outputs": {
          "vertices": {
            "bl_idname": "SvVerticesSocket",
            "name": "vertices"
          },
          "edges": {
            "bl_idname": "SvStringsSocket",
            "name": "edges"
          },
          "polygons": {
            "bl_idname": "SvStringsSocket",
            "name": "polygons"
          }
        },
        "bl_idname": "SvFillsHoleNode"
      }
    },
    "links": [
      {
        "from_node": "Number Range",
        "from_socket": "Range",
        "to_node": "Formula",
        "to_socket": "x"
      },
      {
        "from_node": "Number Range",
        "from_socket": "Range",
        "to_node": "Formula.002",
        "to_socket": "x"
      },
      {
        "from_node": "A Number",
        "from_socket": "Float",
        "to_node": "Formula.003",
        "to_socket": "n0"
      },
      {
        "from_node": "Random Vector",
        "from_socket": "Random",
        "to_node": "Formula.003",
        "to_socket": "x"
      },
      {
        "from_node": "Vectors in",
        "from_socket": "Vectors",
        "to_node": "List Join",
        "to_socket": "data"
      },
      {
        "from_node": "Formula.003",
        "from_socket": "Result",
        "to_node": "List Join",
        "to_socket": "data 1"
      },
      {
        "from_node": "Vectors in",
        "from_socket": "Vectors",
        "to_node": "UV Connect",
        "to_socket": "vertices"
      },
      {
        "from_node": "Formula.002",
        "from_socket": "Result",
        "to_node": "Vectors in",
        "to_socket": "X"
      },
      {
        "from_node": "Formula",
        "from_socket": "Result",
        "to_node": "Vectors in",
        "to_socket": "Y"
      },
      {
        "from_node": "Vectors out",
        "from_socket": "X",
        "to_node": "Vectors in.001",
        "to_socket": "X"
      },
      {
        "from_node": "Vectors out",
        "from_socket": "Y",
        "to_node": "Vectors in.001",
        "to_socket": "Y"
      },
      {
        "from_node": "Formula.003",
        "from_socket": "Result",
        "to_node": "Vectors out",
        "to_socket": "Vectors"
      },
      {
        "from_node": "UV Connect",
        "from_socket": "vertices",
        "to_node": "Viewer Draw Mk3",
        "to_socket": "Vertices"
      },
      {
        "from_node": "Vectors in.001",
        "from_socket": "Vectors",
        "to_node": "Viewer Draw Mk3.001",
        "to_socket": "Vertices"
      },
      {
        "from_node": "Fill Holes",
        "from_socket": "vertices",
        "to_node": "Viewer Draw Mk3.003",
        "to_socket": "Vertices"
      },
      {
        "from_node": "Fill Holes",
        "from_socket": "edges",
        "to_node": "Viewer Draw Mk3.003",
        "to_socket": "Edges"
      },
      {
        "from_node": "Fill Holes",
        "from_socket": "polygons",
        "to_node": "Viewer Draw Mk3.003",
        "to_socket": "Polygons"
      },
      {
        "from_node": "List Join",
        "from_socket": "data",
        "to_node": "Voronoi",
        "to_socket": "Vertices"
      },
      {
        "from_node": "Voronoi",
        "from_socket": "Vertices",
        "to_node": "Fill Holes",
        "to_socket": "vertices"
      },
      {
        "from_node": "Voronoi",
        "from_socket": "Edges",
        "to_node": "Fill Holes",
        "to_socket": "edges"
      }
    ]
  }
}