{
  "export_version": "1.0",
  "main_tree": {
    "nodes": {
      "A Number": {
        "attributes": {
          "location": [
            1974.121810913086,
            93.64347076416016
          ],
          "parent": {
            "type": "NODE",
            "value": "Frame.004"
          }
        },
        "properties": {
          "selected_mode": "int"
        },
        "inputs": {
          "Int": {
            "bl_idname": "SvStringsSocket",
            "name": "Int",
            "properties": {
              "prop_name": "int_"
            }
          }
        },
        "outputs": {
          "Int": {
            "bl_idname": "SvStringsSocket",
            "name": "Int",
            "properties": {
              "custom_draw": "mode_custom_draw"
            }
          }
        },
        "bl_idname": "SvNumberNode"
      },
      "A Number.001": {
        "attributes": {
          "location": [
            1984.852523803711,
            -11.558486938476562
          ],
          "parent": {
            "type": "NODE",
            "value": "Frame.004"
          }
        },
        "properties": {
          "int_": 1,
          "selected_mode": "int"
        },
        "inputs": {
          "Int": {
            "bl_idname": "SvStringsSocket",
            "name": "Int",
            "properties": {
              "prop_name": "int_"
            }
          }
        },
        "outputs": {
          "Int": {
            "bl_idname": "SvStringsSocket",
            "name": "Int",
            "properties": {
              "custom_draw": "mode_custom_draw"
            }
          }
        },
        "bl_idname": "SvNumberNode"
      },
      "Assign Materials List": {
        "attributes": {
          "location": [
            2535.243392944336,
            488.1202392578125
          ],
          "width": 200.0,
          "parent": {
            "type": "NODE",
            "value": "Frame.004"
          }
        },
        "properties": {
          "materials": [
            {
              "material": {
                "type": "MATERIAL",
                "value": "Walls"
              }
            },
            {
              "material": {
                "type": "MATERIAL",
                "value": "Windows"
              }
            }
          ]
        },
        "inputs": {
          "Object": {
            "bl_idname": "SvObjectSocket",
            "name": "Object"
          }
        },
        "outputs": {
          "Object": {
            "bl_idname": "SvObjectSocket",
            "name": "Object"
          }
        },
        "bl_idname": "SvAssignMaterialListNode"
      },
      "Formula": {
        "attributes": {
          "location": [
            -884.2107472419739,
            459.65465545654297
          ],
          "parent": {
            "type": "NODE",
            "value": "Frame"
          }
        },
        "properties": {
          "formula1": "5 + sin(x)"
        },
        "inputs": {
          "x": {
            "bl_idname": "SvFormulaSocket",
            "name": "x"
          }
        },
        "outputs": {
          "Result": {
            "bl_idname": "SvStringsSocket",
            "name": "Result"
          }
        },
        "bl_idname": "SvFormulaNodeMk5"
      },
      "Formula.002": {
        "attributes": {
          "location": [
            -838.0163502693176,
            -30.808570861816406
          ],
          "parent": {
            "type": "NODE",
            "value": "Frame"
          }
        },
        "properties": {
          "formula1": "1 + 0.5*sin(x)"
        },
        "inputs": {
          "x": {
            "bl_idname": "SvFormulaSocket",
            "name": "x"
          }
        },
        "outputs": {
          "Result": {
            "bl_idname": "SvStringsSocket",
            "name": "Result"
          }
        },
        "bl_idname": "SvFormulaNodeMk5"
      },
      "Frame": {
        "attributes": {
          "location": [
            -5.609428882598877,
            111.21172332763672
          ],
          "height": 922.1898193359375,
          "width": 706.8125,
          "label": "Profile"
        },
        "bl_idname": "NodeFrame"
      },
      "Frame.001": {
        "attributes": {
          "location": [
            -17.924715042114258,
            190.14381408691406
          ],
          "height": 581.8499145507812,
          "width": 790.7382202148438,
          "label": "Base Form"
        },
        "bl_idname": "NodeFrame"
      },
      "Frame.002": {
        "attributes": {
          "location": [
            -38.79912567138672,
            -151.44383239746094
          ],
          "height": 919.717529296875,
          "width": 814.243896484375,
          "label": "Mask Top & Bottom"
        },
        "bl_idname": "NodeFrame"
      },
      "Frame.003": {
        "attributes": {
          "location": [
            -30.240001678466797,
            10.079999923706055
          ],
          "height": 383.747802734375,
          "width": 396.781982421875,
          "label": "Inset"
        },
        "bl_idname": "NodeFrame"
      },
      "Frame.004": {
        "attributes": {
          "location": [
            -85.54811096191406,
            148.50210571289062
          ],
          "height": 633.45361328125,
          "width": 821.1217041015625,
          "label": "Assign Materials"
        },
        "bl_idname": "NodeFrame"
      },
      "Inset faces": {
        "attributes": {
          "location": [
            1481.3184700012207,
            281.4618663787842
          ],
          "parent": {
            "type": "NODE",
            "value": "Frame.003"
          }
        },
        "properties": {
          "mask_type": [
            "in"
          ],
          "thickness": 0.1499999761581421
        },
        "inputs": {
          "Verts": {
            "bl_idname": "SvVerticesSocket",
            "name": "Verts"
          },
          "Edges": {
            "bl_idname": "SvStringsSocket",
            "name": "Edges"
          },
          "Faces": {
            "bl_idname": "SvStringsSocket",
            "name": "Faces"
          },
          "Face data": {
            "bl_idname": "SvStringsSocket",
            "name": "Face data"
          },
          "Face mask": {
            "bl_idname": "SvStringsSocket",
            "name": "Face mask"
          },
          "Thickness": {
            "bl_idname": "SvStringsSocket",
            "name": "Thickness",
            "properties": {
              "prop_name": "thickness"
            }
          },
          "Depth": {
            "bl_idname": "SvStringsSocket",
            "name": "Depth",
            "properties": {
              "prop_name": "depth"
            }
          }
        },
        "outputs": {
          "Verts": {
            "bl_idname": "SvVerticesSocket",
            "name": "Verts"
          },
          "Edges": {
            "bl_idname": "SvStringsSocket",
            "name": "Edges"
          },
          "Faces": {
            "bl_idname": "SvStringsSocket",
            "name": "Faces"
          },
          "Face data": {
            "bl_idname": "SvStringsSocket",
            "name": "Face data"
          },
          "Mask": {
            "bl_idname": "SvStringsSocket",
            "name": "Mask",
            "properties": {
              "custom_draw": "draw_mask_socket"
            }
          }
        },
        "bl_idname": "SvInsetFaces"
      },
      "Inset faces.001": {
        "attributes": {
          "location": [
            1678.1004524230957,
            282.41447257995605
          ],
          "parent": {
            "type": "NODE",
            "value": "Frame.003"
          }
        },
        "properties": {
          "depth": -0.29999998211860657,
          "mask_type": [
            "in"
          ],
          "thickness": 0.0
        },
        "inputs": {
          "Verts": {
            "bl_idname": "SvVerticesSocket",
            "name": "Verts"
          },
          "Edges": {
            "bl_idname": "SvStringsSocket",
            "name": "Edges"
          },
          "Faces": {
            "bl_idname": "SvStringsSocket",
            "name": "Faces"
          },
          "Face data": {
            "bl_idname": "SvStringsSocket",
            "name": "Face data"
          },
          "Face mask": {
            "bl_idname": "SvStringsSocket",
            "name": "Face mask"
          },
          "Thickness": {
            "bl_idname": "SvStringsSocket",
            "name": "Thickness",
            "properties": {
              "prop_name": "thickness"
            }
          },
          "Depth": {
            "bl_idname": "SvStringsSocket",
            "name": "Depth",
            "properties": {
              "prop_name": "depth"
            }
          }
        },
        "outputs": {
          "Verts": {
            "bl_idname": "SvVerticesSocket",
            "name": "Verts"
          },
          "Edges": {
            "bl_idname": "SvStringsSocket",
            "name": "Edges"
          },
          "Faces": {
            "bl_idname": "SvStringsSocket",
            "name": "Faces"
          },
          "Face data": {
            "bl_idname": "SvStringsSocket",
            "name": "Face data"
          },
          "Mask": {
            "bl_idname": "SvStringsSocket",
            "name": "Mask",
            "properties": {
              "custom_draw": "draw_mask_socket"
            }
          }
        },
        "bl_idname": "SvInsetFaces"
      },
      "Logic functions.001": {
        "attributes": {
          "location": [
            1018.5470657348633,
            157.33985900878906
          ],
          "hide": true,
          "parent": {
            "type": "NODE",
            "value": "Frame.002"
          }
        },
        "properties": {
          "items_": "OR"
        },
        "inputs": {
          "X": {
            "bl_idname": "SvStringsSocket",
            "name": "X",
            "properties": {
              "prop_name": "x"
            }
          },
          "Y": {
            "bl_idname": "SvStringsSocket",
            "name": "Y",
            "properties": {
              "prop_name": "y"
            }
          }
        },
        "outputs": {
          "Gate": {
            "bl_idname": "SvStringsSocket",
            "name": "Gate"
          }
        },
        "bl_idname": "SvLogicNode"
      },
      "Logic functions.002": {
        "attributes": {
          "location": [
            1207.7133255004883,
            138.02403259277344
          ],
          "hide": true,
          "parent": {
            "type": "NODE",
            "value": "Frame.002"
          }
        },
        "properties": {
          "items_": "NOT"
        },
        "inputs": {
          "X": {
            "bl_idname": "SvStringsSocket",
            "name": "X",
            "properties": {
              "prop_name": "x"
            }
          }
        },
        "outputs": {
          "Gate": {
            "bl_idname": "SvStringsSocket",
            "name": "Gate"
          }
        },
        "bl_idname": "SvLogicNode"
      },
      "Matrix Apply.001": {
        "attributes": {
          "location": [
            5.408380508422852,
            330.08673095703125
          ],
          "parent": {
            "type": "NODE",
            "value": "Frame.001"
          }
        },
        "properties": {
          "do_join": false
        },
        "inputs": {
          "Vertices": {
            "bl_idname": "SvVerticesSocket",
            "name": "Vertices"
          },
          "Edges": {
            "bl_idname": "SvStringsSocket",
            "name": "Edges"
          },
          "Faces": {
            "bl_idname": "SvStringsSocket",
            "name": "Faces"
          },
          "Matrices": {
            "bl_idname": "SvMatrixSocket",
            "name": "Matrices"
          }
        },
        "outputs": {
          "Vertices": {
            "bl_idname": "SvVerticesSocket",
            "name": "Vertices"
          },
          "Edges": {
            "bl_idname": "SvStringsSocket",
            "name": "Edges"
          },
          "Faces": {
            "bl_idname": "SvStringsSocket",
            "name": "Faces"
          }
        },
        "bl_idname": "SvMatrixApplyJoinNode"
      },
      "Mesh viewer": {
        "attributes": {
          "location": [
            2365.52880859375,
            456.7216491699219
          ],
          "color": [
            1.0,
            0.5889999866485596,
            0.21400000154972076
          ],
          "use_custom_color": true
        },
        "inputs": {
          "vertices": {
            "bl_idname": "SvVerticesSocket",
            "name": "vertices"
          },
          "edges": {
            "bl_idname": "SvStringsSocket",
            "name": "edges",
            "properties": {
              "custom_draw": "draw_edges_props"
            }
          },
          "faces": {
            "bl_idname": "SvStringsSocket",
            "name": "faces"
          },
          "material_idx": {
            "bl_idname": "SvStringsSocket",
            "name": "material_idx"
          },
          "matrix": {
            "bl_idname": "SvMatrixSocket",
            "name": "matrix",
            "properties": {
              "custom_draw": "draw_matrix_props"
            }
          }
        },
        "outputs": {
          "Objects": {
            "bl_idname": "SvObjectSocket",
            "name": "Objects"
          }
        },
        "bl_idname": "SvMeshViewer"
      },
      "Note": {
        "attributes": {
          "location": [
            -841.4544606208801,
            -179.68054962158203
          ],
          "width": 223.67640686035156,
          "color": [
            0.5,
            0.5,
            1.0
          ],
          "use_custom_color": true,
          "parent": {
            "type": "NODE",
            "value": "Frame"
          }
        },
        "properties": {
          "n_id": "-8646911185629083307",
          "text": "Generate a profile for each floor"
        },
        "inputs": {
          "Text In": {
            "bl_idname": "SvStringsSocket",
            "name": "Text In"
          }
        },
        "outputs": {
          "Text Out": {
            "bl_idname": "SvStringsSocket",
            "name": "Text Out"
          }
        },
        "bl_idname": "NoteNode"
      },
      "Note.001": {
        "attributes": {
          "location": [
            -23.147138595581055,
            67.3342056274414
          ],
          "width": 400.0,
          "color": [
            0.5,
            0.5,
            1.0
          ],
          "use_custom_color": true,
          "parent": {
            "type": "NODE",
            "value": "Frame.001"
          }
        },
        "properties": {
          "n_id": "-8646911185629083028",
          "text": "Put each floor on correct height, and connect them all with UV surface into the base form of the building"
        },
        "inputs": {
          "Text In": {
            "bl_idname": "SvStringsSocket",
            "name": "Text In"
          }
        },
        "outputs": {
          "Text Out": {
            "bl_idname": "SvStringsSocket",
            "name": "Text Out"
          }
        },
        "bl_idname": "NoteNode"
      },
      "Note.002": {
        "attributes": {
          "location": [
            620.9787673950195,
            -94.69935607910156
          ],
          "width": 304.031005859375,
          "color": [
            0.5,
            0.5,
            1.0
          ],
          "use_custom_color": true,
          "parent": {
            "type": "NODE",
            "value": "Frame.002"
          }
        },
        "properties": {
          "n_id": "-8646911185629083338",
          "text": "Exclude top and bottom faces from inset process"
        },
        "inputs": {
          "Text In": {
            "bl_idname": "SvStringsSocket",
            "name": "Text In"
          }
        },
        "outputs": {
          "Text Out": {
            "bl_idname": "SvStringsSocket",
            "name": "Text Out"
          }
        },
        "bl_idname": "NoteNode"
      },
      "Number Range": {
        "attributes": {
          "location": [
            -353.8853168487549,
            94.8656997680664
          ],
          "parent": {
            "type": "NODE",
            "value": "Frame.001"
          }
        },
        "properties": {
          "current_mode": "RANGE_COUNT",
          "range_mode": "RANGE_COUNT",
          "stop_float": 13.960000038146973
        },
        "inputs": {
          "Start": {
            "bl_idname": "SvStringsSocket",
            "name": "Start",
            "properties": {
              "prop_name": "start_float"
            }
          },
          "Step": {
            "bl_idname": "SvStringsSocket",
            "name": "Step",
            "properties": {
              "prop_name": "stop_float",
              "label": "stop"
            }
          },
          "Stop": {
            "bl_idname": "SvStringsSocket",
            "name": "Stop",
            "properties": {
              "prop_name": "count_",
              "label": "count"
            }
          }
        },
        "outputs": {
          "Range": {
            "bl_idname": "SvStringsSocket",
            "name": "Range"
          }
        },
        "bl_idname": "SvGenNumberRange"
      },
      "Number Range.001": {
        "attributes": {
          "location": [
            -1166.2787404060364,
            -184.98499298095703
          ],
          "parent": {
            "type": "NODE",
            "value": "Frame"
          }
        },
        "properties": {
          "current_mode": "RANGE_COUNT",
          "range_mode": "RANGE_COUNT",
          "stop_float": 6.2831854820251465
        },
        "inputs": {
          "Start": {
            "bl_idname": "SvStringsSocket",
            "name": "Start",
            "properties": {
              "prop_name": "start_float"
            }
          },
          "Step": {
            "bl_idname": "SvStringsSocket",
            "name": "Step",
            "properties": {
              "prop_name": "stop_float",
              "label": "stop"
            }
          },
          "Stop": {
            "bl_idname": "SvStringsSocket",
            "name": "Stop",
            "properties": {
              "prop_name": "count_",
              "label": "count"
            }
          }
        },
        "outputs": {
          "Range": {
            "bl_idname": "SvStringsSocket",
            "name": "Range"
          }
        },
        "bl_idname": "SvGenNumberRange"
      },
      "Number Range.002": {
        "attributes": {
          "location": [
            -1159.0247120857239,
            -6.932823181152344
          ],
          "parent": {
            "type": "NODE",
            "value": "Frame"
          }
        },
        "properties": {
          "current_mode": "RANGE_COUNT",
          "range_mode": "RANGE_COUNT",
          "start_float": 11.0,
          "stop_float": 12.0
        },
        "inputs": {
          "Start": {
            "bl_idname": "SvStringsSocket",
            "name": "Start",
            "properties": {
              "prop_name": "start_float"
            }
          },
          "Step": {
            "bl_idname": "SvStringsSocket",
            "name": "Step",
            "properties": {
              "prop_name": "stop_float",
              "label": "stop"
            }
          },
          "Stop": {
            "bl_idname": "SvStringsSocket",
            "name": "Stop",
            "properties": {
              "prop_name": "count_",
              "label": "count"
            }
          }
        },
        "outputs": {
          "Range": {
            "bl_idname": "SvStringsSocket",
            "name": "Range"
          }
        },
        "bl_idname": "SvGenNumberRange"
      },
      "Number Range.003": {
        "attributes": {
          "location": [
            -1153.4583058357239,
            153.06954956054688
          ],
          "parent": {
            "type": "NODE",
            "value": "Frame"
          }
        },
        "properties": {
          "current_mode": "RANGE_COUNT",
          "range_mode": "RANGE_COUNT",
          "start_float": 5.0,
          "stop_float": 3.5
        },
        "inputs": {
          "Start": {
            "bl_idname": "SvStringsSocket",
            "name": "Start",
            "properties": {
              "prop_name": "start_float"
            }
          },
          "Step": {
            "bl_idname": "SvStringsSocket",
            "name": "Step",
            "properties": {
              "prop_name": "stop_float",
              "label": "stop"
            }
          },
          "Stop": {
            "bl_idname": "SvStringsSocket",
            "name": "Stop",
            "properties": {
              "prop_name": "count_",
              "label": "count"
            }
          }
        },
        "outputs": {
          "Range": {
            "bl_idname": "SvStringsSocket",
            "name": "Range"
          }
        },
        "bl_idname": "SvGenNumberRange"
      },
      "Number Range.004": {
        "attributes": {
          "location": [
            -1142.3256154060364,
            311.47985076904297
          ],
          "parent": {
            "type": "NODE",
            "value": "Frame"
          }
        },
        "properties": {
          "current_mode": "RANGE_COUNT",
          "range_mode": "RANGE_COUNT",
          "start_float": 5.829999923706055,
          "stop_float": 1.239999771118164
        },
        "inputs": {
          "Start": {
            "bl_idname": "SvStringsSocket",
            "name": "Start",
            "properties": {
              "prop_name": "start_float"
            }
          },
          "Step": {
            "bl_idname": "SvStringsSocket",
            "name": "Step",
            "properties": {
              "prop_name": "stop_float",
              "label": "stop"
            }
          },
          "Stop": {
            "bl_idname": "SvStringsSocket",
            "name": "Stop",
            "properties": {
              "prop_name": "count_",
              "label": "count"
            }
          }
        },
        "outputs": {
          "Range": {
            "bl_idname": "SvStringsSocket",
            "name": "Range"
          }
        },
        "bl_idname": "SvGenNumberRange"
      },
      "Number Range.005": {
        "attributes": {
          "location": [
            -1133.8003468513489,
            506.85652923583984
          ],
          "parent": {
            "type": "NODE",
            "value": "Frame"
          }
        },
        "properties": {
          "current_mode": "RANGE_COUNT",
          "range_mode": "RANGE_COUNT",
          "stop_float": 6.2831854820251465
        },
        "inputs": {
          "Start": {
            "bl_idname": "SvStringsSocket",
            "name": "Start",
            "properties": {
              "prop_name": "start_float"
            }
          },
          "Step": {
            "bl_idname": "SvStringsSocket",
            "name": "Step",
            "properties": {
              "prop_name": "stop_float",
              "label": "stop"
            }
          },
          "Stop": {
            "bl_idname": "SvStringsSocket",
            "name": "Stop",
            "properties": {
              "prop_name": "count_",
              "label": "count"
            }
          }
        },
        "outputs": {
          "Range": {
            "bl_idname": "SvStringsSocket",
            "name": "Range"
          }
        },
        "bl_idname": "SvGenNumberRange"
      },
      "Profile Parametric Mk3.001": {
        "attributes": {
          "location": [
            -659.4662404060364,
            406.81966400146484
          ],
          "parent": {
            "type": "NODE",
            "value": "Frame"
          }
        },
        "properties": {
          "filename": "Text"
        },
        "advanced_properties": {
          "profile": "default width = 10\ndefault height = 8\ndefault b_width = 4\ndefault b_height = 2\ndefault r = 1\n\nlet dw = {(width - b_width - 2*r)/2}\n\nM {-width/2+r},{-height/2}\nh {width - 2*r} n=4;\nl r,r\nv {height-2*r};\nl -r,r\nh -dw;\nv {b_height - r};\nl -r,r\nh {-(b_width - 2*r)} ;\nl -r,-r\nv {-(b_height - r)};\nh -dw;\nl -r,-r\nv {-(height - 2*r)};\nX\n#l r,-r"
        },
        "inputs": {
          "b_height": {
            "bl_idname": "SvStringsSocket",
            "name": "b_height"
          },
          "b_width": {
            "bl_idname": "SvStringsSocket",
            "name": "b_width"
          },
          "height": {
            "bl_idname": "SvStringsSocket",
            "name": "height"
          },
          "r": {
            "bl_idname": "SvStringsSocket",
            "name": "r"
          },
          "width": {
            "bl_idname": "SvStringsSocket",
            "name": "width"
          }
        },
        "outputs": {
          "Vertices": {
            "bl_idname": "SvVerticesSocket",
            "name": "Vertices"
          },
          "Edges": {
            "bl_idname": "SvStringsSocket",
            "name": "Edges"
          },
          "Knots": {
            "bl_idname": "SvVerticesSocket",
            "name": "Knots"
          },
          "KnotNames": {
            "bl_idname": "SvStringsSocket",
            "name": "KnotNames"
          },
          "Curve": {
            "bl_idname": "SvCurveSocket",
            "name": "Curve"
          }
        },
        "bl_idname": "SvProfileNodeMK3"
      },
      "Reroute": {
        "attributes": {
          "location": [
            598.8027420043945,
            194.5101776123047
          ],
          "width": 16.0,
          "parent": {
            "type": "NODE",
            "value": "Frame.002"
          }
        },
        "inputs": {
          "Input": {
            "bl_idname": "NodeSocketColor",
            "name": "Input"
          }
        },
        "outputs": {
          "Output": {
            "bl_idname": "NodeSocketColor",
            "name": "Output"
          }
        },
        "bl_idname": "NodeReroute"
      },
      "Reroute.001": {
        "attributes": {
          "location": [
            630.9545364379883,
            158.0500946044922
          ],
          "width": 16.0,
          "parent": {
            "type": "NODE",
            "value": "Frame.002"
          }
        },
        "inputs": {
          "Input": {
            "bl_idname": "NodeSocketColor",
            "name": "Input"
          }
        },
        "outputs": {
          "Output": {
            "bl_idname": "NodeSocketColor",
            "name": "Output"
          }
        },
        "bl_idname": "NodeReroute"
      },
      "Select mesh elements by location": {
        "attributes": {
          "location": [
            701.2475662231445,
            253.05860900878906
          ],
          "parent": {
            "type": "NODE",
            "value": "Frame.002"
          }
        },
        "properties": {
          "mode": "BySide"
        },
        "inputs": {
          "Vertices": {
            "bl_idname": "SvVerticesSocket",
            "name": "Vertices",
            "properties": {
              "is_mandatory": true
            }
          },
          "Edges": {
            "bl_idname": "SvStringsSocket",
            "name": "Edges",
            "properties": {
              "nesting_level": 3
            }
          },
          "Polygons": {
            "bl_idname": "SvStringsSocket",
            "name": "Polygons",
            "properties": {
              "nesting_level": 3
            }
          },
          "Direction": {
            "bl_idname": "SvVerticesSocket",
            "name": "Direction",
            "properties": {
              "use_prop": true,
              "prop": [
                0.0,
                0.0,
                -1.0
              ],
              "expanded": true
            }
          },
          "Center": {
            "bl_idname": "SvVerticesSocket",
            "name": "Center",
            "attributes": {
              "hide": true
            },
            "properties": {
              "use_prop": true
            }
          },
          "Percent": {
            "bl_idname": "SvStringsSocket",
            "name": "Percent",
            "properties": {
              "prop_name": "percent"
            }
          },
          "Radius": {
            "bl_idname": "SvStringsSocket",
            "name": "Radius",
            "attributes": {
              "hide": true
            },
            "properties": {
              "prop_name": "radius"
            }
          }
        },
        "outputs": {
          "VerticesMask": {
            "bl_idname": "SvStringsSocket",
            "name": "VerticesMask"
          },
          "EdgesMask": {
            "bl_idname": "SvStringsSocket",
            "name": "EdgesMask"
          },
          "FacesMask": {
            "bl_idname": "SvStringsSocket",
            "name": "FacesMask"
          }
        },
        "bl_idname": "SvMeshSelectNodeMk2"
      },
      "Select mesh elements by location.002": {
        "attributes": {
          "location": [
            704.261848449707,
            615.0508575439453
          ],
          "parent": {
            "type": "NODE",
            "value": "Frame.002"
          }
        },
        "properties": {
          "mode": "BySide"
        },
        "inputs": {
          "Vertices": {
            "bl_idname": "SvVerticesSocket",
            "name": "Vertices",
            "properties": {
              "is_mandatory": true
            }
          },
          "Edges": {
            "bl_idname": "SvStringsSocket",
            "name": "Edges",
            "properties": {
              "nesting_level": 3
            }
          },
          "Polygons": {
            "bl_idname": "SvStringsSocket",
            "name": "Polygons",
            "properties": {
              "nesting_level": 3
            }
          },
          "Direction": {
            "bl_idname": "SvVerticesSocket",
            "name": "Direction",
            "properties": {
              "use_prop": true,
              "prop": [
                0.0,
                0.0,
                1.0
              ],
              "expanded": true
            }
          },
          "Center": {
            "bl_idname": "SvVerticesSocket",
            "name": "Center",
            "attributes": {
              "hide": true
            },
            "properties": {
              "use_prop": true
            }
          },
          "Percent": {
            "bl_idname": "SvStringsSocket",
            "name": "Percent",
            "properties": {
              "prop_name": "percent"
            }
          },
          "Radius": {
            "bl_idname": "SvStringsSocket",
            "name": "Radius",
            "attributes": {
              "hide": true
            },
            "properties": {
              "prop_name": "radius"
            }
          }
        },
        "outputs": {
          "VerticesMask": {
            "bl_idname": "SvStringsSocket",
            "name": "VerticesMask"
          },
          "EdgesMask": {
            "bl_idname": "SvStringsSocket",
            "name": "EdgesMask"
          },
          "FacesMask": {
            "bl_idname": "SvStringsSocket",
            "name": "FacesMask"
          }
        },
        "bl_idname": "SvMeshSelectNodeMk2"
      },
      "Switch.001": {
        "attributes": {
          "location": [
            2176.942611694336,
            192.38851928710938
          ],
          "parent": {
            "type": "NODE",
            "value": "Frame.004"
          }
        },
        "inputs": {
          "State": {
            "bl_idname": "SvStringsSocket",
            "name": "State",
            "properties": {
              "prop_name": "switch_state"
            }
          },
          "A_0": {
            "bl_idname": "SvStringsSocket",
            "name": "A_0",
            "properties": {
              "prop_name": "A_0"
            }
          },
          "B_0": {
            "bl_idname": "SvStringsSocket",
            "name": "B_0",
            "properties": {
              "prop_name": "B_0"
            }
          }
        },
        "outputs": {
          "Out_0": {
            "bl_idname": "SvStringsSocket",
            "name": "Out_0"
          }
        },
        "bl_idname": "SvSwitchNodeMK2"
      },
      "UV Connection.001": {
        "attributes": {
          "location": [
            201.22993278503418,
            419.18328857421875
          ],
          "parent": {
            "type": "NODE",
            "value": "Frame.001"
          }
        },
        "properties": {
          "cap_V": true,
          "cicl_check_V": true,
          "dir_check": "V_dir",
          "slice_check": false
        },
        "inputs": {
          "vertices": {
            "bl_idname": "SvVerticesSocket",
            "name": "vertices"
          },
          "vertices 1": {
            "bl_idname": "SvVerticesSocket",
            "name": "vertices 1"
          }
        },
        "outputs": {
          "vertices": {
            "bl_idname": "SvVerticesSocket",
            "name": "vertices"
          },
          "data": {
            "bl_idname": "SvStringsSocket",
            "name": "data"
          }
        },
        "bl_idname": "LineConnectNodeMK2"
      },
      "Vector in.001": {
        "attributes": {
          "location": [
            -151.2042407989502,
            143.44586181640625
          ],
          "width": 100.0,
          "parent": {
            "type": "NODE",
            "value": "Frame.001"
          }
        },
        "inputs": {
          "X": {
            "bl_idname": "SvStringsSocket",
            "name": "X",
            "properties": {
              "prop_name": "x_"
            }
          },
          "Y": {
            "bl_idname": "SvStringsSocket",
            "name": "Y",
            "properties": {
              "prop_name": "y_"
            }
          },
          "Z": {
            "bl_idname": "SvStringsSocket",
            "name": "Z",
            "properties": {
              "prop_name": "z_"
            }
          }
        },
        "outputs": {
          "Vectors": {
            "bl_idname": "SvVerticesSocket",
            "name": "Vectors"
          }
        },
        "bl_idname": "GenVectorsNode"
      }
    },
    "links": [
      {
        "from_node": "Mesh viewer",
        "from_socket": "Objects",
        "to_node": "Assign Materials List",
        "to_socket": "Object"
      },
      {
        "from_node": "Number Range.005",
        "from_socket": "Range",
        "to_node": "Formula",
        "to_socket": "x"
      },
      {
        "from_node": "Number Range.001",
        "from_socket": "Range",
        "to_node": "Formula.002",
        "to_socket": "x"
      },
      {
        "from_node": "Reroute",
        "from_socket": "Output",
        "to_node": "Inset faces",
        "to_socket": "Verts"
      },
      {
        "from_node": "Reroute.001",
        "from_socket": "Output",
        "to_node": "Inset faces",
        "to_socket": "Faces"
      },
      {
        "from_node": "Logic functions.002",
        "from_socket": "Gate",
        "to_node": "Inset faces",
        "to_socket": "Face mask"
      },
      {
        "from_node": "Inset faces",
        "from_socket": "Verts",
        "to_node": "Inset faces.001",
        "to_socket": "Verts"
      },
      {
        "from_node": "Inset faces",
        "from_socket": "Faces",
        "to_node": "Inset faces.001",
        "to_socket": "Faces"
      },
      {
        "from_node": "Inset faces",
        "from_socket": "Mask",
        "to_node": "Inset faces.001",
        "to_socket": "Face mask"
      },
      {
        "from_node": "Select mesh elements by location.002",
        "from_socket": "FacesMask",
        "to_node": "Logic functions.001",
        "to_socket": "X"
      },
      {
        "from_node": "Select mesh elements by location",
        "from_socket": "FacesMask",
        "to_node": "Logic functions.001",
        "to_socket": "Y"
      },
      {
        "from_node": "Logic functions.001",
        "from_socket": "Gate",
        "to_node": "Logic functions.002",
        "to_socket": "X"
      },
      {
        "from_node": "Profile Parametric Mk3.001",
        "from_socket": "Vertices",
        "to_node": "Matrix Apply.001",
        "to_socket": "Vertices"
      },
      {
        "from_node": "Profile Parametric Mk3.001",
        "from_socket": "Edges",
        "to_node": "Matrix Apply.001",
        "to_socket": "Edges"
      },
      {
        "from_node": "Vector in.001",
        "from_socket": "Vectors",
        "to_node": "Matrix Apply.001",
        "to_socket": "Matrices"
      },
      {
        "from_node": "Inset faces.001",
        "from_socket": "Verts",
        "to_node": "Mesh viewer",
        "to_socket": "vertices"
      },
      {
        "from_node": "Inset faces.001",
        "from_socket": "Faces",
        "to_node": "Mesh viewer",
        "to_socket": "faces"
      },
      {
        "from_node": "Switch.001",
        "from_socket": "Out_0",
        "to_node": "Mesh viewer",
        "to_socket": "material_idx"
      },
      {
        "from_node": "Number Range.004",
        "from_socket": "Range",
        "to_node": "Profile Parametric Mk3.001",
        "to_socket": "b_height"
      },
      {
        "from_node": "Formula",
        "from_socket": "Result",
        "to_node": "Profile Parametric Mk3.001",
        "to_socket": "b_width"
      },
      {
        "from_node": "Number Range.003",
        "from_socket": "Range",
        "to_node": "Profile Parametric Mk3.001",
        "to_socket": "height"
      },
      {
        "from_node": "Formula.002",
        "from_socket": "Result",
        "to_node": "Profile Parametric Mk3.001",
        "to_socket": "r"
      },
      {
        "from_node": "Number Range.002",
        "from_socket": "Range",
        "to_node": "Profile Parametric Mk3.001",
        "to_socket": "width"
      },
      {
        "from_node": "UV Connection.001",
        "from_socket": "vertices",
        "to_node": "Reroute",
        "to_socket": "Input"
      },
      {
        "from_node": "UV Connection.001",
        "from_socket": "data",
        "to_node": "Reroute.001",
        "to_socket": "Input"
      },
      {
        "from_node": "Reroute",
        "from_socket": "Output",
        "to_node": "Select mesh elements by location",
        "to_socket": "Vertices"
      },
      {
        "from_node": "Reroute.001",
        "from_socket": "Output",
        "to_node": "Select mesh elements by location",
        "to_socket": "Polygons"
      },
      {
        "from_node": "Reroute",
        "from_socket": "Output",
        "to_node": "Select mesh elements by location.002",
        "to_socket": "Vertices"
      },
      {
        "from_node": "Reroute.001",
        "from_socket": "Output",
        "to_node": "Select mesh elements by location.002",
        "to_socket": "Polygons"
      },
      {
        "from_node": "Inset faces.001",
        "from_socket": "Mask",
        "to_node": "Switch.001",
        "to_socket": "State"
      },
      {
        "from_node": "A Number.001",
        "from_socket": "Int",
        "to_node": "Switch.001",
        "to_socket": "A_0"
      },
      {
        "from_node": "A Number",
        "from_socket": "Int",
        "to_node": "Switch.001",
        "to_socket": "B_0"
      },
      {
        "from_node": "Matrix Apply.001",
        "from_socket": "Vertices",
        "to_node": "UV Connection.001",
        "to_socket": "vertices"
      },
      {
        "from_node": "Number Range",
        "from_socket": "Range",
        "to_node": "Vector in.001",
        "to_socket": "Z"
      }
    ]
  },
  "MATERIAL": {
    "Windows": {},
    "Walls": {}
  }
}