{
  "export_version": "1.0",
  "main_tree": {
    "nodes": {
      "Frame": {
        "attributes": {
          "location": [
            1388.2783203125,
            166.85975646972656
          ],
          "height": 311.0,
          "width": 713.0,
          "label": "mask small=green"
        },
        "bl_idname": "NodeFrame"
      },
      "Frame.001": {
        "attributes": {
          "location": [
            1714.1441650390625,
            270.9542236328125
          ],
          "height": 453.0,
          "width": 709.0,
          "label": "init"
        },
        "bl_idname": "NodeFrame"
      },
      "Frame.010": {
        "attributes": {
          "location": [
            -23.605833053588867,
            126.68020629882812
          ],
          "height": 931.0,
          "width": 1150.9998779296875,
          "label": "color",
          "color": [
            0.6079999804496765,
            0.6079999804496765,
            0.6079999804496765
          ],
          "use_custom_color": true
        },
        "bl_idname": "NodeFrame"
      },
      "Frame.002": {
        "attributes": {
          "location": [
            1931.6918964385986,
            1172.6268615722656
          ],
          "height": 424.0,
          "width": 435.0,
          "label": "rad",
          "color": [
            0.6079999804496765,
            0.17259472608566284,
            0.12654002010822296
          ],
          "use_custom_color": true,
          "parent": {
            "type": "NODE",
            "value": "Frame.010"
          }
        },
        "bl_idname": "NodeFrame"
      },
      "Frame.003": {
        "attributes": {
          "location": [
            222.46994018554688,
            -3.0290002822875977
          ],
          "height": 1029.0,
          "width": 924.000244140625,
          "label": "arcs",
          "color": [
            0.6079999804496765,
            0.6079999804496765,
            0.6079999804496765
          ],
          "use_custom_color": true
        },
        "bl_idname": "NodeFrame"
      },
      "Frame.004": {
        "attributes": {
          "location": [
            -1538.842529296875,
            1299.5205078125
          ],
          "height": 513.0,
          "width": 577.0,
          "label": "shape"
        },
        "bl_idname": "NodeFrame"
      },
      "Frame.007": {
        "attributes": {
          "location": [
            10.659372329711914,
            -42.0760498046875
          ],
          "height": 432.0,
          "width": 970.0,
          "label": "green",
          "color": [
            0.15021802484989166,
            0.6079999804496765,
            0.21782340109348297
          ],
          "use_custom_color": true,
          "parent": {
            "type": "NODE",
            "value": "Frame.010"
          }
        },
        "bl_idname": "NodeFrame"
      },
      "Frame.008": {
        "attributes": {
          "location": [
            -23.45445442199707,
            -44.2061767578125
          ],
          "height": 594.0,
          "width": 658.0,
          "label": "ananas-color",
          "color": [
            0.6079999804496765,
            0.6079999804496765,
            0.6079999804496765
          ],
          "use_custom_color": true
        },
        "bl_idname": "NodeFrame"
      },
      "Frame.011": {
        "attributes": {
          "location": [
            8.582347869873047,
            41.7886848449707
          ],
          "height": 716.0,
          "width": 200.0,
          "label": " "
        },
        "bl_idname": "NodeFrame"
      },
      "Frame.009": {
        "attributes": {
          "location": [
            133.9361114501953,
            131.7018585205078
          ],
          "height": 301.0,
          "width": 436.94140625,
          "label": "smashing"
        },
        "bl_idname": "NodeFrame"
      },
      "Frame.006": {
        "attributes": {
          "location": [
            -2000.0382080078125,
            470.0436706542969
          ],
          "height": 580.0,
          "width": 906.0,
          "label": "meshing coloring"
        },
        "bl_idname": "NodeFrame"
      },
      "Frame.005": {
        "attributes": {
          "location": [
            -2082.97705078125,
            343.86724853515625
          ],
          "height": 518.0,
          "width": 813.0,
          "label": "leafs"
        },
        "bl_idname": "NodeFrame"
      },
      "3pt Arc": {
        "attributes": {
          "location": [
            4159.858367919922,
            -80.02827548980713
          ],
          "color": [
            0.9200000166893005,
            0.9200000166893005,
            0.9200000166893005
          ],
          "use_custom_color": true,
          "parent": {
            "type": "NODE",
            "value": "Frame.003"
          }
        },
        "inputs": {
          "num_verts": {
            "bl_idname": "SvStringsSocket",
            "name": "num_verts",
            "properties": {
              "prop_name": "num_verts"
            }
          },
          "arc_pts": {
            "bl_idname": "SvVerticesSocket",
            "name": "arc_pts"
          }
        },
        "outputs": {
          "Verts": {
            "bl_idname": "SvVerticesSocket",
            "name": "Verts"
          },
          "Edges": {
            "bl_idname": "SvStringsSocket",
            "name": "Edges"
          }
        },
        "bl_idname": "svBasicArcNode"
      },
      "A Number": {
        "attributes": {
          "location": [
            826.978271484375,
            -233.7791290283203
          ],
          "hide": true,
          "parent": {
            "type": "NODE",
            "value": "Frame"
          }
        },
        "properties": {
          "int_": 1,
          "selected_mode": "int"
        },
        "inputs": {
          "Int": {
            "bl_idname": "SvStringsSocket",
            "name": "Int",
            "properties": {
              "prop_name": "int_"
            }
          }
        },
        "outputs": {
          "Int": {
            "bl_idname": "SvStringsSocket",
            "name": "Int",
            "properties": {
              "custom_draw": "mode_custom_draw"
            }
          }
        },
        "bl_idname": "SvNumberNode"
      },
      "A Number.001": {
        "attributes": {
          "location": [
            826.978271484375,
            -297.2085418701172
          ],
          "hide": true,
          "parent": {
            "type": "NODE",
            "value": "Frame"
          }
        },
        "properties": {
          "selected_mode": "int"
        },
        "inputs": {
          "Int": {
            "bl_idname": "SvStringsSocket",
            "name": "Int",
            "properties": {
              "prop_name": "int_"
            }
          }
        },
        "outputs": {
          "Int": {
            "bl_idname": "SvStringsSocket",
            "name": "Int",
            "properties": {
              "custom_draw": "mode_custom_draw"
            }
          }
        },
        "bl_idname": "SvNumberNode"
      },
      "A Number.002": {
        "attributes": {
          "location": [
            3455.314910888672,
            -158.1414270401001
          ],
          "parent": {
            "type": "NODE",
            "value": "Frame.003"
          }
        },
        "properties": {
          "int_": 8,
          "selected_mode": "int"
        },
        "inputs": {
          "Int": {
            "bl_idname": "SvStringsSocket",
            "name": "Int",
            "properties": {
              "prop_name": "int_"
            }
          }
        },
        "outputs": {
          "Int": {
            "bl_idname": "SvStringsSocket",
            "name": "Int",
            "properties": {
              "custom_draw": "mode_custom_draw"
            }
          }
        },
        "bl_idname": "SvNumberNode"
      },
      "A Number.005": {
        "attributes": {
          "location": [
            3455.314910888672,
            -235.46737003326416
          ],
          "parent": {
            "type": "NODE",
            "value": "Frame.003"
          }
        },
        "properties": {
          "int_": 5,
          "selected_mode": "int"
        },
        "inputs": {
          "Int": {
            "bl_idname": "SvStringsSocket",
            "name": "Int",
            "properties": {
              "prop_name": "int_"
            }
          }
        },
        "outputs": {
          "Int": {
            "bl_idname": "SvStringsSocket",
            "name": "Int",
            "properties": {
              "custom_draw": "mode_custom_draw"
            }
          }
        },
        "bl_idname": "SvNumberNode"
      },
      "Arc 3pt (Curve)": {
        "attributes": {
          "location": [
            3151.761474609375,
            1608.2613525390625
          ],
          "parent": {
            "type": "NODE",
            "value": "Frame.004"
          }
        },
        "inputs": {
          "Point1": {
            "bl_idname": "SvVerticesSocket",
            "name": "Point1",
            "properties": {
              "use_prop": true,
              "prop": [
                -0.5,
                0.0,
                0.0
              ],
              "expanded": true
            }
          },
          "Point2": {
            "bl_idname": "SvVerticesSocket",
            "name": "Point2",
            "properties": {
              "use_prop": true,
              "prop": [
                0.0,
                0.30000001192092896,
                0.0
              ],
              "expanded": true
            }
          },
          "Point3": {
            "bl_idname": "SvVerticesSocket",
            "name": "Point3",
            "properties": {
              "use_prop": true,
              "prop": [
                0.5,
                0.0,
                0.0
              ],
              "expanded": true
            }
          }
        },
        "outputs": {
          "Arc": {
            "bl_idname": "SvCurveSocket",
            "name": "Arc"
          },
          "Circle": {
            "bl_idname": "SvCurveSocket",
            "name": "Circle"
          },
          "Center": {
            "bl_idname": "SvMatrixSocket",
            "name": "Center"
          },
          "Radius": {
            "bl_idname": "SvStringsSocket",
            "name": "Radius"
          },
          "Angle": {
            "bl_idname": "SvStringsSocket",
            "name": "Angle"
          }
        },
        "bl_idname": "SvArc3ptCurveNode"
      },
      "Area": {
        "attributes": {
          "location": [
            830.5361328125,
            -70.78495788574219
          ],
          "parent": {
            "type": "NODE",
            "value": "Frame"
          }
        },
        "inputs": {
          "Vertices": {
            "bl_idname": "SvVerticesSocket",
            "name": "Vertices"
          },
          "Polygons": {
            "bl_idname": "SvStringsSocket",
            "name": "Polygons"
          }
        },
        "outputs": {
          "Area": {
            "bl_idname": "SvStringsSocket",
            "name": "Area"
          }
        },
        "bl_idname": "SvAreaNode"
      },
      "Color in": {
        "attributes": {
          "location": [
            2919.780397415161,
            609.8927001953125
          ],
          "width": 110.0,
          "parent": {
            "type": "NODE",
            "value": "Frame.010"
          }
        },
        "properties": {
          "g_": 0.699999988079071
        },
        "inputs": {
          "R": {
            "bl_idname": "SvStringsSocket",
            "name": "R",
            "properties": {
              "prop_name": "r_"
            }
          },
          "G": {
            "bl_idname": "SvStringsSocket",
            "name": "G",
            "properties": {
              "prop_name": "g_"
            }
          },
          "B": {
            "bl_idname": "SvStringsSocket",
            "name": "B",
            "properties": {
              "prop_name": "b_"
            }
          },
          "A": {
            "bl_idname": "SvStringsSocket",
            "name": "A",
            "properties": {
              "prop_name": "a_"
            }
          }
        },
        "outputs": {
          "Colors": {
            "bl_idname": "SvColorSocket",
            "name": "Colors"
          }
        },
        "bl_idname": "SvColorsInNodeMK1"
      },
      "Component Analyzer": {
        "attributes": {
          "location": [
            2435.963991165161,
            1051.2159729003906
          ],
          "parent": {
            "type": "NODE",
            "value": "Frame.002"
          }
        },
        "properties": {
          "face_mode": "Perimeter"
        },
        "inputs": {
          "Vertices": {
            "bl_idname": "SvVerticesSocket",
            "name": "Vertices",
            "properties": {
              "is_mandatory": true
            }
          },
          "Edges": {
            "bl_idname": "SvStringsSocket",
            "name": "Edges",
            "attributes": {
              "hide": true
            },
            "properties": {
              "nesting_level": 3
            }
          },
          "Faces": {
            "bl_idname": "SvStringsSocket",
            "name": "Faces",
            "properties": {
              "is_mandatory": true,
              "nesting_level": 3
            }
          }
        },
        "outputs": {
          "Perimeter": {
            "bl_idname": "SvStringsSocket",
            "name": "Perimeter"
          },
          "Faces": {
            "bl_idname": "SvVerticesSocket",
            "name": "Faces",
            "attributes": {
              "hide": true
            }
          },
          "Mask": {
            "bl_idname": "SvVerticesSocket",
            "name": "Mask",
            "attributes": {
              "hide": true
            }
          }
        },
        "bl_idname": "SvComponentAnalyzerNode"
      },
      "Curve Mapper": {
        "attributes": {
          "location": [
            2610.590944290161,
            1051.2159729003906
          ],
          "width": 200.0,
          "parent": {
            "type": "NODE",
            "value": "Frame.002"
          }
        },
        "advanced_properties": {
          "curve_data": "{\"group_name\": \"sverchok_helper_group\", \"bl_idname\": \"ShaderNodeRGBCurve\", \"data\": [[[\"AUTO\", [0.0, 0.0]], [\"AUTO\", [1.0, 1.0]]], [[\"AUTO\", [0.0, 0.0]], [\"AUTO\", [1.0, 1.0]]], [[\"AUTO\", [0.0, 0.0]], [\"AUTO\", [1.0, 1.0]]], [[\"AUTO\", [0.055555559694767, 0.11250001192092896]], [\"AUTO\", [0.21111096441745758, 0.581250011920929]], [\"AUTO\", [0.6222215294837952, 0.9875001907348633]], [\"AUTO\", [0.9444444179534912, 0.7124999165534973]]]]}"
        },
        "inputs": {
          "Value": {
            "bl_idname": "SvStringsSocket",
            "name": "Value",
            "properties": {
              "prop_name": "value"
            }
          }
        },
        "outputs": {
          "Value": {
            "bl_idname": "SvStringsSocket",
            "name": "Value"
          },
          "Curve": {
            "bl_idname": "SvCurveSocket",
            "name": "Curve"
          },
          "Control Points": {
            "bl_idname": "SvVerticesSocket",
            "name": "Control Points"
          }
        },
        "bl_idname": "SvCurveMapperNode"
      },
      "Curve Mapper.001": {
        "attributes": {
          "location": [
            2502.536325454712,
            612.16845703125
          ],
          "width": 200.0,
          "parent": {
            "type": "NODE",
            "value": "Frame.007"
          }
        },
        "advanced_properties": {
          "curve_data": "{\"group_name\": \"sverchok_helper_group\", \"bl_idname\": \"ShaderNodeRGBCurve\", \"data\": [[[\"AUTO\", [0.0, 0.0]], [\"AUTO\", [1.0, 1.0]]], [[\"AUTO\", [0.0, 0.0]], [\"AUTO\", [1.0, 1.0]]], [[\"AUTO\", [0.0, 0.0]], [\"AUTO\", [1.0, 1.0]]], [[\"AUTO\", [0.17777776718139648, 0.8812499046325684]], [\"AUTO\", [0.48333311080932617, 0.4999999701976776]], [\"AUTO\", [0.9111111164093018, 0.9312501549720764]]]]}"
        },
        "inputs": {
          "Value": {
            "bl_idname": "SvStringsSocket",
            "name": "Value",
            "properties": {
              "prop_name": "value"
            }
          }
        },
        "outputs": {
          "Value": {
            "bl_idname": "SvStringsSocket",
            "name": "Value"
          },
          "Curve": {
            "bl_idname": "SvCurveSocket",
            "name": "Curve"
          },
          "Control Points": {
            "bl_idname": "SvVerticesSocket",
            "name": "Control Points"
          }
        },
        "bl_idname": "SvCurveMapperNode"
      },
      "Dual Mesh": {
        "attributes": {
          "location": [
            1144.1441650390625,
            360.9542236328125
          ],
          "parent": {
            "type": "NODE",
            "value": "Frame.001"
          }
        },
        "inputs": {
          "Vertices": {
            "bl_idname": "SvVerticesSocket",
            "name": "Vertices"
          },
          "Edges": {
            "bl_idname": "SvStringsSocket",
            "name": "Edges"
          },
          "Faces": {
            "bl_idname": "SvStringsSocket",
            "name": "Faces"
          }
        },
        "outputs": {
          "Vertices": {
            "bl_idname": "SvVerticesSocket",
            "name": "Vertices"
          },
          "Faces": {
            "bl_idname": "SvStringsSocket",
            "name": "Faces"
          }
        },
        "bl_idname": "SvDualMeshNode"
      },
      "Evaluate Curve": {
        "attributes": {
          "location": [
            3353.988525390625,
            1610.490966796875
          ],
          "parent": {
            "type": "NODE",
            "value": "Frame.004"
          }
        },
        "properties": {
          "sample_size": 6
        },
        "inputs": {
          "Curve": {
            "bl_idname": "SvCurveSocket",
            "name": "Curve"
          },
          "T": {
            "bl_idname": "SvStringsSocket",
            "name": "T",
            "attributes": {
              "hide": true
            },
            "properties": {
              "prop_name": "t_value"
            }
          },
          "Samples": {
            "bl_idname": "SvStringsSocket",
            "name": "Samples",
            "properties": {
              "prop_name": "sample_size"
            }
          }
        },
        "outputs": {
          "Vertices": {
            "bl_idname": "SvVerticesSocket",
            "name": "Vertices"
          },
          "Edges": {
            "bl_idname": "SvStringsSocket",
            "name": "Edges"
          },
          "Tangents": {
            "bl_idname": "SvVerticesSocket",
            "name": "Tangents"
          }
        },
        "bl_idname": "SvExEvalCurveNode"
      },
      "IcoSphere": {
        "attributes": {
          "location": [
            804.1441650390625,
            360.9542236328125
          ],
          "color": [
            0.9200000166893005,
            0.9200000166893005,
            0.9200000166893005
          ],
          "use_custom_color": true,
          "parent": {
            "type": "NODE",
            "value": "Frame.001"
          }
        },
        "properties": {
          "subdivisions": 3
        },
        "inputs": {
          "Subdivisions": {
            "bl_idname": "SvStringsSocket",
            "name": "Subdivisions",
            "properties": {
              "prop_name": "subdivisions",
              "nesting_level": 1,
              "pre_processing": "ONE_ITEM"
            }
          },
          "Radius": {
            "bl_idname": "SvStringsSocket",
            "name": "Radius",
            "properties": {
              "prop_name": "radius",
              "nesting_level": 1,
              "pre_processing": "ONE_ITEM"
            }
          }
        },
        "outputs": {
          "Vertices": {
            "bl_idname": "SvVerticesSocket",
            "name": "Vertices"
          },
          "Edges": {
            "bl_idname": "SvStringsSocket",
            "name": "Edges"
          },
          "Faces": {
            "bl_idname": "SvStringsSocket",
            "name": "Faces"
          }
        },
        "bl_idname": "SvIcosphereNode"
      },
      "Inset Special.001": {
        "attributes": {
          "location": [
            1312.73486328125,
            399.6605529785156
          ],
          "parent": {
            "type": "NODE",
            "value": "Frame.001"
          }
        },
        "properties": {
          "distance": 0.019999999552965164,
          "inset": 0.8999999761581421
        },
        "inputs": {
          "Vertices": {
            "bl_idname": "SvVerticesSocket",
            "name": "Vertices",
            "properties": {
              "is_mandatory": true
            }
          },
          "Polygons": {
            "bl_idname": "SvStringsSocket",
            "name": "Polygons",
            "properties": {
              "is_mandatory": true,
              "nesting_level": 3
            }
          },
          "Inset": {
            "bl_idname": "SvStringsSocket",
            "name": "Inset",
            "properties": {
              "prop_name": "inset"
            }
          },
          "Distance": {
            "bl_idname": "SvStringsSocket",
            "name": "Distance",
            "properties": {
              "prop_name": "distance"
            }
          },
          "Ignore": {
            "bl_idname": "SvStringsSocket",
            "name": "Ignore",
            "properties": {
              "prop_name": "ignore"
            }
          },
          "Make Inner": {
            "bl_idname": "SvStringsSocket",
            "name": "Make Inner",
            "properties": {
              "prop_name": "make_inner"
            }
          },
          "Custom normal": {
            "bl_idname": "SvVerticesSocket",
            "name": "Custom normal"
          },
          "Offset Matrix": {
            "bl_idname": "SvMatrixSocket",
            "name": "Offset Matrix",
            "attributes": {
              "hide": true
            },
            "properties": {
              "nesting_level": 2,
              "default_mode": "MATRIX"
            }
          }
        },
        "outputs": {
          "Vertices": {
            "bl_idname": "SvVerticesSocket",
            "name": "Vertices"
          },
          "Polygons": {
            "bl_idname": "SvStringsSocket",
            "name": "Polygons"
          },
          "Ignored": {
            "bl_idname": "SvStringsSocket",
            "name": "Ignored"
          },
          "Inset": {
            "bl_idname": "SvStringsSocket",
            "name": "Inset"
          },
          "Original verts idx": {
            "bl_idname": "SvStringsSocket",
            "name": "Original verts idx"
          },
          "Original face idx": {
            "bl_idname": "SvStringsSocket",
            "name": "Original face idx"
          },
          "Pols group": {
            "bl_idname": "SvStringsSocket",
            "name": "Pols group"
          },
          "New verts mask": {
            "bl_idname": "SvStringsSocket",
            "name": "New verts mask"
          }
        },
        "bl_idname": "SvInsetSpecialMk2"
      },
      "Line": {
        "attributes": {
          "location": [
            3721.787567138672,
            440.98094844818115
          ],
          "color": [
            0.9200000166893005,
            0.9200000166893005,
            0.9200000166893005
          ],
          "use_custom_color": true,
          "parent": {
            "type": "NODE",
            "value": "Frame.003"
          }
        },
        "properties": {
          "direction": "Z",
          "num": 25,
          "size": 1.0
        },
        "inputs": {
          "Num": {
            "bl_idname": "SvStringsSocket",
            "name": "Num",
            "properties": {
              "prop_name": "num"
            }
          },
          "Steps": {
            "bl_idname": "SvStringsSocket",
            "name": "Steps",
            "attributes": {
              "hide": true
            },
            "properties": {
              "prop_name": "step"
            }
          },
          "Size": {
            "bl_idname": "SvStringsSocket",
            "name": "Size",
            "properties": {
              "prop_name": "size"
            }
          },
          "Origin": {
            "bl_idname": "SvVerticesSocket",
            "name": "Origin",
            "attributes": {
              "hide": true
            },
            "properties": {
              "prop_name": "v3_origin"
            }
          },
          "Direction": {
            "bl_idname": "SvVerticesSocket",
            "name": "Direction",
            "attributes": {
              "hide": true
            },
            "properties": {
              "prop_name": "v3_dir"
            }
          }
        },
        "outputs": {
          "Verts": {
            "bl_idname": "SvVerticesSocket",
            "name": "Verts"
          },
          "Edges": {
            "bl_idname": "SvStringsSocket",
            "name": "Edges"
          }
        },
        "bl_idname": "SvLineNodeMK4"
      },
      "List Join": {
        "attributes": {
          "location": [
            4178.936981201172,
            164.03279781341553
          ],
          "parent": {
            "type": "NODE",
            "value": "Frame.003"
          }
        },
        "properties": {
          "JoinLevel": 2,
          "mix_check": true
        },
        "inputs": {
          "data": {
            "bl_idname": "SvStringsSocket",
            "name": "data"
          },
          "data 1": {
            "bl_idname": "SvStringsSocket",
            "name": "data 1"
          },
          "data 2": {
            "bl_idname": "SvStringsSocket",
            "name": "data 2"
          },
          "data 3": {
            "bl_idname": "SvStringsSocket",
            "name": "data 3"
          }
        },
        "outputs": {
          "data": {
            "bl_idname": "SvVerticesSocket",
            "name": "data"
          }
        },
        "bl_idname": "ListJoinNode"
      },
      "List Length": {
        "attributes": {
          "location": [
            2758.098524093628,
            -310.5350341796875
          ],
          "parent": {
            "type": "NODE",
            "value": "Frame.008"
          }
        },
        "inputs": {
          "Data": {
            "bl_idname": "SvStringsSocket",
            "name": "Data"
          }
        },
        "outputs": {
          "Length": {
            "bl_idname": "SvStringsSocket",
            "name": "Length"
          }
        },
        "bl_idname": "ListLengthNode"
      },
      "List Math": {
        "attributes": {
          "location": [
            2739.478952407837,
            423.3693542480469
          ],
          "parent": {
            "type": "NODE",
            "value": "Frame.007"
          }
        },
        "properties": {
          "func_": "MAX"
        },
        "inputs": {
          "Data": {
            "bl_idname": "SvStringsSocket",
            "name": "Data"
          }
        },
        "outputs": {
          "Function": {
            "bl_idname": "SvStringsSocket",
            "name": "Function"
          }
        },
        "bl_idname": "ListFuncNode"
      },
      "Map Range": {
        "attributes": {
          "location": [
            2327.917673110962,
            487.87939453125
          ],
          "parent": {
            "type": "NODE",
            "value": "Frame.007"
          }
        },
        "properties": {
          "new_max": 1.0,
          "old_max": 1.7100000381469727,
          "old_min": -1.4800000190734863
        },
        "inputs": {
          "Value": {
            "bl_idname": "SvStringsSocket",
            "name": "Value",
            "properties": {
              "prop_name": "value"
            }
          },
          "Old Min": {
            "bl_idname": "SvStringsSocket",
            "name": "Old Min",
            "properties": {
              "prop_name": "old_min"
            }
          },
          "Old Max": {
            "bl_idname": "SvStringsSocket",
            "name": "Old Max",
            "properties": {
              "prop_name": "old_max"
            }
          },
          "New Min": {
            "bl_idname": "SvStringsSocket",
            "name": "New Min",
            "properties": {
              "prop_name": "new_min"
            }
          },
          "New Max": {
            "bl_idname": "SvStringsSocket",
            "name": "New Max",
            "properties": {
              "prop_name": "new_max"
            }
          }
        },
        "outputs": {
          "Value": {
            "bl_idname": "SvStringsSocket",
            "name": "Value"
          }
        },
        "bl_idname": "SvMapRangeNode"
      },
      "Mask to Index": {
        "attributes": {
          "location": [
            1339.6884765625,
            -70.78495788574219
          ],
          "parent": {
            "type": "NODE",
            "value": "Frame"
          }
        },
        "inputs": {
          "Mask": {
            "bl_idname": "SvStringsSocket",
            "name": "Mask"
          }
        },
        "outputs": {
          "True Index": {
            "bl_idname": "SvStringsSocket",
            "name": "True Index"
          },
          "False Index": {
            "bl_idname": "SvStringsSocket",
            "name": "False Index"
          }
        },
        "bl_idname": "SvMaskToIndexNode"
      },
      "Mesh viewer": {
        "attributes": {
          "location": [
            2961.895887374878,
            48.10614776611328
          ],
          "color": [
            0.6284880042076111,
            0.931007981300354,
            1.0
          ],
          "use_custom_color": true,
          "parent": {
            "type": "NODE",
            "value": "Frame.008"
          }
        },
        "inputs": {
          "vertices": {
            "bl_idname": "SvVerticesSocket",
            "name": "vertices"
          },
          "edges": {
            "bl_idname": "SvStringsSocket",
            "name": "edges",
            "properties": {
              "custom_draw": "draw_edges_props"
            }
          },
          "faces": {
            "bl_idname": "SvStringsSocket",
            "name": "faces"
          },
          "material_idx": {
            "bl_idname": "SvStringsSocket",
            "name": "material_idx"
          },
          "matrix": {
            "bl_idname": "SvMatrixSocket",
            "name": "matrix",
            "properties": {
              "custom_draw": "draw_matrix_props"
            }
          }
        },
        "outputs": {
          "Objects": {
            "bl_idname": "SvObjectSocket",
            "name": "Objects"
          }
        },
        "bl_idname": "SvMeshViewer"
      },
      "Move": {
        "attributes": {
          "location": [
            3913.080535888672,
            205.84603023529053
          ],
          "parent": {
            "type": "NODE",
            "value": "Frame.003"
          }
        },
        "properties": {
          "movement_vectors": [
            0.0,
            0.0,
            2.200000047683716
          ]
        },
        "inputs": {
          "Vertices": {
            "bl_idname": "SvVerticesSocket",
            "name": "Vertices"
          },
          "Movement Vectors": {
            "bl_idname": "SvVerticesSocket",
            "name": "Movement Vectors",
            "properties": {
              "prop_name": "movement_vectors",
              "expanded": true
            }
          },
          "Strength": {
            "bl_idname": "SvStringsSocket",
            "name": "Strength",
            "properties": {
              "prop_name": "strength"
            }
          }
        },
        "outputs": {
          "Vertices": {
            "bl_idname": "SvVerticesSocket",
            "name": "Vertices"
          }
        },
        "bl_idname": "SvMoveNodeMk3"
      },
      "Move.001": {
        "attributes": {
          "location": [
            3919.724334716797,
            -176.54200077056885
          ],
          "parent": {
            "type": "NODE",
            "value": "Frame.003"
          }
        },
        "properties": {
          "movement_vectors": [
            0.0,
            0.0,
            2.5
          ]
        },
        "inputs": {
          "Vertices": {
            "bl_idname": "SvVerticesSocket",
            "name": "Vertices"
          },
          "Movement Vectors": {
            "bl_idname": "SvVerticesSocket",
            "name": "Movement Vectors",
            "properties": {
              "prop_name": "movement_vectors",
              "expanded": true
            }
          },
          "Strength": {
            "bl_idname": "SvStringsSocket",
            "name": "Strength",
            "properties": {
              "prop_name": "strength"
            }
          }
        },
        "outputs": {
          "Vertices": {
            "bl_idname": "SvVerticesSocket",
            "name": "Vertices"
          }
        },
        "bl_idname": "SvMoveNodeMk3"
      },
      "Move.002": {
        "attributes": {
          "location": [
            3901.772430419922,
            428.88329219818115
          ],
          "parent": {
            "type": "NODE",
            "value": "Frame.003"
          }
        },
        "properties": {
          "movement_vectors": [
            0.0,
            0.0,
            0.5
          ]
        },
        "inputs": {
          "Vertices": {
            "bl_idname": "SvVerticesSocket",
            "name": "Vertices"
          },
          "Movement Vectors": {
            "bl_idname": "SvVerticesSocket",
            "name": "Movement Vectors",
            "properties": {
              "prop_name": "movement_vectors",
              "expanded": true
            }
          },
          "Strength": {
            "bl_idname": "SvStringsSocket",
            "name": "Strength",
            "properties": {
              "prop_name": "strength"
            }
          }
        },
        "outputs": {
          "Vertices": {
            "bl_idname": "SvVerticesSocket",
            "name": "Vertices"
          }
        },
        "bl_idname": "SvMoveNodeMk3"
      },
      "Note": {
        "attributes": {
          "location": [
            873.7223510742188,
            597.8712158203125
          ],
          "width": 400.0,
          "color": [
            1.0,
            0.8993440270423889,
            0.9742509722709656
          ],
          "use_custom_color": true
        },
        "properties": {
          "n_id": "-9080898779879143203",
          "text": "nikitron 2020 \\ pineapple"
        },
        "inputs": {
          "Text In": {
            "bl_idname": "SvStringsSocket",
            "name": "Text In"
          }
        },
        "outputs": {
          "Text Out": {
            "bl_idname": "SvStringsSocket",
            "name": "Text Out"
          }
        },
        "bl_idname": "NoteNode"
      },
      "Number Range": {
        "attributes": {
          "location": [
            2950.909559249878,
            -311.7882385253906
          ],
          "parent": {
            "type": "NODE",
            "value": "Frame.008"
          }
        },
        "properties": {
          "current_mode": "RANGE_STEP",
          "number_mode": "int",
          "range_mode": "RANGE_STEP"
        },
        "inputs": {
          "Start": {
            "bl_idname": "SvStringsSocket",
            "name": "Start",
            "properties": {
              "prop_name": "start_int"
            }
          },
          "Step": {
            "bl_idname": "SvStringsSocket",
            "name": "Step",
            "properties": {
              "prop_name": "step_int",
              "label": "step"
            }
          },
          "Stop": {
            "bl_idname": "SvStringsSocket",
            "name": "Stop",
            "properties": {
              "prop_name": "count_",
              "label": "count"
            }
          }
        },
        "outputs": {
          "Range": {
            "bl_idname": "SvStringsSocket",
            "name": "Range"
          }
        },
        "bl_idname": "SvGenNumberRange"
      },
      "Origins": {
        "attributes": {
          "location": [
            1969.115427017212,
            454.6520080566406
          ],
          "parent": {
            "type": "NODE",
            "value": "Frame.007"
          }
        },
        "properties": {
          "mode": "Faces"
        },
        "inputs": {
          "Verts": {
            "bl_idname": "SvVerticesSocket",
            "name": "Verts"
          },
          "Edges": {
            "bl_idname": "SvStringsSocket",
            "name": "Edges"
          },
          "Faces": {
            "bl_idname": "SvStringsSocket",
            "name": "Faces"
          }
        },
        "outputs": {
          "Origin": {
            "bl_idname": "SvVerticesSocket",
            "name": "Origin"
          },
          "Normal": {
            "bl_idname": "SvVerticesSocket",
            "name": "Normal"
          },
          "Tangent": {
            "bl_idname": "SvVerticesSocket",
            "name": "Tangent"
          },
          "Matrix": {
            "bl_idname": "SvMatrixSocket",
            "name": "Matrix"
          }
        },
        "bl_idname": "SvOrigins"
      },
      "Polyline Viewer.001": {
        "attributes": {
          "location": [
            3529.040283203125,
            1619.9317626953125
          ],
          "color": [
            0.6284880042076111,
            0.931007981300354,
            1.0
          ],
          "use_custom_color": true,
          "parent": {
            "type": "NODE",
            "value": "Frame.004"
          }
        },
        "properties": {
          "base_data_name": "Theta",
          "bevel_depth": 0.0,
          "curve_dimensions": "2D"
        },
        "inputs": {
          "vertices": {
            "bl_idname": "SvVerticesSocket",
            "name": "vertices",
            "properties": {
              "custom_draw": "draw_vertices_props"
            }
          },
          "matrix": {
            "bl_idname": "SvMatrixSocket",
            "name": "matrix",
            "properties": {
              "custom_draw": "draw_matrix_props"
            }
          },
          "radius": {
            "bl_idname": "SvStringsSocket",
            "name": "radius",
            "properties": {
              "use_prop": true,
              "default_float_property": 1.0
            }
          },
          "tilt": {
            "bl_idname": "SvStringsSocket",
            "name": "tilt",
            "properties": {
              "use_prop": true
            }
          },
          "bevel object": {
            "bl_idname": "SvObjectSocket",
            "name": "bevel object",
            "properties": {
              "custom_draw": "draw_object_props",
              "object_kinds": "CURVE"
            }
          },
          "Cyclic": {
            "bl_idname": "SvStringsSocket",
            "name": "Cyclic",
            "properties": {
              "prop_name": "close"
            }
          }
        },
        "outputs": {
          "Objects": {
            "bl_idname": "SvObjectSocket",
            "name": "Objects"
          }
        },
        "bl_idname": "SvPolylineViewerNode"
      },
      "Scalar Math.002": {
        "attributes": {
          "location": [
            3457.737518310547,
            -363.9794397354126
          ],
          "parent": {
            "type": "NODE",
            "value": "Frame.003"
          }
        },
        "inputs": {
          "x": {
            "bl_idname": "SvStringsSocket",
            "name": "x",
            "properties": {
              "prop_name": "x_"
            }
          },
          "y": {
            "bl_idname": "SvStringsSocket",
            "name": "y",
            "properties": {
              "prop_name": "y_"
            }
          }
        },
        "outputs": {
          "Out": {
            "bl_idname": "SvStringsSocket",
            "name": "Out"
          }
        },
        "bl_idname": "SvScalarMathNodeMK4"
      },
      "Scale": {
        "attributes": {
          "location": [
            964.1441650390625,
            360.9542236328125
          ],
          "parent": {
            "type": "NODE",
            "value": "Frame.001"
          }
        },
        "properties": {
          "scale": [
            1.0,
            1.0,
            1.5
          ]
        },
        "inputs": {
          "Vertices": {
            "bl_idname": "SvVerticesSocket",
            "name": "Vertices"
          },
          "Centers": {
            "bl_idname": "SvVerticesSocket",
            "name": "Centers",
            "properties": {
              "prop_name": "centers"
            }
          },
          "Scale": {
            "bl_idname": "SvVerticesSocket",
            "name": "Scale",
            "properties": {
              "prop_name": "scale",
              "expanded": true
            }
          },
          "Strength": {
            "bl_idname": "SvStringsSocket",
            "name": "Strength",
            "properties": {
              "prop_name": "multiplier"
            }
          }
        },
        "outputs": {
          "Vertices": {
            "bl_idname": "SvVerticesSocket",
            "name": "Vertices"
          }
        },
        "bl_idname": "SvScaleNodeMk3"
      },
      "Spiral": {
        "attributes": {
          "location": [
            3705.589324951172,
            -175.07491397857666
          ],
          "height": 6.0,
          "width": 170.0,
          "parent": {
            "type": "NODE",
            "value": "Frame.003"
          }
        },
        "properties": {
          "presets": " ",
          "sType": "SPHERICAL",
          "eRadius": 0.6000000238418579,
          "iRadius": 0.5,
          "exponent": 0.0,
          "turns": 5,
          "resolution": 5,
          "scale": 1.5,
          "height": 6.0,
          "phase": 1.709999918937683
        },
        "inputs": {
          "R": {
            "bl_idname": "SvStringsSocket",
            "name": "R",
            "properties": {
              "prop_name": "eRadius"
            }
          },
          "r": {
            "bl_idname": "SvStringsSocket",
            "name": "r",
            "properties": {
              "prop_name": "iRadius"
            }
          },
          "e": {
            "bl_idname": "SvStringsSocket",
            "name": "e",
            "properties": {
              "prop_name": "exponent"
            }
          },
          "t": {
            "bl_idname": "SvStringsSocket",
            "name": "t",
            "properties": {
              "prop_name": "turns"
            }
          },
          "n": {
            "bl_idname": "SvStringsSocket",
            "name": "n",
            "properties": {
              "prop_name": "resolution"
            }
          },
          "s": {
            "bl_idname": "SvStringsSocket",
            "name": "s",
            "properties": {
              "prop_name": "scale"
            }
          },
          "h": {
            "bl_idname": "SvStringsSocket",
            "name": "h",
            "properties": {
              "prop_name": "height"
            }
          },
          "p": {
            "bl_idname": "SvStringsSocket",
            "name": "p",
            "properties": {
              "prop_name": "phase"
            }
          },
          "a": {
            "bl_idname": "SvStringsSocket",
            "name": "a",
            "properties": {
              "prop_name": "arms"
            }
          }
        },
        "outputs": {
          "Vertices": {
            "bl_idname": "SvVerticesSocket",
            "name": "Vertices"
          },
          "Edges": {
            "bl_idname": "SvStringsSocket",
            "name": "Edges"
          }
        },
        "bl_idname": "SvSpiralNodeMK2"
      },
      "Spiral.001": {
        "attributes": {
          "location": [
            3701.105682373047,
            213.3470220565796
          ],
          "height": 6.0,
          "width": 170.0,
          "parent": {
            "type": "NODE",
            "value": "Frame.003"
          }
        },
        "properties": {
          "presets": " ",
          "sType": "SPHERICAL",
          "eRadius": 0.4000000059604645,
          "iRadius": 0.10000000149011612,
          "exponent": 1.0,
          "turns": 5,
          "resolution": 5,
          "scale": 0.9399999976158142,
          "height": 6.0
        },
        "inputs": {
          "R": {
            "bl_idname": "SvStringsSocket",
            "name": "R",
            "properties": {
              "prop_name": "eRadius"
            }
          },
          "r": {
            "bl_idname": "SvStringsSocket",
            "name": "r",
            "properties": {
              "prop_name": "iRadius"
            }
          },
          "e": {
            "bl_idname": "SvStringsSocket",
            "name": "e",
            "properties": {
              "prop_name": "exponent"
            }
          },
          "t": {
            "bl_idname": "SvStringsSocket",
            "name": "t",
            "properties": {
              "prop_name": "turns"
            }
          },
          "n": {
            "bl_idname": "SvStringsSocket",
            "name": "n",
            "properties": {
              "prop_name": "resolution"
            }
          },
          "s": {
            "bl_idname": "SvStringsSocket",
            "name": "s",
            "properties": {
              "prop_name": "scale"
            }
          },
          "h": {
            "bl_idname": "SvStringsSocket",
            "name": "h",
            "properties": {
              "prop_name": "height"
            }
          },
          "p": {
            "bl_idname": "SvStringsSocket",
            "name": "p",
            "properties": {
              "prop_name": "phase"
            }
          },
          "a": {
            "bl_idname": "SvStringsSocket",
            "name": "a",
            "properties": {
              "prop_name": "arms"
            }
          }
        },
        "outputs": {
          "Vertices": {
            "bl_idname": "SvVerticesSocket",
            "name": "Vertices"
          },
          "Edges": {
            "bl_idname": "SvStringsSocket",
            "name": "Edges"
          }
        },
        "bl_idname": "SvSpiralNodeMK2"
      },
      "Switch": {
        "attributes": {
          "location": [
            1157.6025390625,
            -70.78495788574219
          ],
          "parent": {
            "type": "NODE",
            "value": "Frame"
          }
        },
        "inputs": {
          "State": {
            "bl_idname": "SvStringsSocket",
            "name": "State",
            "properties": {
              "prop_name": "switch_state"
            }
          },
          "A_0": {
            "bl_idname": "SvStringsSocket",
            "name": "A_0",
            "properties": {
              "prop_name": "A_0"
            }
          },
          "B_0": {
            "bl_idname": "SvStringsSocket",
            "name": "B_0",
            "properties": {
              "prop_name": "B_0"
            }
          }
        },
        "outputs": {
          "Out_0": {
            "bl_idname": "SvStringsSocket",
            "name": "Out_0"
          }
        },
        "bl_idname": "SvSwitchNodeMK2"
      },
      "Vector out": {
        "attributes": {
          "location": [
            2150.510934829712,
            393.9389343261719
          ],
          "width": 100.0,
          "parent": {
            "type": "NODE",
            "value": "Frame.007"
          }
        },
        "inputs": {
          "Vectors": {
            "bl_idname": "SvVerticesSocket",
            "name": "Vectors"
          }
        },
        "outputs": {
          "X": {
            "bl_idname": "SvStringsSocket",
            "name": "X"
          },
          "Y": {
            "bl_idname": "SvStringsSocket",
            "name": "Y"
          },
          "Z": {
            "bl_idname": "SvStringsSocket",
            "name": "Z"
          }
        },
        "bl_idname": "VectorsOutNode"
      },
      "Vertex color mk3": {
        "attributes": {
          "location": [
            3215.954969406128,
            4.958885192871094
          ],
          "parent": {
            "type": "NODE",
            "value": "Frame.008"
          }
        },
        "properties": {
          "mode": "polygons"
        },
        "inputs": {
          "Object": {
            "bl_idname": "SvObjectSocket",
            "name": "Object"
          },
          "Index": {
            "bl_idname": "SvStringsSocket",
            "name": "Index"
          },
          "Color": {
            "bl_idname": "SvColorSocket",
            "name": "Color",
            "properties": {
              "prop_name": "unit_color"
            }
          }
        },
        "bl_idname": "SvVertexColorNodeMK3"
      },
      "MultiExtrude Alt from addons": {
        "attributes": {
          "location": [
            1633.909740447998,
            289.80282974243164
          ],
          "parent": {
            "type": "NODE",
            "value": "Frame.011"
          }
        },
        "properties": {
          "nrotx": 10.0,
          "nroty": 10.0,
          "num": 4,
          "off": 0.029999999329447746,
          "offz": 0.07999999821186066,
          "sca": 0.5
        },
        "inputs": {
          "verts": {
            "bl_idname": "SvVerticesSocket",
            "name": "verts"
          },
          "faces": {
            "bl_idname": "SvStringsSocket",
            "name": "faces"
          },
          "face_masks": {
            "bl_idname": "SvStringsSocket",
            "name": "face_masks"
          }
        },
        "outputs": {
          "verts": {
            "bl_idname": "SvVerticesSocket",
            "name": "verts"
          },
          "faces": {
            "bl_idname": "SvStringsSocket",
            "name": "faces"
          }
        },
        "bl_idname": "SvMultiExtrudeAlt"
      },
      "Reroute.001": {
        "attributes": {
          "location": [
            2619.8614044189453,
            -46.028350830078125
          ],
          "width": 16.0,
          "parent": {
            "type": "NODE",
            "value": "Frame.009"
          }
        },
        "inputs": {
          "Input": {
            "bl_idname": "NodeSocketColor",
            "name": "Input"
          }
        },
        "outputs": {
          "Output": {
            "bl_idname": "NodeSocketColor",
            "name": "Output"
          }
        },
        "bl_idname": "NodeReroute"
      },
      "Reroute.002": {
        "attributes": {
          "location": [
            2638.9414825439453,
            3.9315948486328125
          ],
          "width": 16.0,
          "parent": {
            "type": "NODE",
            "value": "Frame.009"
          }
        },
        "inputs": {
          "Input": {
            "bl_idname": "NodeSocketColor",
            "name": "Input"
          }
        },
        "outputs": {
          "Output": {
            "bl_idname": "NodeSocketColor",
            "name": "Output"
          }
        },
        "bl_idname": "NodeReroute"
      },
      "Group node (Alpha).001": {
        "attributes": {
          "location": [
            2440.8775177001953,
            43.345558166503906
          ],
          "parent": {
            "type": "NODE",
            "value": "Frame.009"
          }
        },
        "properties": {
          "group_tree": {
            "type": "NODE_TREE",
            "value": "Smashing"
          }
        },
        "inputs": {
          "Input_0": {
            "bl_idname": "SvVerticesSocket",
            "name": "Vertices",
            "tree": "Smashing"
          },
          "Input_1": {
            "bl_idname": "SvVerticesSocket",
            "name": "Movement Vectors",
            "tree": "Smashing",
            "properties": {
              "use_prop": true,
              "prop": [
                0.0,
                0.0,
                1.0
              ]
            }
          },
          "Input_2": {
            "bl_idname": "SvStringsSocket",
            "name": "Polygons",
            "tree": "Smashing"
          },
          "Input_3": {
            "bl_idname": "SvVerticesSocket",
            "name": "Center",
            "tree": "Smashing",
            "properties": {
              "use_prop": true,
              "prop": [
                0.0,
                0.0,
                2.0
              ]
            }
          },
          "Input_4": {
            "bl_idname": "SvStringsSocket",
            "name": "Radius",
            "tree": "Smashing",
            "properties": {
              "use_prop": true,
              "default_float_property": 0.4000000059604645
            }
          }
        },
        "outputs": {
          "Output_5": {
            "bl_idname": "SvVerticesSocket",
            "name": "Vertices",
            "tree": "Smashing"
          }
        },
        "bl_idname": "SvGroupTreeNode"
      },
      "Group node (Alpha)": {
        "attributes": {
          "location": [
            2269.8269805908203,
            41.667388916015625
          ],
          "parent": {
            "type": "NODE",
            "value": "Frame.009"
          }
        },
        "properties": {
          "group_tree": {
            "type": "NODE_TREE",
            "value": "Smashing"
          }
        },
        "inputs": {
          "Input_0": {
            "bl_idname": "SvVerticesSocket",
            "name": "Vertices",
            "tree": "Smashing"
          },
          "Input_1": {
            "bl_idname": "SvVerticesSocket",
            "name": "Movement Vectors",
            "tree": "Smashing",
            "properties": {
              "use_prop": true,
              "prop": [
                0.0,
                0.0,
                0.20000000298023224
              ]
            }
          },
          "Input_2": {
            "bl_idname": "SvStringsSocket",
            "name": "Polygons",
            "tree": "Smashing"
          },
          "Input_3": {
            "bl_idname": "SvVerticesSocket",
            "name": "Center",
            "tree": "Smashing",
            "properties": {
              "use_prop": true,
              "prop": [
                0.0,
                0.0,
                -1.2999999523162842
              ]
            }
          },
          "Input_4": {
            "bl_idname": "SvStringsSocket",
            "name": "Radius",
            "tree": "Smashing",
            "properties": {
              "use_prop": true,
              "default_float_property": 0.4000000059604645
            }
          }
        },
        "outputs": {
          "Output_5": {
            "bl_idname": "SvVerticesSocket",
            "name": "Vertices",
            "tree": "Smashing"
          }
        },
        "bl_idname": "SvGroupTreeNode"
      },
      "Color in.001": {
        "attributes": {
          "location": [
            4531.6654052734375,
            810.6104125976562
          ],
          "width": 110.0,
          "parent": {
            "type": "NODE",
            "value": "Frame.006"
          }
        },
        "properties": {
          "g_": 1.0,
          "r_": 0.30000001192092896
        },
        "inputs": {
          "R": {
            "bl_idname": "SvStringsSocket",
            "name": "R",
            "properties": {
              "prop_name": "r_"
            }
          },
          "G": {
            "bl_idname": "SvStringsSocket",
            "name": "G",
            "properties": {
              "prop_name": "g_"
            }
          },
          "B": {
            "bl_idname": "SvStringsSocket",
            "name": "B",
            "properties": {
              "prop_name": "b_"
            }
          },
          "A": {
            "bl_idname": "SvStringsSocket",
            "name": "A",
            "properties": {
              "prop_name": "a_"
            }
          }
        },
        "outputs": {
          "Colors": {
            "bl_idname": "SvColorSocket",
            "name": "Colors"
          }
        },
        "bl_idname": "SvColorsInNodeMK1"
      },
      "List Length.001": {
        "attributes": {
          "location": [
            4186.7313232421875,
            753.499755859375
          ],
          "parent": {
            "type": "NODE",
            "value": "Frame.006"
          }
        },
        "inputs": {
          "Data": {
            "bl_idname": "SvStringsSocket",
            "name": "Data"
          }
        },
        "outputs": {
          "Length": {
            "bl_idname": "SvStringsSocket",
            "name": "Length"
          }
        },
        "bl_idname": "ListLengthNode"
      },
      "Mesh viewer.001": {
        "attributes": {
          "location": [
            4346.8465576171875,
            1101.6137390136719
          ],
          "color": [
            0.6284880042076111,
            0.931007981300354,
            1.0
          ],
          "use_custom_color": true,
          "parent": {
            "type": "NODE",
            "value": "Frame.006"
          }
        },
        "properties": {
          "base_data_name": "Delta",
          "is_merge": true
        },
        "inputs": {
          "vertices": {
            "bl_idname": "SvVerticesSocket",
            "name": "vertices"
          },
          "edges": {
            "bl_idname": "SvStringsSocket",
            "name": "edges",
            "properties": {
              "custom_draw": "draw_edges_props"
            }
          },
          "faces": {
            "bl_idname": "SvStringsSocket",
            "name": "faces"
          },
          "material_idx": {
            "bl_idname": "SvStringsSocket",
            "name": "material_idx"
          },
          "matrix": {
            "bl_idname": "SvMatrixSocket",
            "name": "matrix",
            "properties": {
              "custom_draw": "draw_matrix_props"
            }
          }
        },
        "outputs": {
          "Objects": {
            "bl_idname": "SvObjectSocket",
            "name": "Objects"
          }
        },
        "bl_idname": "SvMeshViewer"
      },
      "Number Range.002": {
        "attributes": {
          "location": [
            4346.6141357421875,
            755.614501953125
          ],
          "parent": {
            "type": "NODE",
            "value": "Frame.006"
          }
        },
        "properties": {
          "count_": 8325,
          "current_mode": "RANGE_COUNT",
          "range_mode": "RANGE_COUNT",
          "start_float": 1.0,
          "stop_float": 0.41999998688697815
        },
        "inputs": {
          "Start": {
            "bl_idname": "SvStringsSocket",
            "name": "Start",
            "properties": {
              "prop_name": "start_float"
            }
          },
          "Step": {
            "bl_idname": "SvStringsSocket",
            "name": "Step",
            "properties": {
              "prop_name": "stop_float",
              "label": "stop"
            }
          },
          "Stop": {
            "bl_idname": "SvStringsSocket",
            "name": "Stop",
            "properties": {
              "prop_name": "count_",
              "label": "count"
            }
          }
        },
        "outputs": {
          "Range": {
            "bl_idname": "SvStringsSocket",
            "name": "Range"
          }
        },
        "bl_idname": "SvGenNumberRange"
      },
      "Vertex color mk3.001": {
        "attributes": {
          "location": [
            4699.0618896484375,
            970.0443115234375
          ],
          "parent": {
            "type": "NODE",
            "value": "Frame.006"
          }
        },
        "properties": {
          "mode": "polygons"
        },
        "inputs": {
          "Object": {
            "bl_idname": "SvObjectSocket",
            "name": "Object"
          },
          "Index": {
            "bl_idname": "SvStringsSocket",
            "name": "Index"
          },
          "Color": {
            "bl_idname": "SvColorSocket",
            "name": "Color",
            "properties": {
              "prop_name": "unit_color"
            }
          }
        },
        "bl_idname": "SvVertexColorNodeMK3"
      },
      "List Split": {
        "attributes": {
          "location": [
            3345.673828125,
            1073.198486328125
          ],
          "parent": {
            "type": "NODE",
            "value": "Frame.005"
          }
        },
        "inputs": {
          "Data": {
            "bl_idname": "SvStringsSocket",
            "name": "Data"
          },
          "Split": {
            "bl_idname": "SvStringsSocket",
            "name": "Split",
            "properties": {
              "prop_name": "split"
            }
          }
        },
        "outputs": {
          "Split": {
            "bl_idname": "SvStringsSocket",
            "name": "Split"
          }
        },
        "bl_idname": "SvListSplitNode"
      },
      "Number Range.001": {
        "attributes": {
          "location": [
            3130.8056640625,
            892.314453125
          ],
          "parent": {
            "type": "NODE",
            "value": "Frame.005"
          }
        },
        "properties": {
          "count_": 20,
          "current_mode": "RANGE_COUNT",
          "range_mode": "RANGE_COUNT",
          "stop_float": 3.1415927410125732
        },
        "inputs": {
          "Start": {
            "bl_idname": "SvStringsSocket",
            "name": "Start",
            "properties": {
              "prop_name": "start_float"
            }
          },
          "Step": {
            "bl_idname": "SvStringsSocket",
            "name": "Step",
            "properties": {
              "prop_name": "stop_float",
              "label": "stop"
            }
          },
          "Stop": {
            "bl_idname": "SvStringsSocket",
            "name": "Stop",
            "properties": {
              "prop_name": "count_",
              "label": "count"
            }
          }
        },
        "outputs": {
          "Range": {
            "bl_idname": "SvStringsSocket",
            "name": "Range"
          }
        },
        "bl_idname": "SvGenNumberRange"
      },
      "Number Range.003": {
        "attributes": {
          "location": [
            3128.7529296875,
            1076.2294921875
          ],
          "parent": {
            "type": "NODE",
            "value": "Frame.005"
          }
        },
        "properties": {
          "count_": 20,
          "current_mode": "RANGE_COUNT",
          "range_mode": "RANGE_COUNT",
          "start_float": 0.6399999260902405,
          "stop_float": 1.5815927982330322
        },
        "inputs": {
          "Start": {
            "bl_idname": "SvStringsSocket",
            "name": "Start",
            "properties": {
              "prop_name": "start_float"
            }
          },
          "Step": {
            "bl_idname": "SvStringsSocket",
            "name": "Step",
            "properties": {
              "prop_name": "stop_float",
              "label": "stop"
            }
          },
          "Stop": {
            "bl_idname": "SvStringsSocket",
            "name": "Stop",
            "properties": {
              "prop_name": "count_",
              "label": "count"
            }
          }
        },
        "outputs": {
          "Range": {
            "bl_idname": "SvStringsSocket",
            "name": "Range"
          }
        },
        "bl_idname": "SvGenNumberRange"
      },
      "Scalar Math": {
        "attributes": {
          "location": [
            3353.6689453125,
            897.3230590820312
          ],
          "parent": {
            "type": "NODE",
            "value": "Frame.005"
          }
        },
        "properties": {
          "current_op": "SINE"
        },
        "inputs": {
          "x": {
            "bl_idname": "SvStringsSocket",
            "name": "x",
            "properties": {
              "prop_name": "x_"
            }
          }
        },
        "outputs": {
          "Out": {
            "bl_idname": "SvStringsSocket",
            "name": "Out"
          }
        },
        "bl_idname": "SvScalarMathNodeMK4"
      },
      "Scalar Math.001": {
        "attributes": {
          "location": [
            3556.45654296875,
            1003.8472900390625
          ],
          "parent": {
            "type": "NODE",
            "value": "Frame.005"
          }
        },
        "properties": {
          "current_op": "DIV",
          "y_": 1.5
        },
        "inputs": {
          "x": {
            "bl_idname": "SvStringsSocket",
            "name": "x",
            "properties": {
              "prop_name": "x_"
            }
          },
          "y": {
            "bl_idname": "SvStringsSocket",
            "name": "y",
            "properties": {
              "prop_name": "y_"
            }
          }
        },
        "outputs": {
          "Out": {
            "bl_idname": "SvStringsSocket",
            "name": "Out"
          }
        },
        "bl_idname": "SvScalarMathNodeMK4"
      },
      "Polyline Viewer": {
        "attributes": {
          "location": [
            3741.89404296875,
            1070.5540771484375
          ],
          "color": [
            0.6284880042076111,
            0.931007981300354,
            1.0
          ],
          "use_custom_color": true,
          "parent": {
            "type": "NODE",
            "value": "Frame.005"
          }
        },
        "properties": {
          "base_data_name": "Zeta",
          "is_merge": true,
          "resolution": 1,
          "show_objects": false
        },
        "inputs": {
          "vertices": {
            "bl_idname": "SvVerticesSocket",
            "name": "vertices",
            "properties": {
              "custom_draw": "draw_vertices_props"
            }
          },
          "matrix": {
            "bl_idname": "SvMatrixSocket",
            "name": "matrix",
            "properties": {
              "custom_draw": "draw_matrix_props"
            }
          },
          "radius": {
            "bl_idname": "SvStringsSocket",
            "name": "radius",
            "properties": {
              "use_prop": true,
              "default_float_property": 0.20000000298023224
            }
          },
          "tilt": {
            "bl_idname": "SvStringsSocket",
            "name": "tilt",
            "properties": {
              "use_prop": true
            }
          },
          "bevel object": {
            "bl_idname": "SvObjectSocket",
            "name": "bevel object",
            "properties": {
              "custom_draw": "draw_object_props",
              "object_kinds": "CURVE"
            }
          },
          "Cyclic": {
            "bl_idname": "SvStringsSocket",
            "name": "Cyclic",
            "properties": {
              "prop_name": "close"
            }
          }
        },
        "outputs": {
          "Objects": {
            "bl_idname": "SvObjectSocket",
            "name": "Objects"
          }
        },
        "bl_idname": "SvPolylineViewerNode"
      },
      "Get Objects Data": {
        "attributes": {
          "location": [
            3992.9447021484375,
            941.6178588867188
          ],
          "width": 150.0,
          "color": [
            0.0,
            0.5,
            0.20000000298023224
          ],
          "use_custom_color": true,
          "parent": {
            "type": "NODE",
            "value": "Frame.006"
          }
        },
        "properties": {
          "modifiers": true
        },
        "inputs": {
          "Objects": {
            "bl_idname": "SvObjectSocket",
            "name": "Objects"
          }
        },
        "outputs": {
          "Vertices": {
            "bl_idname": "SvVerticesSocket",
            "name": "Vertices"
          },
          "Edges": {
            "bl_idname": "SvStringsSocket",
            "name": "Edges"
          },
          "Polygons": {
            "bl_idname": "SvStringsSocket",
            "name": "Polygons"
          },
          "Vertex Normals": {
            "bl_idname": "SvVerticesSocket",
            "name": "Vertex Normals"
          },
          "Material Idx": {
            "bl_idname": "SvStringsSocket",
            "name": "Material Idx"
          },
          "Polygon Areas": {
            "bl_idname": "SvStringsSocket",
            "name": "Polygon Areas"
          },
          "Polygon Centers": {
            "bl_idname": "SvVerticesSocket",
            "name": "Polygon Centers"
          },
          "Polygon Normals": {
            "bl_idname": "SvVerticesSocket",
            "name": "Polygon Normals"
          },
          "Matrix": {
            "bl_idname": "SvMatrixSocket",
            "name": "Matrix"
          },
          "Object": {
            "bl_idname": "SvObjectSocket",
            "name": "Object"
          }
        },
        "bl_idname": "SvGetObjectsData"
      },
      "Logic functions.001": {
        "attributes": {
          "location": [
            982.636962890625,
            -70.78495788574219
          ],
          "parent": {
            "type": "NODE",
            "value": "Frame"
          }
        },
        "properties": {
          "function_name": "BIG"
        },
        "inputs": {
          "A": {
            "bl_idname": "SvStringsSocket",
            "name": "A",
            "properties": {
              "use_prop": true,
              "show_property_type": true,
              "default_int_property": 1,
              "default_float_property": 1.0
            }
          },
          "B": {
            "bl_idname": "SvStringsSocket",
            "name": "B",
            "properties": {
              "use_prop": true,
              "show_property_type": true,
              "default_int_property": 1,
              "default_float_property": 0.007000000216066837
            }
          }
        },
        "outputs": {
          "Result": {
            "bl_idname": "SvStringsSocket",
            "name": "Result"
          }
        },
        "bl_idname": "SvLogicNodeMK2"
      }
    },
    "links": [
      {
        "from_node": "List Join",
        "from_socket": "data",
        "to_node": "3pt Arc",
        "to_socket": "arc_pts"
      },
      {
        "from_node": "Inset Special.001",
        "from_socket": "Vertices",
        "to_node": "Area",
        "to_socket": "Vertices"
      },
      {
        "from_node": "Inset Special.001",
        "from_socket": "Polygons",
        "to_node": "Area",
        "to_socket": "Polygons"
      },
      {
        "from_node": "Curve Mapper",
        "from_socket": "Value",
        "to_node": "Color in",
        "to_socket": "R"
      },
      {
        "from_node": "Curve Mapper.001",
        "from_socket": "Value",
        "to_node": "Color in",
        "to_socket": "G"
      },
      {
        "from_node": "MultiExtrude Alt from addons",
        "from_socket": "verts",
        "to_node": "Component Analyzer",
        "to_socket": "Vertices"
      },
      {
        "from_node": "MultiExtrude Alt from addons",
        "from_socket": "faces",
        "to_node": "Component Analyzer",
        "to_socket": "Faces"
      },
      {
        "from_node": "Component Analyzer",
        "from_socket": "Perimeter",
        "to_node": "Curve Mapper",
        "to_socket": "Value"
      },
      {
        "from_node": "Map Range",
        "from_socket": "Value",
        "to_node": "Curve Mapper.001",
        "to_socket": "Value"
      },
      {
        "from_node": "Scale",
        "from_socket": "Vertices",
        "to_node": "Dual Mesh",
        "to_socket": "Vertices"
      },
      {
        "from_node": "IcoSphere",
        "from_socket": "Faces",
        "to_node": "Dual Mesh",
        "to_socket": "Faces"
      },
      {
        "from_node": "Arc 3pt (Curve)",
        "from_socket": "Arc",
        "to_node": "Evaluate Curve",
        "to_socket": "Curve"
      },
      {
        "from_node": "Dual Mesh",
        "from_socket": "Vertices",
        "to_node": "Inset Special.001",
        "to_socket": "Vertices"
      },
      {
        "from_node": "Dual Mesh",
        "from_socket": "Faces",
        "to_node": "Inset Special.001",
        "to_socket": "Polygons"
      },
      {
        "from_node": "Scalar Math.002",
        "from_socket": "Out",
        "to_node": "Line",
        "to_socket": "Num"
      },
      {
        "from_node": "Move.001",
        "from_socket": "Vertices",
        "to_node": "List Join",
        "to_socket": "data"
      },
      {
        "from_node": "Move",
        "from_socket": "Vertices",
        "to_node": "List Join",
        "to_socket": "data 1"
      },
      {
        "from_node": "Move.002",
        "from_socket": "Vertices",
        "to_node": "List Join",
        "to_socket": "data 2"
      },
      {
        "from_node": "Reroute.001",
        "from_socket": "Output",
        "to_node": "List Length",
        "to_socket": "Data"
      },
      {
        "from_node": "Vector out",
        "from_socket": "Z",
        "to_node": "List Math",
        "to_socket": "Data"
      },
      {
        "from_node": "Vector out",
        "from_socket": "Z",
        "to_node": "Map Range",
        "to_socket": "Value"
      },
      {
        "from_node": "Switch",
        "from_socket": "Out_0",
        "to_node": "Mask to Index",
        "to_socket": "Mask"
      },
      {
        "from_node": "Reroute.002",
        "from_socket": "Output",
        "to_node": "Mesh viewer",
        "to_socket": "vertices"
      },
      {
        "from_node": "Reroute.001",
        "from_socket": "Output",
        "to_node": "Mesh viewer",
        "to_socket": "faces"
      },
      {
        "from_node": "Spiral.001",
        "from_socket": "Vertices",
        "to_node": "Move",
        "to_socket": "Vertices"
      },
      {
        "from_node": "Spiral",
        "from_socket": "Vertices",
        "to_node": "Move.001",
        "to_socket": "Vertices"
      },
      {
        "from_node": "Line",
        "from_socket": "Verts",
        "to_node": "Move.002",
        "to_socket": "Vertices"
      },
      {
        "from_node": "List Length",
        "from_socket": "Length",
        "to_node": "Number Range",
        "to_socket": "Stop"
      },
      {
        "from_node": "MultiExtrude Alt from addons",
        "from_socket": "verts",
        "to_node": "Origins",
        "to_socket": "Verts"
      },
      {
        "from_node": "MultiExtrude Alt from addons",
        "from_socket": "faces",
        "to_node": "Origins",
        "to_socket": "Faces"
      },
      {
        "from_node": "Evaluate Curve",
        "from_socket": "Vertices",
        "to_node": "Polyline Viewer.001",
        "to_socket": "vertices"
      },
      {
        "from_node": "A Number.002",
        "from_socket": "Int",
        "to_node": "Scalar Math.002",
        "to_socket": "x"
      },
      {
        "from_node": "A Number.005",
        "from_socket": "Int",
        "to_node": "Scalar Math.002",
        "to_socket": "y"
      },
      {
        "from_node": "IcoSphere",
        "from_socket": "Vertices",
        "to_node": "Scale",
        "to_socket": "Vertices"
      },
      {
        "from_node": "A Number.002",
        "from_socket": "Int",
        "to_node": "Spiral",
        "to_socket": "t"
      },
      {
        "from_node": "A Number.005",
        "from_socket": "Int",
        "to_node": "Spiral",
        "to_socket": "n"
      },
      {
        "from_node": "A Number.002",
        "from_socket": "Int",
        "to_node": "Spiral.001",
        "to_socket": "t"
      },
      {
        "from_node": "A Number.005",
        "from_socket": "Int",
        "to_node": "Spiral.001",
        "to_socket": "n"
      },
      {
        "from_node": "Logic functions.001",
        "from_socket": "Result",
        "to_node": "Switch",
        "to_socket": "State"
      },
      {
        "from_node": "A Number",
        "from_socket": "Int",
        "to_node": "Switch",
        "to_socket": "A_0"
      },
      {
        "from_node": "A Number.001",
        "from_socket": "Int",
        "to_node": "Switch",
        "to_socket": "B_0"
      },
      {
        "from_node": "Origins",
        "from_socket": "Origin",
        "to_node": "Vector out",
        "to_socket": "Vectors"
      },
      {
        "from_node": "Mesh viewer",
        "from_socket": "Objects",
        "to_node": "Vertex color mk3",
        "to_socket": "Object"
      },
      {
        "from_node": "Number Range",
        "from_socket": "Range",
        "to_node": "Vertex color mk3",
        "to_socket": "Index"
      },
      {
        "from_node": "Color in",
        "from_socket": "Colors",
        "to_node": "Vertex color mk3",
        "to_socket": "Color"
      },
      {
        "from_node": "Inset Special.001",
        "from_socket": "Vertices",
        "to_node": "MultiExtrude Alt from addons",
        "to_socket": "verts"
      },
      {
        "from_node": "Inset Special.001",
        "from_socket": "Polygons",
        "to_node": "MultiExtrude Alt from addons",
        "to_socket": "faces"
      },
      {
        "from_node": "Mask to Index",
        "from_socket": "True Index",
        "to_node": "MultiExtrude Alt from addons",
        "to_socket": "face_masks"
      },
      {
        "from_node": "MultiExtrude Alt from addons",
        "from_socket": "faces",
        "to_node": "Reroute.001",
        "to_socket": "Input"
      },
      {
        "from_node": "Group node (Alpha).001",
        "from_socket": "Output_5",
        "from_tree": "Smashing",
        "to_node": "Reroute.002",
        "to_socket": "Input"
      },
      {
        "from_node": "Group node (Alpha)",
        "from_socket": "Output_5",
        "from_tree": "Smashing",
        "to_node": "Group node (Alpha).001",
        "to_socket": "Input_0",
        "to_tree": "Smashing"
      },
      {
        "from_node": "MultiExtrude Alt from addons",
        "from_socket": "faces",
        "to_node": "Group node (Alpha).001",
        "to_socket": "Input_2",
        "to_tree": "Smashing"
      },
      {
        "from_node": "MultiExtrude Alt from addons",
        "from_socket": "verts",
        "to_node": "Group node (Alpha)",
        "to_socket": "Input_0",
        "to_tree": "Smashing"
      },
      {
        "from_node": "MultiExtrude Alt from addons",
        "from_socket": "faces",
        "to_node": "Group node (Alpha)",
        "to_socket": "Input_2",
        "to_tree": "Smashing"
      },
      {
        "from_node": "Number Range.002",
        "from_socket": "Range",
        "to_node": "Color in.001",
        "to_socket": "R"
      },
      {
        "from_node": "Get Objects Data",
        "from_socket": "Polygons",
        "to_node": "List Length.001",
        "to_socket": "Data"
      },
      {
        "from_node": "Get Objects Data",
        "from_socket": "Vertices",
        "to_node": "Mesh viewer.001",
        "to_socket": "vertices"
      },
      {
        "from_node": "Get Objects Data",
        "from_socket": "Polygons",
        "to_node": "Mesh viewer.001",
        "to_socket": "faces"
      },
      {
        "from_node": "List Length.001",
        "from_socket": "Length",
        "to_node": "Number Range.002",
        "to_socket": "Stop"
      },
      {
        "from_node": "Mesh viewer.001",
        "from_socket": "Objects",
        "to_node": "Vertex color mk3.001",
        "to_socket": "Object"
      },
      {
        "from_node": "Color in.001",
        "from_socket": "Colors",
        "to_node": "Vertex color mk3.001",
        "to_socket": "Color"
      },
      {
        "from_node": "Number Range.003",
        "from_socket": "Range",
        "to_node": "List Split",
        "to_socket": "Data"
      },
      {
        "from_node": "Number Range.001",
        "from_socket": "Range",
        "to_node": "Scalar Math",
        "to_socket": "x"
      },
      {
        "from_node": "Scalar Math",
        "from_socket": "Out",
        "to_node": "Scalar Math.001",
        "to_socket": "x"
      },
      {
        "from_node": "List Split",
        "from_socket": "Split",
        "to_node": "Scalar Math.001",
        "to_socket": "y"
      },
      {
        "from_node": "3pt Arc",
        "from_socket": "Verts",
        "to_node": "Polyline Viewer",
        "to_socket": "vertices"
      },
      {
        "from_node": "Scalar Math.001",
        "from_socket": "Out",
        "to_node": "Polyline Viewer",
        "to_socket": "radius"
      },
      {
        "from_node": "Polyline Viewer.001",
        "from_socket": "Objects",
        "to_node": "Polyline Viewer",
        "to_socket": "bevel object"
      },
      {
        "from_node": "Polyline Viewer",
        "from_socket": "Objects",
        "to_node": "Get Objects Data",
        "to_socket": "Objects"
      },
      {
        "from_node": "Area",
        "from_socket": "Area",
        "to_node": "Logic functions.001",
        "to_socket": "A"
      }
    ]
  },
  "TREE": {
    "Smashing": {
      "nodes": {
        "Group Input": {
          "attributes": {
            "location": [
              -477.08740234375,
              0.0
            ]
          },
          "bl_idname": "NodeGroupInput"
        },
        "Group Output": {
          "attributes": {
            "location": [
              475.90869140625,
              0.0
            ]
          },
          "bl_idname": "NodeGroupOutput"
        },
        "Proportional Edit Falloff": {
          "attributes": {
            "location": [
              -13.709784507751465,
              -5.223184585571289
            ],
            "width": 166.3173828125
          },
          "properties": {
            "radius": 0.699999988079071,
            "falloff_type": "sharp"
          },
          "inputs": {
            "Vertices": {
              "bl_idname": "SvVerticesSocket",
              "name": "Vertices"
            },
            "Mask": {
              "bl_idname": "SvStringsSocket",
              "name": "Mask"
            },
            "Radius": {
              "bl_idname": "SvStringsSocket",
              "name": "Radius",
              "properties": {
                "prop_name": "radius"
              }
            }
          },
          "outputs": {
            "Coeffs": {
              "bl_idname": "SvStringsSocket",
              "name": "Coeffs"
            }
          },
          "bl_idname": "SvProportionalEditNode"
        },
        "Select mesh elements by location": {
          "attributes": {
            "location": [
              -239.9907684326172,
              18.61857032775879
            ]
          },
          "properties": {
            "mode": "BySphere",
            "radius": 0.6000000238418579,
            "include_partial": true
          },
          "inputs": {
            "Vertices": {
              "bl_idname": "SvVerticesSocket",
              "name": "Vertices",
              "properties": {
                "is_mandatory": true
              }
            },
            "Edges": {
              "bl_idname": "SvStringsSocket",
              "name": "Edges",
              "properties": {
                "nesting_level": 3
              }
            },
            "Polygons": {
              "bl_idname": "SvStringsSocket",
              "name": "Polygons",
              "properties": {
                "nesting_level": 3
              }
            },
            "Direction": {
              "bl_idname": "SvVerticesSocket",
              "name": "Direction",
              "attributes": {
                "hide": true
              },
              "properties": {
                "use_prop": true,
                "prop": [
                  0.0,
                  0.0,
                  1.0
                ]
              }
            },
            "Center": {
              "bl_idname": "SvVerticesSocket",
              "name": "Center",
              "properties": {
                "use_prop": true,
                "prop": [
                  0.0,
                  0.0,
                  -1.0
                ],
                "expanded": true
              }
            },
            "Percent": {
              "bl_idname": "SvStringsSocket",
              "name": "Percent",
              "attributes": {
                "hide": true
              },
              "properties": {
                "prop_name": "percent"
              }
            },
            "Radius": {
              "bl_idname": "SvStringsSocket",
              "name": "Radius",
              "properties": {
                "prop_name": "radius"
              }
            }
          },
          "outputs": {
            "VerticesMask": {
              "bl_idname": "SvStringsSocket",
              "name": "VerticesMask"
            },
            "EdgesMask": {
              "bl_idname": "SvStringsSocket",
              "name": "EdgesMask"
            },
            "FacesMask": {
              "bl_idname": "SvStringsSocket",
              "name": "FacesMask"
            }
          },
          "bl_idname": "SvMeshSelectNodeMk2"
        },
        "Move.003": {
          "attributes": {
            "location": [
              225.90869140625,
              -13.395263671875
            ]
          },
          "properties": {
            "movement_vectors": [
              0.0,
              0.0,
              0.20000000298023224
            ]
          },
          "inputs": {
            "Vertices": {
              "bl_idname": "SvVerticesSocket",
              "name": "Vertices"
            },
            "Movement Vectors": {
              "bl_idname": "SvVerticesSocket",
              "name": "Movement Vectors",
              "properties": {
                "prop_name": "movement_vectors",
                "expanded": true
              }
            },
            "Strength": {
              "bl_idname": "SvStringsSocket",
              "name": "Strength",
              "properties": {
                "prop_name": "strength"
              }
            }
          },
          "outputs": {
            "Vertices": {
              "bl_idname": "SvVerticesSocket",
              "name": "Vertices"
            }
          },
          "bl_idname": "SvMoveNodeMk3"
        }
      },
      "links": [
        {
          "from_node": "Move.003",
          "from_socket": "Vertices",
          "to_node": "Group Output",
          "to_socket": "Output_5",
          "to_tree": "Smashing"
        },
        {
          "from_node": "Group Input",
          "from_socket": "Input_0",
          "from_tree": "Smashing",
          "to_node": "Proportional Edit Falloff",
          "to_socket": "Vertices"
        },
        {
          "from_node": "Select mesh elements by location",
          "from_socket": "VerticesMask",
          "to_node": "Proportional Edit Falloff",
          "to_socket": "Mask"
        },
        {
          "from_node": "Group Input",
          "from_socket": "Input_0",
          "from_tree": "Smashing",
          "to_node": "Select mesh elements by location",
          "to_socket": "Vertices"
        },
        {
          "from_node": "Group Input",
          "from_socket": "Input_2",
          "from_tree": "Smashing",
          "to_node": "Select mesh elements by location",
          "to_socket": "Polygons"
        },
        {
          "from_node": "Group Input",
          "from_socket": "Input_3",
          "from_tree": "Smashing",
          "to_node": "Select mesh elements by location",
          "to_socket": "Center"
        },
        {
          "from_node": "Group Input",
          "from_socket": "Input_4",
          "from_tree": "Smashing",
          "to_node": "Select mesh elements by location",
          "to_socket": "Radius"
        },
        {
          "from_node": "Group Input",
          "from_socket": "Input_0",
          "from_tree": "Smashing",
          "to_node": "Move.003",
          "to_socket": "Vertices"
        },
        {
          "from_node": "Group Input",
          "from_socket": "Input_1",
          "from_tree": "Smashing",
          "to_node": "Move.003",
          "to_socket": "Movement Vectors"
        },
        {
          "from_node": "Proportional Edit Falloff",
          "from_socket": "Coeffs",
          "to_node": "Move.003",
          "to_socket": "Strength"
        }
      ],
      "inputs": {
        "Input_0": {
          "bl_idname": "SvVerticesSocketInterface",
          "name": "Vertices",
          "attributes": {
            "hide_value": true
          }
        },
        "Input_1": {
          "bl_idname": "SvVerticesSocketInterface",
          "name": "Movement Vectors"
        },
        "Input_2": {
          "bl_idname": "SvStringsSocketInterface",
          "name": "Polygons",
          "attributes": {
            "hide_value": true
          }
        },
        "Input_3": {
          "bl_idname": "SvVerticesSocketInterface",
          "name": "Center",
          "properties": {
            "default_value": [
              0.0,
              0.0,
              -1.0
            ]
          }
        },
        "Input_4": {
          "bl_idname": "SvStringsSocketInterface",
          "name": "Radius"
        }
      },
      "outputs": {
        "Output_5": {
          "bl_idname": "SvVerticesSocketInterface",
          "name": "Vertices"
        }
      },
      "properties": {
        "tree_id_memory": "-9151890940938341839"
      },
      "bl_idname": "SvGroupTree"
    }
  }
}