{
  "export_version": "1.0",
  "main_tree": {
    "nodes": {
      "Frame.005": {
        "attributes": {
          "location": [
            -86.2796859741211,
            -36.955101013183594
          ],
          "height": 1475.073486328125,
          "width": 2678.495361328125,
          "color": [
            0.6079999804496765,
            0.6079999804496765,
            0.6079999804496765
          ],
          "use_custom_color": true
        },
        "bl_idname": "NodeFrame"
      },
      "Frame": {
        "attributes": {
          "location": [
            -250.9510726928711,
            -641.9378280639648
          ],
          "height": 692.9816284179688,
          "width": 801.211181640625,
          "label": "Section matrices",
          "parent": {
            "type": "NODE",
            "value": "Frame.005"
          }
        },
        "bl_idname": "NodeFrame"
      },
      "Frame.001": {
        "attributes": {
          "location": [
            -1503.7387924194336,
            1111.6694107055664
          ],
          "height": 857.458740234375,
          "width": 464.33026123046875,
          "label": "sections",
          "parent": {
            "type": "NODE",
            "value": "Frame.005"
          }
        },
        "bl_idname": "NodeFrame"
      },
      "Frame.002": {
        "attributes": {
          "location": [
            43.80113983154297,
            29.576622009277344
          ],
          "height": 771.587158203125,
          "width": 238.318359375,
          "label": "inputs",
          "parent": {
            "type": "NODE",
            "value": "Frame.005"
          }
        },
        "bl_idname": "NodeFrame"
      },
      "Frame.003": {
        "attributes": {
          "location": [
            -233.52169036865234,
            -258.33443450927734
          ],
          "height": 514.633056640625,
          "width": 614.9359130859375,
          "label": "Object_to_sect",
          "parent": {
            "type": "NODE",
            "value": "Frame.005"
          }
        },
        "bl_idname": "NodeFrame"
      },
      "Frame.004": {
        "attributes": {
          "location": [
            -80.5752182006836,
            -232.88036346435547
          ],
          "height": 628.9083251953125,
          "width": 873.2110595703125,
          "label": "outputs",
          "parent": {
            "type": "NODE",
            "value": "Frame.005"
          }
        },
        "bl_idname": "NodeFrame"
      },
      "A Number": {
        "attributes": {
          "location": [
            -2099.896858215332,
            -1244.1311416625977
          ],
          "label": "thickness",
          "parent": {
            "type": "NODE",
            "value": "Frame.002"
          }
        },
        "properties": {
          "float_": 0.029999999329447746,
          "draw_3dpanel": true
        },
        "inputs": {
          "Float": {
            "bl_idname": "SvStringsSocket",
            "name": "Float",
            "properties": {
              "prop_name": "float_"
            }
          }
        },
        "outputs": {
          "Float": {
            "bl_idname": "SvStringsSocket",
            "name": "Float",
            "properties": {
              "custom_draw": "mode_custom_draw"
            }
          }
        },
        "bl_idname": "SvNumberNode"
      },
      "A Number.001": {
        "attributes": {
          "location": [
            -2099.930549621582,
            -1142.4486465454102
          ],
          "label": "size sections",
          "parent": {
            "type": "NODE",
            "value": "Frame.002"
          }
        },
        "properties": {
          "float_": 0.75,
          "draw_3dpanel": true
        },
        "inputs": {
          "Float": {
            "bl_idname": "SvStringsSocket",
            "name": "Float",
            "properties": {
              "prop_name": "float_"
            }
          }
        },
        "outputs": {
          "Float": {
            "bl_idname": "SvStringsSocket",
            "name": "Float",
            "properties": {
              "custom_draw": "mode_custom_draw"
            }
          }
        },
        "bl_idname": "SvNumberNode"
      },
      "A Number.002": {
        "attributes": {
          "location": [
            -2105.946907043457,
            -1334.4866104125977
          ],
          "label": "sections",
          "parent": {
            "type": "NODE",
            "value": "Frame.002"
          }
        },
        "properties": {
          "int_": 7,
          "draw_3dpanel": true,
          "selected_mode": "int"
        },
        "inputs": {
          "Float": {
            "bl_idname": "SvStringsSocket",
            "name": "Int",
            "properties": {
              "prop_name": "int_"
            }
          }
        },
        "outputs": {
          "Int": {
            "bl_idname": "SvStringsSocket",
            "name": "Int",
            "properties": {
              "custom_draw": "mode_custom_draw"
            }
          }
        },
        "bl_idname": "SvNumberNode"
      },
      "A Number.003": {
        "attributes": {
          "location": [
            -2110.044075012207,
            -1437.6308975219727
          ],
          "label": "roto",
          "parent": {
            "type": "NODE",
            "value": "Frame.002"
          }
        },
        "properties": {
          "float_": 92.0,
          "draw_3dpanel": true
        },
        "inputs": {
          "Float": {
            "bl_idname": "SvStringsSocket",
            "name": "Float",
            "properties": {
              "prop_name": "float_"
            }
          }
        },
        "outputs": {
          "Float": {
            "bl_idname": "SvStringsSocket",
            "name": "Float",
            "properties": {
              "custom_draw": "mode_custom_draw"
            }
          }
        },
        "bl_idname": "SvNumberNode"
      },
      "Edges to Faces 2D": {
        "attributes": {
          "location": [
            88.30864715576172,
            -728.1901168823242
          ],
          "parent": {
            "type": "NODE",
            "value": "Frame.004"
          }
        },
        "properties": {
          "do_intersect": true
        },
        "inputs": {
          "Verts": {
            "bl_idname": "SvVerticesSocket",
            "name": "Verts"
          },
          "Edges": {
            "bl_idname": "SvStringsSocket",
            "name": "Edges"
          }
        },
        "outputs": {
          "Verts": {
            "bl_idname": "SvVerticesSocket",
            "name": "Verts"
          },
          "Faces": {
            "bl_idname": "SvStringsSocket",
            "name": "Faces"
          }
        },
        "bl_idname": "SvEdgesToFaces2D"
      },
      "Edges to Faces 2D.001": {
        "attributes": {
          "location": [
            90.2558364868164,
            -973.5385665893555
          ],
          "parent": {
            "type": "NODE",
            "value": "Frame.004"
          }
        },
        "properties": {
          "do_intersect": true
        },
        "inputs": {
          "Verts": {
            "bl_idname": "SvVerticesSocket",
            "name": "Verts"
          },
          "Edges": {
            "bl_idname": "SvStringsSocket",
            "name": "Edges"
          }
        },
        "outputs": {
          "Verts": {
            "bl_idname": "SvVerticesSocket",
            "name": "Verts"
          },
          "Faces": {
            "bl_idname": "SvStringsSocket",
            "name": "Faces"
          }
        },
        "bl_idname": "SvEdgesToFaces2D"
      },
      "Extrude Separate Faces": {
        "attributes": {
          "location": [
            -1601.0085067749023,
            -715.228385925293
          ],
          "parent": {
            "type": "NODE",
            "value": "Frame.003"
          }
        },
        "properties": {
          "height_": 0.05000000074505806,
          "mask_out_type": [],
          "scale_": 0.800000011920929
        },
        "inputs": {
          "Vertices": {
            "bl_idname": "SvVerticesSocket",
            "name": "Vertices"
          },
          "Edges": {
            "bl_idname": "SvStringsSocket",
            "name": "Edges"
          },
          "Polygons": {
            "bl_idname": "SvStringsSocket",
            "name": "Polygons"
          },
          "Mask": {
            "bl_idname": "SvStringsSocket",
            "name": "Mask"
          },
          "Height": {
            "bl_idname": "SvStringsSocket",
            "name": "Height",
            "properties": {
              "prop_name": "height_"
            }
          },
          "Scale": {
            "bl_idname": "SvStringsSocket",
            "name": "Scale",
            "properties": {
              "prop_name": "scale_"
            }
          },
          "Matrix": {
            "bl_idname": "SvMatrixSocket",
            "name": "Matrix",
            "attributes": {
              "hide": true
            }
          },
          "FaceData": {
            "bl_idname": "SvStringsSocket",
            "name": "FaceData"
          }
        },
        "outputs": {
          "Vertices": {
            "bl_idname": "SvVerticesSocket",
            "name": "Vertices"
          },
          "Edges": {
            "bl_idname": "SvStringsSocket",
            "name": "Edges"
          },
          "Polygons": {
            "bl_idname": "SvStringsSocket",
            "name": "Polygons"
          },
          "ExtrudedPolys": {
            "bl_idname": "SvStringsSocket",
            "name": "ExtrudedPolys"
          },
          "OtherPolys": {
            "bl_idname": "SvStringsSocket",
            "name": "OtherPolys"
          },
          "Mask": {
            "bl_idname": "SvStringsSocket",
            "name": "Mask",
            "properties": {
              "custom_draw": "draw_mask_socket"
            }
          },
          "FaceData": {
            "bl_idname": "SvStringsSocket",
            "name": "FaceData"
          }
        },
        "bl_idname": "SvExtrudeSeparateNode"
      },
      "List Item": {
        "attributes": {
          "location": [
            -365.44051361083984,
            -1017.8127365112305
          ],
          "hide": true,
          "parent": {
            "type": "NODE",
            "value": "Frame.004"
          }
        },
        "properties": {
          "index": 2,
          "level": 1
        },
        "inputs": {
          "Data": {
            "bl_idname": "SvStringsSocket",
            "name": "Data"
          },
          "Index": {
            "bl_idname": "SvStringsSocket",
            "name": "Index",
            "properties": {
              "prop_name": "index"
            }
          }
        },
        "outputs": {
          "Item_001": {
            "bl_idname": "SvVerticesSocket",
            "name": "Item"
          },
          "Other_001": {
            "bl_idname": "SvVerticesSocket",
            "name": "Other"
          }
        },
        "bl_idname": "SvListItemNode"
      },
      "List Repeater": {
        "attributes": {
          "location": [
            -1574.6714096069336,
            -1380.8208236694336
          ],
          "parent": {
            "type": "NODE",
            "value": "Frame"
          }
        },
        "properties": {
          "level": 2,
          "unwrap": true
        },
        "inputs": {
          "Data": {
            "bl_idname": "SvStringsSocket",
            "name": "Data"
          },
          "Number": {
            "bl_idname": "SvStringsSocket",
            "name": "Number",
            "properties": {
              "prop_name": "number"
            }
          }
        },
        "outputs": {
          "Data": {
            "bl_idname": "SvStringsSocket",
            "name": "Data"
          }
        },
        "bl_idname": "ListRepeaterNode"
      },
      "Matrix In.001": {
        "attributes": {
          "location": [
            -1369.763328552246,
            -1433.6863021850586
          ],
          "parent": {
            "type": "NODE",
            "value": "Frame"
          }
        },
        "inputs": {
          "Location": {
            "bl_idname": "SvVerticesSocket",
            "name": "Location",
            "properties": {
              "prop_name": "location_"
            }
          },
          "Scale": {
            "bl_idname": "SvVerticesSocket",
            "name": "Scale",
            "properties": {
              "prop_name": "scale"
            }
          },
          "Quaternion": {
            "bl_idname": "SvQuaternionSocket",
            "name": "Quaternion",
            "attributes": {
              "hide": true
            },
            "properties": {
              "prop_name": "quaternion"
            }
          },
          "Angle X": {
            "bl_idname": "SvStringsSocket",
            "name": "Angle X",
            "attributes": {
              "hide": true
            },
            "properties": {
              "prop_name": "angle_x"
            }
          },
          "Angle Y": {
            "bl_idname": "SvStringsSocket",
            "name": "Angle Y",
            "attributes": {
              "hide": true
            },
            "properties": {
              "prop_name": "angle_y"
            }
          },
          "Angle Z": {
            "bl_idname": "SvStringsSocket",
            "name": "Angle Z",
            "attributes": {
              "hide": true
            },
            "properties": {
              "prop_name": "angle_z"
            }
          },
          "Axis": {
            "bl_idname": "SvVerticesSocket",
            "name": "Axis",
            "properties": {
              "prop_name": "axis"
            }
          },
          "Angle": {
            "bl_idname": "SvStringsSocket",
            "name": "Angle",
            "properties": {
              "prop_name": "angle"
            }
          }
        },
        "outputs": {
          "Matrices": {
            "bl_idname": "SvMatrixSocket",
            "name": "Matrices"
          }
        },
        "bl_idname": "SvMatrixInNodeMK4"
      },
      "Number Range": {
        "attributes": {
          "location": [
            -1772.9782943725586,
            -1266.1496810913086
          ],
          "parent": {
            "type": "NODE",
            "value": "Frame"
          }
        },
        "properties": {
          "count_": 5,
          "current_mode": "RANGE_COUNT",
          "range_mode": "RANGE_COUNT",
          "start_float": -0.699999988079071,
          "stop_float": 0.5
        },
        "inputs": {
          "Start": {
            "bl_idname": "SvStringsSocket",
            "name": "Start",
            "properties": {
              "prop_name": "start_float"
            }
          },
          "Step": {
            "bl_idname": "SvStringsSocket",
            "name": "Step",
            "properties": {
              "prop_name": "stop_float",
              "label": "stop"
            }
          },
          "Stop": {
            "bl_idname": "SvStringsSocket",
            "name": "Stop",
            "properties": {
              "prop_name": "count_",
              "label": "count"
            }
          }
        },
        "outputs": {
          "Range": {
            "bl_idname": "SvStringsSocket",
            "name": "Range"
          }
        },
        "bl_idname": "SvGenNumberRange"
      },
      "Regular Solid": {
        "attributes": {
          "location": [
            -1787.5869979858398,
            -821.1177597045898
          ],
          "parent": {
            "type": "NODE",
            "value": "Frame.003"
          }
        },
        "properties": {
          "dual": true,
          "eTrunc": 0.14800000190734863,
          "size": 1.5,
          "snub": "Right",
          "source": "12",
          "vTrunc": 0.9750000238418579
        },
        "inputs": {
          "size": {
            "bl_idname": "SvStringsSocket",
            "name": "size",
            "properties": {
              "prop_name": "size"
            }
          },
          "vTrunc": {
            "bl_idname": "SvStringsSocket",
            "name": "vTrunc",
            "properties": {
              "prop_name": "vTrunc"
            }
          },
          "eTrunc": {
            "bl_idname": "SvStringsSocket",
            "name": "eTrunc",
            "properties": {
              "prop_name": "eTrunc"
            }
          }
        },
        "outputs": {
          "Vertices": {
            "bl_idname": "SvVerticesSocket",
            "name": "Vertices"
          },
          "Edges": {
            "bl_idname": "SvStringsSocket",
            "name": "Edges"
          },
          "Polygons": {
            "bl_idname": "SvStringsSocket",
            "name": "Polygons"
          }
        },
        "bl_idname": "SvRegularSolid"
      },
      "Scalar Math.001": {
        "attributes": {
          "location": [
            -1762.8115463256836,
            -1153.5791244506836
          ],
          "width": 127.0509033203125,
          "parent": {
            "type": "NODE",
            "value": "Frame"
          }
        },
        "properties": {
          "current_op": "NEG"
        },
        "inputs": {
          "x": {
            "bl_idname": "SvStringsSocket",
            "name": "x",
            "properties": {
              "prop_name": "x_"
            }
          }
        },
        "outputs": {
          "Out": {
            "bl_idname": "SvStringsSocket",
            "name": "Out"
          }
        },
        "bl_idname": "SvScalarMathNodeMK4"
      },
      "VD Experimental.001": {
        "attributes": {
          "location": [
            310.2431411743164,
            -677.4802169799805
          ],
          "color": [
            0.6284880042076111,
            0.931007981300354,
            1.0
          ],
          "use_custom_color": true,
          "parent": {
            "type": "NODE",
            "value": "Frame.004"
          }
        },
        "properties": {
          "display_verts": false,
          "edge_color": [
            0.048368118703365326,
            0.8999999165534973,
            0.058125089854002,
            1.0
          ],
          "line_width": 2,
          "polygon_color": [
            0.010483639314770699,
            1.0,
            0.0129276467487216,
            0.5
          ]
        },
        "inputs": {
          "Vertices": {
            "bl_idname": "SvVerticesSocket",
            "name": "Vertices",
            "properties": {
              "custom_draw": "draw_property_socket"
            }
          },
          "Edges": {
            "bl_idname": "SvStringsSocket",
            "name": "Edges",
            "properties": {
              "custom_draw": "draw_property_socket"
            }
          },
          "Polygons": {
            "bl_idname": "SvStringsSocket",
            "name": "Polygons"
          },
          "Matrix": {
            "bl_idname": "SvMatrixSocket",
            "name": "Matrix"
          },
          "Vector Color": {
            "bl_idname": "SvColorSocket",
            "name": "Vector Color",
            "properties": {
              "custom_draw": "draw_color_socket",
              "prop_name": "vector_color"
            }
          },
          "Edge Color": {
            "bl_idname": "SvColorSocket",
            "name": "Edge Color",
            "properties": {
              "custom_draw": "draw_color_socket",
              "prop_name": "edge_color"
            }
          },
          "Polygon Color": {
            "bl_idname": "SvColorSocket",
            "name": "Polygon Color",
            "properties": {
              "custom_draw": "draw_color_socket",
              "prop_name": "polygon_color"
            }
          },
          "attrs": {
            "bl_idname": "SvStringsSocket",
            "name": "attrs",
            "attributes": {
              "hide": true
            },
            "properties": {
              "quick_link_to_node": "SvVDAttrsNodeMk2"
            }
          }
        },
        "bl_idname": "SvViewerDrawMk4"
      },
      "VD Experimental.002": {
        "attributes": {
          "location": [
            310.2558364868164,
            -1019.1972579956055
          ],
          "color": [
            0.6284880042076111,
            0.931007981300354,
            1.0
          ],
          "use_custom_color": true,
          "parent": {
            "type": "NODE",
            "value": "Frame.004"
          }
        },
        "properties": {
          "display_verts": false,
          "edge_color": [
            0.37899211049079895,
            0.8089581727981567,
            1.0,
            1.0
          ],
          "line_width": 2,
          "polygon_color": [
            0.024912556633353233,
            0.4465143382549286,
            1.0,
            0.5
          ]
        },
        "inputs": {
          "Vertices": {
            "bl_idname": "SvVerticesSocket",
            "name": "Vertices",
            "properties": {
              "custom_draw": "draw_property_socket"
            }
          },
          "Edges": {
            "bl_idname": "SvStringsSocket",
            "name": "Edges",
            "properties": {
              "custom_draw": "draw_property_socket"
            }
          },
          "Polygons": {
            "bl_idname": "SvStringsSocket",
            "name": "Polygons"
          },
          "Matrix": {
            "bl_idname": "SvMatrixSocket",
            "name": "Matrix"
          },
          "Vector Color": {
            "bl_idname": "SvColorSocket",
            "name": "Vector Color",
            "properties": {
              "custom_draw": "draw_color_socket",
              "prop_name": "vector_color"
            }
          },
          "Edge Color": {
            "bl_idname": "SvColorSocket",
            "name": "Edge Color",
            "properties": {
              "custom_draw": "draw_color_socket",
              "prop_name": "edge_color"
            }
          },
          "Polygon Color": {
            "bl_idname": "SvColorSocket",
            "name": "Polygon Color",
            "properties": {
              "custom_draw": "draw_color_socket",
              "prop_name": "polygon_color"
            }
          },
          "attrs": {
            "bl_idname": "SvStringsSocket",
            "name": "attrs",
            "attributes": {
              "hide": true
            },
            "properties": {
              "quick_link_to_node": "SvVDAttrsNodeMk2"
            }
          }
        },
        "bl_idname": "SvViewerDrawMk4"
      },
      "VD Experimental.003": {
        "attributes": {
          "location": [
            -1369.9788436889648,
            -622.2179489135742
          ],
          "color": [
            0.6284880042076111,
            0.931007981300354,
            1.0
          ],
          "use_custom_color": true,
          "parent": {
            "type": "NODE",
            "value": "Frame.003"
          }
        },
        "properties": {
          "display_faces": false,
          "display_verts": false,
          "edge_color": [
            0.20071381330490112,
            0.39311447739601135,
            0.20071381330490112,
            1.0
          ],
          "polygon_color": [
            0.5,
            1.0,
            0.5,
            1.0
          ],
          "random_seed": 2,
          "selected_draw_mode": "facet",
          "u_dash_size": 0.30000001192092896,
          "u_gap_size": 0.20000000298023224,
          "activate": false
        },
        "inputs": {
          "Vertices": {
            "bl_idname": "SvVerticesSocket",
            "name": "Vertices",
            "properties": {
              "custom_draw": "draw_property_socket"
            }
          },
          "Edges": {
            "bl_idname": "SvStringsSocket",
            "name": "Edges",
            "properties": {
              "custom_draw": "draw_property_socket"
            }
          },
          "Polygons": {
            "bl_idname": "SvStringsSocket",
            "name": "Polygons"
          },
          "Matrix": {
            "bl_idname": "SvMatrixSocket",
            "name": "Matrix"
          },
          "Vector Color": {
            "bl_idname": "SvColorSocket",
            "name": "Vector Color",
            "properties": {
              "custom_draw": "draw_color_socket",
              "prop_name": "vector_color"
            }
          },
          "Edge Color": {
            "bl_idname": "SvColorSocket",
            "name": "Edge Color",
            "properties": {
              "custom_draw": "draw_color_socket",
              "prop_name": "edge_color"
            }
          },
          "Polygon Color": {
            "bl_idname": "SvColorSocket",
            "name": "Polygon Color",
            "properties": {
              "custom_draw": "draw_color_socket",
              "prop_name": "polygon_color"
            }
          },
          "attrs": {
            "bl_idname": "SvStringsSocket",
            "name": "attrs",
            "attributes": {
              "hide": true
            },
            "properties": {
              "quick_link_to_node": "SvVDAttrsNodeMk2"
            }
          }
        },
        "bl_idname": "SvViewerDrawMk4"
      },
      "Vector X | Y | Z": {
        "attributes": {
          "location": [
            -2113.175178527832,
            -1679.0859756469727
          ],
          "width": 179.5294189453125,
          "parent": {
            "type": "NODE",
            "value": "Frame.002"
          }
        },
        "properties": {
          "axis_x": "0",
          "axis_z": "0"
        },
        "outputs": {
          "Vector": {
            "bl_idname": "SvVerticesSocket",
            "name": "Vector"
          }
        },
        "bl_idname": "SvAxisInputNodeMK2"
      },
      "Vector X | Y | Z.001": {
        "attributes": {
          "location": [
            -2112.067756652832,
            -1770.0683975219727
          ],
          "width": 179.5294189453125,
          "parent": {
            "type": "NODE",
            "value": "Frame.002"
          }
        },
        "properties": {
          "axis_y": "0",
          "axis_z": "0"
        },
        "outputs": {
          "Vector": {
            "bl_idname": "SvVerticesSocket",
            "name": "Vector"
          }
        },
        "bl_idname": "SvAxisInputNodeMK2"
      },
      "Vectors in.004": {
        "attributes": {
          "location": [
            -1555.8435287475586,
            -1263.5722885131836
          ],
          "width": 100.0,
          "hide": true,
          "parent": {
            "type": "NODE",
            "value": "Frame"
          }
        },
        "inputs": {
          "X": {
            "bl_idname": "SvStringsSocket",
            "name": "X",
            "properties": {
              "prop_name": "x_"
            }
          },
          "Y": {
            "bl_idname": "SvStringsSocket",
            "name": "Y",
            "properties": {
              "prop_name": "y_"
            }
          },
          "Z": {
            "bl_idname": "SvStringsSocket",
            "name": "Z",
            "properties": {
              "prop_name": "z_"
            }
          }
        },
        "outputs": {
          "Vectors": {
            "bl_idname": "SvVerticesSocket",
            "name": "Vectors"
          }
        },
        "bl_idname": "GenVectorsNode"
      },
      "Vectors in.005": {
        "attributes": {
          "location": [
            -1552.6780014038086,
            -1318.3047103881836
          ],
          "width": 100.0,
          "hide": true,
          "parent": {
            "type": "NODE",
            "value": "Frame"
          }
        },
        "inputs": {
          "X": {
            "bl_idname": "SvStringsSocket",
            "name": "X",
            "properties": {
              "prop_name": "x_"
            }
          },
          "Y": {
            "bl_idname": "SvStringsSocket",
            "name": "Y",
            "properties": {
              "prop_name": "y_"
            }
          },
          "Z": {
            "bl_idname": "SvStringsSocket",
            "name": "Z",
            "properties": {
              "prop_name": "z_"
            }
          }
        },
        "outputs": {
          "Vectors": {
            "bl_idname": "SvVerticesSocket",
            "name": "Vectors"
          }
        },
        "bl_idname": "GenVectorsNode"
      },
      "Viewer Draw": {
        "attributes": {
          "location": [
            -1169.4592514038086,
            -1558.573631286621
          ],
          "color": [
            0.6284880042076111,
            0.931007981300354,
            1.0
          ],
          "use_custom_color": true,
          "parent": {
            "type": "NODE",
            "value": "Frame"
          }
        },
        "properties": {
          "activate": false
        },
        "inputs": {
          "Vertices": {
            "bl_idname": "SvVerticesSocket",
            "name": "Vertices",
            "properties": {
              "custom_draw": "draw_property_socket"
            }
          },
          "Edges": {
            "bl_idname": "SvStringsSocket",
            "name": "Edges",
            "properties": {
              "custom_draw": "draw_property_socket"
            }
          },
          "Polygons": {
            "bl_idname": "SvStringsSocket",
            "name": "Polygons"
          },
          "Matrix": {
            "bl_idname": "SvMatrixSocket",
            "name": "Matrix"
          },
          "Vector Color": {
            "bl_idname": "SvColorSocket",
            "name": "Vector Color",
            "properties": {
              "custom_draw": "draw_color_socket",
              "prop_name": "vector_color"
            }
          },
          "Edge Color": {
            "bl_idname": "SvColorSocket",
            "name": "Edge Color",
            "properties": {
              "custom_draw": "draw_color_socket",
              "prop_name": "edge_color"
            }
          },
          "Polygon Color": {
            "bl_idname": "SvColorSocket",
            "name": "Polygon Color",
            "properties": {
              "custom_draw": "draw_color_socket",
              "prop_name": "polygon_color"
            }
          },
          "attrs": {
            "bl_idname": "SvStringsSocket",
            "name": "attrs",
            "attributes": {
              "hide": true
            },
            "properties": {
              "quick_link_to_node": "SvVDAttrsNodeMk2"
            }
          }
        },
        "bl_idname": "SvViewerDrawMk4"
      },
      "Viewer Draw.001": {
        "attributes": {
          "location": [
            -1169.763328552246,
            -1223.0136947631836
          ],
          "color": [
            0.6284880042076111,
            0.931007981300354,
            1.0
          ],
          "use_custom_color": true,
          "parent": {
            "type": "NODE",
            "value": "Frame"
          }
        },
        "properties": {
          "activate": false
        },
        "inputs": {
          "Vertices": {
            "bl_idname": "SvVerticesSocket",
            "name": "Vertices",
            "properties": {
              "custom_draw": "draw_property_socket"
            }
          },
          "Edges": {
            "bl_idname": "SvStringsSocket",
            "name": "Edges",
            "properties": {
              "custom_draw": "draw_property_socket"
            }
          },
          "Polygons": {
            "bl_idname": "SvStringsSocket",
            "name": "Polygons"
          },
          "Matrix": {
            "bl_idname": "SvMatrixSocket",
            "name": "Matrix"
          },
          "Vector Color": {
            "bl_idname": "SvColorSocket",
            "name": "Vector Color",
            "properties": {
              "custom_draw": "draw_color_socket",
              "prop_name": "vector_color"
            }
          },
          "Edge Color": {
            "bl_idname": "SvColorSocket",
            "name": "Edge Color",
            "properties": {
              "custom_draw": "draw_color_socket",
              "prop_name": "edge_color"
            }
          },
          "Polygon Color": {
            "bl_idname": "SvColorSocket",
            "name": "Polygon Color",
            "properties": {
              "custom_draw": "draw_color_socket",
              "prop_name": "polygon_color"
            }
          },
          "attrs": {
            "bl_idname": "SvStringsSocket",
            "name": "attrs",
            "attributes": {
              "hide": true
            },
            "properties": {
              "quick_link_to_node": "SvVDAttrsNodeMk2"
            }
          }
        },
        "bl_idname": "SvViewerDrawMk4"
      },
      "Wafel": {
        "attributes": {
          "location": [
            -129.74417114257812,
            -989.2538986206055
          ],
          "parent": {
            "type": "NODE",
            "value": "Frame.004"
          }
        },
        "properties": {
          "circle_rad": 0.019999999552965164,
          "do_contra": true,
          "out_up_down": "Down",
          "threshold": 10.0
        },
        "inputs": {
          "vecLine": {
            "bl_idname": "SvVerticesSocket",
            "name": "vecLine"
          },
          "vecPlane": {
            "bl_idname": "SvVerticesSocket",
            "name": "vecPlane"
          },
          "edgPlane": {
            "bl_idname": "SvStringsSocket",
            "name": "edgPlane"
          },
          "thick": {
            "bl_idname": "SvStringsSocket",
            "name": "thick",
            "properties": {
              "prop_name": "thick"
            }
          },
          "vecContr": {
            "bl_idname": "SvVerticesSocket",
            "name": "vecContr"
          }
        },
        "outputs": {
          "vert": {
            "bl_idname": "SvVerticesSocket",
            "name": "vert"
          },
          "edge": {
            "bl_idname": "SvStringsSocket",
            "name": "edge"
          },
          "centers": {
            "bl_idname": "SvVerticesSocket",
            "name": "centers"
          }
        },
        "bl_idname": "SvWafelNode"
      },
      "Wafel.003": {
        "attributes": {
          "location": [
            -133.48971557617188,
            -696.3967819213867
          ],
          "parent": {
            "type": "NODE",
            "value": "Frame.004"
          }
        },
        "properties": {
          "circle_rad": 0.019999999552965164,
          "do_contra": true,
          "threshold": 10.0
        },
        "inputs": {
          "vecLine": {
            "bl_idname": "SvVerticesSocket",
            "name": "vecLine"
          },
          "vecPlane": {
            "bl_idname": "SvVerticesSocket",
            "name": "vecPlane"
          },
          "edgPlane": {
            "bl_idname": "SvStringsSocket",
            "name": "edgPlane"
          },
          "thick": {
            "bl_idname": "SvStringsSocket",
            "name": "thick",
            "properties": {
              "prop_name": "thick"
            }
          },
          "vecContr": {
            "bl_idname": "SvVerticesSocket",
            "name": "vecContr"
          }
        },
        "outputs": {
          "vert": {
            "bl_idname": "SvVerticesSocket",
            "name": "vert"
          },
          "edge": {
            "bl_idname": "SvStringsSocket",
            "name": "edge"
          },
          "centers": {
            "bl_idname": "SvVerticesSocket",
            "name": "centers"
          }
        },
        "bl_idname": "SvWafelNode"
      },
      "Reroute": {
        "attributes": {
          "location": [
            -1423.9230575561523,
            -722.9023971557617
          ],
          "width": 16.0,
          "parent": {
            "type": "NODE",
            "value": "Frame.003"
          }
        },
        "inputs": {
          "Input": {
            "bl_idname": "NodeSocketColor",
            "name": "Input"
          }
        },
        "outputs": {
          "Output": {
            "bl_idname": "NodeSocketColor",
            "name": "Output"
          }
        },
        "bl_idname": "NodeReroute"
      },
      "Reroute.001": {
        "attributes": {
          "location": [
            -1431.7492294311523,
            -822.8594589233398
          ],
          "width": 16.0,
          "parent": {
            "type": "NODE",
            "value": "Frame.003"
          }
        },
        "inputs": {
          "Input": {
            "bl_idname": "NodeSocketColor",
            "name": "Input"
          }
        },
        "outputs": {
          "Output": {
            "bl_idname": "NodeSocketColor",
            "name": "Output"
          }
        },
        "bl_idname": "NodeReroute"
      },
      "Matrix In": {
        "attributes": {
          "location": [
            -1369.763328552246,
            -1223.0136947631836
          ],
          "parent": {
            "type": "NODE",
            "value": "Frame"
          }
        },
        "inputs": {
          "Location": {
            "bl_idname": "SvVerticesSocket",
            "name": "Location",
            "properties": {
              "prop_name": "location_"
            }
          },
          "Scale": {
            "bl_idname": "SvVerticesSocket",
            "name": "Scale",
            "properties": {
              "prop_name": "scale"
            }
          },
          "Quaternion": {
            "bl_idname": "SvQuaternionSocket",
            "name": "Quaternion",
            "attributes": {
              "hide": true
            },
            "properties": {
              "prop_name": "quaternion"
            }
          },
          "Angle X": {
            "bl_idname": "SvStringsSocket",
            "name": "Angle X",
            "attributes": {
              "hide": true
            },
            "properties": {
              "prop_name": "angle_x"
            }
          },
          "Angle Y": {
            "bl_idname": "SvStringsSocket",
            "name": "Angle Y",
            "attributes": {
              "hide": true
            },
            "properties": {
              "prop_name": "angle_y"
            }
          },
          "Angle Z": {
            "bl_idname": "SvStringsSocket",
            "name": "Angle Z",
            "attributes": {
              "hide": true
            },
            "properties": {
              "prop_name": "angle_z"
            }
          },
          "Axis": {
            "bl_idname": "SvVerticesSocket",
            "name": "Axis",
            "properties": {
              "prop_name": "axis"
            }
          },
          "Angle": {
            "bl_idname": "SvStringsSocket",
            "name": "Angle",
            "properties": {
              "prop_name": "angle"
            }
          }
        },
        "outputs": {
          "Matrices": {
            "bl_idname": "SvMatrixSocket",
            "name": "Matrices"
          }
        },
        "bl_idname": "SvMatrixInNodeMK4"
      },
      "Bisect": {
        "attributes": {
          "location": [
            -894.5673446655273,
            -725.8950424194336
          ],
          "width": 148.62173461914062,
          "parent": {
            "type": "NODE",
            "value": "Frame.001"
          }
        },
        "properties": {
          "fill": true,
          "inner": true,
          "outer": true
        },
        "inputs": {
          "vertices": {
            "bl_idname": "SvVerticesSocket",
            "name": "vertices",
            "properties": {
              "is_mandatory": true
            }
          },
          "edg_pol": {
            "bl_idname": "SvStringsSocket",
            "name": "edg_pol",
            "properties": {
              "is_mandatory": true
            }
          },
          "cut_matrix": {
            "bl_idname": "SvMatrixSocket",
            "name": "cut_matrix",
            "properties": {
              "nesting_level": 2,
              "default_mode": "MATRIX"
            }
          }
        },
        "outputs": {
          "vertices": {
            "bl_idname": "SvVerticesSocket",
            "name": "vertices"
          },
          "edges": {
            "bl_idname": "SvStringsSocket",
            "name": "edges"
          },
          "polygons": {
            "bl_idname": "SvStringsSocket",
            "name": "polygons"
          }
        },
        "bl_idname": "SvBisectNode"
      },
      "Bisect.001": {
        "attributes": {
          "location": [
            -885.0106430053711,
            -1037.5461654663086
          ],
          "width": 151.08511352539062,
          "parent": {
            "type": "NODE",
            "value": "Frame.001"
          }
        },
        "properties": {
          "fill": true,
          "outer": true,
          "inner": true
        },
        "inputs": {
          "vertices": {
            "bl_idname": "SvVerticesSocket",
            "name": "vertices",
            "properties": {
              "is_mandatory": true
            }
          },
          "edg_pol": {
            "bl_idname": "SvStringsSocket",
            "name": "edg_pol",
            "properties": {
              "is_mandatory": true
            }
          },
          "cut_matrix": {
            "bl_idname": "SvMatrixSocket",
            "name": "cut_matrix",
            "properties": {
              "nesting_level": 2,
              "default_mode": "MATRIX"
            }
          }
        },
        "outputs": {
          "vertices": {
            "bl_idname": "SvVerticesSocket",
            "name": "vertices"
          },
          "edges": {
            "bl_idname": "SvStringsSocket",
            "name": "edges"
          },
          "polygons": {
            "bl_idname": "SvStringsSocket",
            "name": "polygons"
          }
        },
        "bl_idname": "SvBisectNode"
      },
      "Bisect.002": {
        "attributes": {
          "location": [
            -627.7307968139648,
            -824.0974349975586
          ],
          "parent": {
            "type": "NODE",
            "value": "Frame.001"
          }
        },
        "properties": {
          "inner": true,
          "outer": true
        },
        "inputs": {
          "vertices": {
            "bl_idname": "SvVerticesSocket",
            "name": "vertices",
            "properties": {
              "is_mandatory": true
            }
          },
          "edg_pol": {
            "bl_idname": "SvStringsSocket",
            "name": "edg_pol",
            "properties": {
              "is_mandatory": true
            }
          },
          "cut_matrix": {
            "bl_idname": "SvMatrixSocket",
            "name": "cut_matrix",
            "properties": {
              "nesting_level": 2,
              "default_mode": "MATRIX"
            }
          }
        },
        "outputs": {
          "vertices": {
            "bl_idname": "SvVerticesSocket",
            "name": "vertices"
          },
          "edges": {
            "bl_idname": "SvStringsSocket",
            "name": "edges"
          },
          "polygons": {
            "bl_idname": "SvStringsSocket",
            "name": "polygons"
          }
        },
        "bl_idname": "SvBisectNode"
      },
      "Note.001": {
        "attributes": {
          "location": [
            -872.0060043334961,
            -496.7744369506836
          ],
          "width": 320.0,
          "label": "2014_11_29 (2019_11_29 updated)",
          "color": [
            1.0,
            0.8993440270423889,
            0.9742509722709656
          ],
          "use_custom_color": true,
          "parent": {
            "type": "NODE",
            "value": "Frame.001"
          }
        },
        "properties": {
          "n_id": "-9119609101607395338",
          "show_text": false,
          "text": "This layout completely was developed by Nikitron\nWaffel layout represents power of simple math\nthat makes possible manufacturing from 3D"
        },
        "inputs": {
          "Text In": {
            "bl_idname": "SvStringsSocket",
            "name": "Text In"
          }
        },
        "outputs": {
          "Text Out": {
            "bl_idname": "SvStringsSocket",
            "name": "Text Out"
          }
        },
        "bl_idname": "NoteNode"
      }
    },
    "links": [
      {
        "from_node": "Wafel.003",
        "from_socket": "vert",
        "to_node": "Edges to Faces 2D",
        "to_socket": "Verts"
      },
      {
        "from_node": "Wafel.003",
        "from_socket": "edge",
        "to_node": "Edges to Faces 2D",
        "to_socket": "Edges"
      },
      {
        "from_node": "Wafel",
        "from_socket": "vert",
        "to_node": "Edges to Faces 2D.001",
        "to_socket": "Verts"
      },
      {
        "from_node": "Wafel",
        "from_socket": "edge",
        "to_node": "Edges to Faces 2D.001",
        "to_socket": "Edges"
      },
      {
        "from_node": "Regular Solid",
        "from_socket": "Vertices",
        "to_node": "Extrude Separate Faces",
        "to_socket": "Vertices"
      },
      {
        "from_node": "Regular Solid",
        "from_socket": "Polygons",
        "to_node": "Extrude Separate Faces",
        "to_socket": "Polygons"
      },
      {
        "from_node": "Bisect",
        "from_socket": "vertices",
        "to_node": "List Item",
        "to_socket": "Data"
      },
      {
        "from_node": "A Number.003",
        "from_socket": "Float",
        "to_node": "List Repeater",
        "to_socket": "Data"
      },
      {
        "from_node": "A Number.002",
        "from_socket": "Int",
        "to_node": "List Repeater",
        "to_socket": "Number"
      },
      {
        "from_node": "Vectors in.005",
        "from_socket": "Vectors",
        "to_node": "Matrix In.001",
        "to_socket": "Location"
      },
      {
        "from_node": "Vector X | Y | Z.001",
        "from_socket": "Vector",
        "to_node": "Matrix In.001",
        "to_socket": "Axis"
      },
      {
        "from_node": "List Repeater",
        "from_socket": "Data",
        "to_node": "Matrix In.001",
        "to_socket": "Angle"
      },
      {
        "from_node": "Scalar Math.001",
        "from_socket": "Out",
        "to_node": "Number Range",
        "to_socket": "Start"
      },
      {
        "from_node": "A Number.001",
        "from_socket": "Float",
        "to_node": "Number Range",
        "to_socket": "Step"
      },
      {
        "from_node": "A Number.002",
        "from_socket": "Int",
        "to_node": "Number Range",
        "to_socket": "Stop"
      },
      {
        "from_node": "A Number.001",
        "from_socket": "Float",
        "to_node": "Scalar Math.001",
        "to_socket": "x"
      },
      {
        "from_node": "Edges to Faces 2D",
        "from_socket": "Verts",
        "to_node": "VD Experimental.001",
        "to_socket": "Vertices"
      },
      {
        "from_node": "Edges to Faces 2D",
        "from_socket": "Faces",
        "to_node": "VD Experimental.001",
        "to_socket": "Polygons"
      },
      {
        "from_node": "Edges to Faces 2D.001",
        "from_socket": "Verts",
        "to_node": "VD Experimental.002",
        "to_socket": "Vertices"
      },
      {
        "from_node": "Edges to Faces 2D.001",
        "from_socket": "Faces",
        "to_node": "VD Experimental.002",
        "to_socket": "Polygons"
      },
      {
        "from_node": "Reroute",
        "from_socket": "Output",
        "to_node": "VD Experimental.003",
        "to_socket": "Vertices"
      },
      {
        "from_node": "Reroute.001",
        "from_socket": "Output",
        "to_node": "VD Experimental.003",
        "to_socket": "Polygons"
      },
      {
        "from_node": "Number Range",
        "from_socket": "Range",
        "to_node": "Vectors in.004",
        "to_socket": "X"
      },
      {
        "from_node": "Number Range",
        "from_socket": "Range",
        "to_node": "Vectors in.005",
        "to_socket": "Y"
      },
      {
        "from_node": "Matrix In.001",
        "from_socket": "Matrices",
        "to_node": "Viewer Draw",
        "to_socket": "Matrix"
      },
      {
        "from_node": "Matrix In",
        "from_socket": "Matrices",
        "to_node": "Viewer Draw.001",
        "to_socket": "Matrix"
      },
      {
        "from_node": "Bisect.002",
        "from_socket": "vertices",
        "to_node": "Wafel",
        "to_socket": "vecLine"
      },
      {
        "from_node": "Bisect.001",
        "from_socket": "vertices",
        "to_node": "Wafel",
        "to_socket": "vecPlane"
      },
      {
        "from_node": "Bisect.001",
        "from_socket": "polygons",
        "to_node": "Wafel",
        "to_socket": "edgPlane"
      },
      {
        "from_node": "A Number",
        "from_socket": "Float",
        "to_node": "Wafel",
        "to_socket": "thick"
      },
      {
        "from_node": "List Item",
        "from_socket": "Item_001",
        "to_node": "Wafel",
        "to_socket": "vecContr"
      },
      {
        "from_node": "Bisect.002",
        "from_socket": "vertices",
        "to_node": "Wafel.003",
        "to_socket": "vecLine"
      },
      {
        "from_node": "Bisect",
        "from_socket": "vertices",
        "to_node": "Wafel.003",
        "to_socket": "vecPlane"
      },
      {
        "from_node": "Bisect",
        "from_socket": "polygons",
        "to_node": "Wafel.003",
        "to_socket": "edgPlane"
      },
      {
        "from_node": "A Number",
        "from_socket": "Float",
        "to_node": "Wafel.003",
        "to_socket": "thick"
      },
      {
        "from_node": "List Item",
        "from_socket": "Item_001",
        "to_node": "Wafel.003",
        "to_socket": "vecContr"
      },
      {
        "from_node": "Extrude Separate Faces",
        "from_socket": "Vertices",
        "to_node": "Reroute",
        "to_socket": "Input"
      },
      {
        "from_node": "Extrude Separate Faces",
        "from_socket": "Polygons",
        "to_node": "Reroute.001",
        "to_socket": "Input"
      },
      {
        "from_node": "Vectors in.004",
        "from_socket": "Vectors",
        "to_node": "Matrix In",
        "to_socket": "Location"
      },
      {
        "from_node": "Vector X | Y | Z",
        "from_socket": "Vector",
        "to_node": "Matrix In",
        "to_socket": "Axis"
      },
      {
        "from_node": "List Repeater",
        "from_socket": "Data",
        "to_node": "Matrix In",
        "to_socket": "Angle"
      },
      {
        "from_node": "Reroute",
        "from_socket": "Output",
        "to_node": "Bisect",
        "to_socket": "vertices"
      },
      {
        "from_node": "Reroute.001",
        "from_socket": "Output",
        "to_node": "Bisect",
        "to_socket": "edg_pol"
      },
      {
        "from_node": "Matrix In",
        "from_socket": "Matrices",
        "to_node": "Bisect",
        "to_socket": "cut_matrix"
      },
      {
        "from_node": "Reroute",
        "from_socket": "Output",
        "to_node": "Bisect.001",
        "to_socket": "vertices"
      },
      {
        "from_node": "Reroute.001",
        "from_socket": "Output",
        "to_node": "Bisect.001",
        "to_socket": "edg_pol"
      },
      {
        "from_node": "Matrix In.001",
        "from_socket": "Matrices",
        "to_node": "Bisect.001",
        "to_socket": "cut_matrix"
      },
      {
        "from_node": "Bisect",
        "from_socket": "vertices",
        "to_node": "Bisect.002",
        "to_socket": "vertices"
      },
      {
        "from_node": "Bisect",
        "from_socket": "polygons",
        "to_node": "Bisect.002",
        "to_socket": "edg_pol"
      },
      {
        "from_node": "Matrix In.001",
        "from_socket": "Matrices",
        "to_node": "Bisect.002",
        "to_socket": "cut_matrix"
      }
    ]
  }
}